"","Colony","Fragment","BTag","Phenotype","Treatment","Temperature","Tank","Tile","DaysAlive","Censored","MassG.day0","MassG.day8","MassG.day15","MassG.day22","FvFm.day1","FvFm.day8","FvFm.day15","FvFm.day22","CoralR.day0","CoralR.day1","CoralR.day22","Bacteria","MR.day8","MR.day15","MR.day22"
"1","S22",2,"B1","Sym","PDF","Elevated (30C)","E1",5,22,"N",0.242,0.248,0.252,0.241,0.134,0.296,0.066,0.052,0.32361,0.44335,0.47564,"SW",-0.0123,-0.00151,-0.00344
"2","A2",10,"B10","Apo","NDF","Elevated (30C)","G1",15,1,"N",0.177,0.149,NA,NA,0.167,0.517,NA,NA,0.255,0.3677,NA,"SW",-0.00483,NA,NA
"3","A3",4,"B11","Apo","NDF","Elevated (30C)","G1",15,19,"N",0.299,0.277,0.281,NA,0.236,0.265,0.072,NA,0.44351,0.58294,NA,"EC",NA,-0.00567,NA
"4","A3",12,"B12","Apo","NDF","Elevated (30C)","G1",15,21,"N",0.196,0.217,0.173,NA,0.081,0.2,0.051,NA,0.39961,0.55034,NA,"SW",-0.00631,-0.00436,NA
"5","S4",1,"B13","Sym","PDS","Elevated (30C)","A2",17,22,"N",0.051,0.041,0.035,0.033,0.259,0.089,0.158,0.076,0.39911,0.35877,0.61264,"EC",-0.01163,-0.00761,-0.01142
"6","S20",3,"B1315","Sym","Control","Ambient (19C)","Tray",87,22,"N",0.33,NA,NA,0.309,NA,NA,NA,0.275,0.33302,NA,0.32507,NA,NA,NA,NA
"7","S4",8,"B14","Sym","PDS","Elevated (30C)","A2",17,22,"N",0.119,0.093,0.091,0.089,0.219,0.11,0.201,0.045,0.45726,0.44589,0.63215,"SW",-0.00555,-0.00354,-0.00316
"8","S4",17,"B15","Sym","PDS","Elevated (30C)","A2",17,22,"N",0.261,0.243,0.24,0.236,0.322,0.129,0.172,0.093,0.34244,0.40593,0.48784,"EC",-0.02377,-0.00559,-0.0094
"9","S18",3,"B189","Sym","Control","Ambient (19C)","Tray",86,22,"N",0.291,NA,NA,0.282,NA,NA,NA,0.341,0.39524,NA,0.40509,NA,NA,NA,NA
"10","S19",1,"B1938","Sym","Control","Ambient (19C)","Tray",86,22,"N",0.252,NA,NA,0.252,NA,NA,NA,0.425,0.27166,NA,0.42406,"EC",NA,NA,-0.04253
"11","S25",1,"B2","Sym","PDF","Elevated (30C)","E1",5,22,"N",0.286,0.279,0.27,0.261,0.243,0.179,0.148,0.312,0.2748,0.4353,0.57612,"EC",-0.0457,-0.01148,-0.0545
"12","S5",2,"B20","Sym","PDS","Elevated (30C)","A2",17,22,"N",0.116,0.097,0.098,0.101,0.298,0.059,0.188,0.115,0.40641,0.44555,0.60432,"SW",-0.00443,-0.00294,-0.00094
"13","S6",3,"B21","Sym","PDS","Elevated (30C)","A2",17,13,"N",0.041,0.038,NA,NA,0.096,0.504,NA,NA,0.41699,0.41285,NA,"EC",-0.01354,NA,NA
"14","A1",7,"B22","Apo","NLF","Elevated (30C)","H1",16,22,"N",0.114,0.137,0.161,0.141,0.131,0.176,0.31,0.397,0.59692,0.49901,0.39409,"SW",-0.00562,-0.00601,-0.00608
"15","A2",3,"B23","Apo","NLF","Elevated (30C)","H1",16,18,"N",0.162,0.096,0.098,NA,0.176,0.176,0.067,NA,0.51963,0.52828,NA,"EC",-0.09761,-0.00976,NA
"16","S18",4,"B233","Sym","Control","Ambient (19C)","Tray",87,22,"N",0.387,NA,NA,0.35,NA,NA,NA,0.39,0.20135,NA,0.37731,"EC",NA,NA,-0.07215
"17","A2",11,"B24","Apo","NLF","Elevated (30C)","H1",16,22,"N",0.239,0.213,0.214,0.198,0.17,0.129,0.11,0.324,0.56253,0.52877,0.29233,"SW",-0.00628,-0.00487,-0.00534
"18","A3",5,"B25","Apo","NLF","Elevated (30C)","H1",16,22,"N",0.083,0.074,0.079,0.073,0.138,0.213,0.054,0.223,0.46201,0.50723,0.53875,"EC",-0.01141,-0.01007,-0.00857
"19","A3",13,"B26","Apo","NLF","Elevated (30C)","H1",16,22,"N",0.298,0.291,0.303,0.299,0.161,0.163,0.06,0.446,0.38638,0.37194,0.37554,"SW",-0.00903,-0.00628,-0.00856
"20","S17",7,"B266","Sym","Control","Ambient (19C)","Tray",87,22,"N",0.35,NA,NA,0.343,NA,NA,NA,0.363,0.16748,NA,0.34903,"SW",NA,NA,-0.00548
"21","S4",18,"B27","Sym","PLS","Elevated (30C)","B2",18,22,"N",0.177,0.182,0.167,0.169,0.335,0.046,0.099,0.072,0.26098,0.29448,0.49559,"EC",-0.00885,-0.03204,-0.00845
"22","S18",5,"B2759","Sym","Control","Ambient (19C)","Tray",88,22,"N",0.391,NA,NA,0.376,NA,NA,NA,0.377,0.30902,NA,0.4055,NA,NA,NA,NA
"23","S4",2,"B28","Sym","PLS","Elevated (30C)","B2",18,22,"N",0.169,0.161,0.152,0.147,0.304,0.039,0.157,0.051,0.27661,0.42035,0.48282,"SW",-0.01327,-0.00455,-0.00395
"24","S4",9,"B29","Sym","PLS","Elevated (30C)","B2",18,8,"N",0.175,NA,NA,NA,0.17,NA,NA,NA,0.34096,0.3782,NA,NA,NA,NA,NA
"25","S27",2,"B3","Sym","PDF","Elevated (30C)","E1",5,22,"N",0.071,0.069,0.063,0.049,0.324,0.223,0.081,0.413,0.39183,0.45901,0.56202,"SW",-0.00951,-0.00736,-0.00562
"26","S5",3,"B30","Sym","PLS","Elevated (30C)","B2",18,22,"N",0.173,0.165,0.107,0.098,0.157,0.094,0.353,0.211,0.18461,0.31117,0.44903,"EC",-0.02239,-0.00908,-0.0578
"27","S6",4,"B31","Sym","PLS","Elevated (30C)","B2",18,22,"N",0.116,0.107,0.106,0.107,0.167,0.14,0.211,0.036,0.48042,0.40576,0.46414,"SW",-0.01669,-0.00848,-0.0083
"28","S4",3,"B32","Sym","NDS","Elevated (30C)","C2",19,8,"Y",0.094,NA,NA,NA,0.12,0.069,NA,NA,0.41711,0.36393,NA,NA,NA,NA,NA
"29","S4",10,"B33","Sym","NDS","Elevated (30C)","C2",19,22,"N",0.197,0.191,0.187,0.183,0.255,0.078,0.199,0.334,0.29403,0.40305,0.3299,"SW",-0.01097,-0.00102,-0.0018
"30","A22",3,"B3366","Apo","Control","Ambient (19C)","Tray",89,22,"N",0.266,NA,NA,0.225,NA,NA,NA,0.074,0.50229,NA,0.55855,NA,NA,NA,NA
"31","S30",2,"B34","Sym","NDS","Elevated (30C)","C2",19,22,"N",0.093,0.077,0.068,0.056,0.159,0.128,0.125,0.12,0.52774,0.44739,0.54259,"EC",-0.00744,-0.00565,-0.00725
"32","S5",4,"B35","Sym","NDS","Elevated (30C)","C2",19,22,"N",0.196,0.208,0.183,0.177,0.244,0.159,0.221,0.113,0.49093,0.38592,0.58356,"SW",-0.00376,-0.00269,-0.00214
"33","S6",5,"B36","Sym","NDS","Elevated (30C)","C2",19,22,"N",0.174,0.16,0.152,0.146,0.341,0.146,0.129,0.147,0.37253,0.3461,0.37409,"EC",-0.00975,-0.00543,-0.00492
"34","S4",4,"B37","Sym","NLS","Elevated (30C)","D2",20,22,"N",0.09,0.071,0.074,0.052,0.291,0.187,0.229,0.353,0.46342,0.42721,0.55547,"EC",-0.03155,-0.00787,-0.01163
"35","S4",11,"B38","Sym","NLS","Elevated (30C)","D2",20,22,"N",0.184,0.166,0.171,0.172,0.15,0.223,0.156,0.155,0.27912,0.28515,0.43656,"SW",-0.01458,-0.0047,-0.02017
"36","S4",20,"B39","Sym","NLS","Elevated (30C)","D2",20,22,"N",0.144,0.158,0.145,0.139,0.127,0.17,0.233,0.121,0.32051,0.36966,0.45651,"EC",-0.02443,-0.08461,-0.01323
"37","S20",2,"B3941","Sym","Control","Ambient (19C)","Tray",86,22,"N",0.167,NA,NA,0.162,NA,NA,NA,0.376,0.29977,NA,0.33745,"EC",NA,NA,-0.27439
"38","A18",1,"B3998","Apo","Control","Ambient (19C)","Tray",89,22,"N",0.315,NA,NA,0.29,NA,NA,NA,0.148,0.50181,NA,0.57338,NA,NA,NA,NA
"39","S28",3,"B4","Sym","PDF","Elevated (30C)","E1",5,22,"N",0.19,0.185,0.185,0.175,0.216,0.075,0.083,0.312,0.35252,0.46046,0.59863,"EC",-0.01713,-0.019,-0.00931
"40","S5",5,"B40","Sym","NLS","Elevated (30C)","D2",20,22,"N",0.126,0.115,0.108,0.105,0.158,0.127,0.142,0.171,0.27555,0.45221,0.45412,"SW",-0.00649,-0.00545,-0.00575
"41","S30",5,"B4037","Sym","Control","Ambient (19C)","Tray",86,22,"N",0.283,NA,NA,0.276,NA,NA,NA,0.411,0.32595,NA,0.37785,NA,NA,NA,NA
"42","S6",6,"B41","Sym","NLS","Elevated (30C)","D2",20,22,"N",0.294,0.309,0.311,0.309,0.065,0.177,0.196,0.192,0.38273,0.44933,0.41911,"EC",-0.02032,-0.00874,-0.01824
"43","S4",5,"B42","Sym","PDF","Elevated (30C)","E2",21,21,"N",0.209,0.2,0.194,NA,0.239,0.064,0.099,NA,0.3089,0.38405,NA,"EC",-0.01616,-0.03754,NA
"44","S4",12,"B43","Sym","PDF","Elevated (30C)","E2",21,22,"N",0.164,0.158,0.15,0.149,0.111,0.105,0.238,0.342,0.25303,0.34087,0.37937,"SW",-0.01113,-0.00322,-0.00337
"45","S4",21,"B44","Sym","PDF","Elevated (30C)","E2",21,22,"N",0.176,0.174,0.168,0.169,0.13,0.208,0.074,0.239,0.29439,0.35102,0.43417,"EC",-0.07428,-0.01729,-0.00829
"46","S5",6,"B45","Sym","PDF","Elevated (30C)","E2",21,8,"Y",0.283,NA,NA,NA,0.159,0.07,NA,NA,0.22304,0.28465,NA,NA,NA,NA,NA
"47","S6",7,"B46","Sym","PDF","Elevated (30C)","E2",21,22,"N",0.113,0.109,0.105,0.098,0.194,0.21,0.186,0.515,0.26686,0.47582,0.38524,"EC",-0.00913,-0.01117,-0.01078
"48","S30",8,"B47","Sym","PLF","Elevated (30C)","F2",22,22,"N",0.161,0.152,0.152,0.15,0.386,0.169,0.184,0.279,0.41461,0.3787,0.49448,"EC",-0.02991,-0.05598,-0.00906
"49","S4",13,"B48","Sym","PLF","Elevated (30C)","F2",22,12,"N",0.196,0.183,NA,NA,0.324,0.166,NA,NA,0.41232,0.31424,NA,"SW",-0.01842,NA,NA
"50","S4",22,"B49","Sym","PLF","Elevated (30C)","F2",22,22,"N",0.147,0.131,0.128,0.127,0.276,0.086,0.126,0.092,0.35718,0.33684,0.46576,"EC",-0.07729,-0.19589,-0.01919
"51","S29",5,"B5","Sym","PDF","Elevated (30C)","E1",5,22,"N",0.148,0.117,0.144,0.108,0.327,0.33,0.161,0.353,0.26704,0.3819,0.51733,"SW",-0.00841,-0.00478,-0.00273
"52","S30",1,"B50","Sym","PLF","Elevated (30C)","F2",22,22,"N",0.226,0.221,0.219,0.217,0.273,0.172,0.109,0.288,0.344,0.4227,0.50504,"SW",-0.00499,-0.00363,-0.00418
"53","S6",8,"B51","Sym","PLF","Elevated (30C)","F2",22,20,"N",0.086,0.074,0.067,NA,0.183,0.193,0.129,NA,0.32579,0.31535,NA,"EC",-0.01138,-0.01271,NA
"54","S4",7,"B52","Sym","NDF","Elevated (30C)","G2",23,18,"N",0.151,0.135,0.131,NA,0.312,0.204,0.092,NA,0.36527,0.40074,NA,"EC",NA,-0.00507,NA
"55","S4",14,"B53","Sym","NDF","Elevated (30C)","G2",23,19,"N",0.262,0.244,0.231,NA,0.175,0.245,0.064,NA,0.31905,0.34818,NA,"SW",-0.00275,-0.00276,NA
"56","S4",23,"B54","Sym","NDF","Elevated (30C)","G2",23,8,"Y",0.102,NA,NA,NA,0.221,0.17,NA,NA,0.49391,0.50549,NA,NA,NA,NA,NA
"57","S19",11,"B5431","Sym","Control","Ambient (19C)","Tray",88,22,"N",0.17,NA,NA,0.15,NA,NA,NA,0.496,0.24896,NA,0.26252,"EC",NA,NA,-0.01172
"58","S6",1,"B55","Sym","NDF","Elevated (30C)","G2",23,20,"N",0.143,0.135,0.125,NA,0.052,0.18,0.084,NA,0.34571,0.40442,NA,"SW",-0.0095,-0.00525,NA
"59","S6",9,"B56","Sym","NDF","Elevated (30C)","G2",23,19,"N",0.136,0.121,0.118,NA,0.202,0.256,0.102,NA,0.28289,0.39723,NA,"EC",NA,-0.00804,NA
"60","S20",4,"B5628","Sym","Control","Ambient (19C)","Tray",88,22,"N",0.16,NA,NA,0.153,NA,NA,NA,0.277,0.38282,NA,0.35349,NA,NA,NA,NA
"61","S4",15,"B57","Sym","NLF","Elevated (30C)","H2",24,22,"N",0.202,0.192,0.197,0.194,0.161,0.14,0.067,0.474,0.28135,0.2759,0.23651,"EC",-0.03555,-0.0112,-0.0087
"62","S4",16,"B58","Sym","NLF","Elevated (30C)","H2",24,22,"N",0.091,0.084,0.085,0.073,0.069,0.141,0.08,0.22,0.31318,0.36705,0.5256,"SW",-0.00641,-0.00561,-0.00429
"63","S5",1,"B59","Sym","NLF","Elevated (30C)","H2",24,22,"N",0.177,0.155,0.168,0.17,0.229,0.144,0.08,0.455,0.27713,0.37062,0.18126,"EC",-0.00935,-0.06476,-0.14887
"64","S6",2,"B60","Sym","NLF","Elevated (30C)","H2",24,22,"N",0.139,0.132,0.14,0.14,0.18,0.118,0.101,0.54,0.35334,0.40038,0.29783,"SW",-0.00739,-0.00258,-0.0071
"65","S17",6,"B616","Sym","Control","Ambient (19C)","Tray",86,22,"N",0.308,NA,NA,0.309,NA,NA,NA,0.337,0.19127,NA,0.36375,"SW",NA,NA,-0.02968
"66","S6",10,"B62","Sym","NLF","Elevated (30C)","H2",24,22,"N",0.074,0.073,0.077,0.072,0.121,0.201,0.05,0.319,0.2685,0.39701,0.39836,"EC",-0.00956,-0.00785,-0.00785
"67","S19",3,"B6232","Sym","Control","Ambient (19C)","Tray",88,22,"N",0.217,NA,NA,0.213,NA,NA,NA,0.416,0.30763,NA,0.37181,NA,NA,NA,NA
"68","A4",1,"B63","Apo","PDS","Elevated (30C)","A2",25,22,"N",0.173,0.152,0.15,0.15,0.32,0.206,0.115,0.058,0.46585,0.57675,0.58076,"EC",-0.02295,-0.00803,-0.03881
"69","A20",2,"B6334","Apo","Control","Ambient (19C)","Tray",89,22,"N",0.158,NA,NA,0.136,NA,NA,NA,0.132,0.49617,NA,NA,"SW",NA,NA,-0.00537
"70","A4",9,"B64","Apo","PDS","Elevated (30C)","A2",25,22,"N",0.193,0.175,0.18,0.175,0.131,0.19,0.054,0.093,0.62642,0.54999,0.61874,"SW",-0.0054,-0.00228,-0.00206
"71","A5",5,"B65","Apo","PDS","Elevated (30C)","A2",25,22,"N",0.311,0.271,0.269,0.267,0.066,0.116,0.174,0.063,0.6224,0.59002,0.54983,"EC",-0.06179,-0.00499,-0.07045
"72","A5",13,"B67","Apo","PDS","Elevated (30C)","A2",25,22,"N",0.172,0.157,0.161,0.16,0.079,0.25,0.153,0.062,0.53626,0.44496,0.57465,"SW",-0.00455,-0.00278,-0.00202
"73","A19",3,"B6947","Apo","Control","Ambient (19C)","Tray",89,22,"N",0.145,NA,NA,0.141,NA,NA,NA,0.115,0.44737,NA,0.53641,"EC",NA,NA,-0.07579
"74","A1",6,"B7","Apo","NDF","Elevated (30C)","G1",15,22,"N",0.154,0.142,0.124,0.113,0.396,0.504,0.188,0.224,0.57223,0.37933,0.43454,"SW",-0.00223,-0.00108,-0.00237
"75","A6",2,"B70","Apo","PDS","Elevated (30C)","A2",25,22,"N",0.122,0.111,0.11,0.11,0.111,0.188,0.246,0.083,0.27857,0.52398,0.53216,"EC",-0.00791,-0.01221,-0.00366
"76","A4",2,"B71","Apo","PLS","Elevated (30C)","B2",26,12,"N",0.084,0.079,NA,NA,0.164,0.192,NA,NA,0.47119,0.45004,NA,"EC",-0.02954,NA,NA
"77","A4",10,"B72","Apo","PLS","Elevated (30C)","B2",26,15,"Y",0.088,0.088,NA,NA,0.16,0.26,0.17,NA,0.45876,0.47201,NA,"SW",-0.0079,NA,NA
"78","A5",6,"B73","Apo","PLS","Elevated (30C)","B2",26,22,"N",0.489,0.458,0.42,0.406,0.133,0.183,0.172,0.119,0.63803,0.53353,0.5142,"EC",-0.00718,-0.05098,-0.02184
"79","A5",14,"B74","Apo","PLS","Elevated (30C)","B2",26,22,"N",0.136,0.131,0.128,0.127,0.342,0.118,0.276,0.08,0.54138,0.52698,0.46413,"SW",-0.00513,-0.00432,-0.00423
"80","A6",3,"B75","Apo","PLS","Elevated (30C)","B2",26,22,"N",0.113,0.114,0.104,0.111,0.159,0.222,0.422,0.122,0.34807,0.4185,0.40835,"EC",-0.04776,-0.36904,-0.14266
"81","A25",6,"B76","Apo","NDS","Elevated (30C)","C2",27,22,"N",0.292,0.275,0.252,0.24,0.087,0.145,0.209,0.123,0.3835,0.48804,0.46081,"EC",-0.01347,-0.00551,-0.00393
"82","A4",11,"B77","Apo","NDS","Elevated (30C)","C2",27,22,"N",0.201,0.189,0.18,0.172,0.084,0.103,0.141,0.172,0.50665,0.4272,0.39865,"SW",-0.02319,-0.00303,-0.00327
"83","A5",7,"B78","Apo","NDS","Elevated (30C)","C2",27,8,"Y",0.082,NA,NA,NA,0.085,0.195,NA,NA,0.41256,0.45331,NA,NA,NA,NA,NA
"84","A5",15,"B79","Apo","NDS","Elevated (30C)","C2",27,22,"N",0.163,0.164,0.151,0.149,0.05,0.209,0.069,0.116,0.49127,0.50856,0.50855,"SW",-0.00246,-0.00229,-0.00214
"85","A25",3,"B8","Apo","NDF","Elevated (30C)","G1",15,9,"N",0.084,0.073,NA,NA,0.337,0.097,NA,NA,0.48425,0.5021,NA,NA,NA,NA,NA
"86","A6",4,"B80","Apo","NDS","Elevated (30C)","C2",27,22,"N",0.208,0.203,0.194,0.194,0.064,0.136,0.099,0.135,0.3606,0.50773,0.54277,"EC",-0.02731,-0.00402,-0.00415
"87","A4",4,"B82","Apo","NLS","Elevated (30C)","D2",28,22,"N",0.124,0.132,0.136,0.14,0.1,0.299,0.289,0.27,0.56492,0.51732,0.47644,"EC",-0.03412,-0.00699,-0.10987
"88","S19",10,"B820","Sym","Control","Ambient (19C)","Tray",87,22,"N",0.396,NA,NA,0.38,NA,NA,NA,0.411,0.38786,NA,0.48588,NA,NA,NA,NA
"89","A4",12,"B83","Apo","NLS","Elevated (30C)","D2",28,22,"N",0.144,0.153,0.131,0.137,0.113,0.32,0.389,0.346,0.42513,0.46016,0.45119,"SW",-0.04202,-0.00488,-0.00494
"90","A5",8,"B84","Apo","NLS","Elevated (30C)","D2",28,22,"N",0.207,0.19,0.202,0.198,0.197,0.308,0.516,0.227,0.47708,0.35425,0.50376,"EC",-0.07294,-0.04427,-0.09667
"91","A5",16,"B85","Apo","NLS","Elevated (30C)","D2",28,22,"N",0.154,0.142,0.136,0.124,0.059,0.317,0.282,0.467,0.43091,0.5132,0.46511,"SW",-0.06188,-0.00424,-0.00384
"92","A6",5,"B87","Apo","NLS","Elevated (30C)","D2",28,22,"N",0.215,0.209,0.208,0.201,0.065,0.208,0.232,0.197,0.31607,0.47407,0.47183,"EC",-0.19986,-0.07361,-0.032
"93","A4",5,"B88","Apo","PDF","Elevated (30C)","E2",29,15,"N",0.078,0.074,0.067,NA,0.184,0.112,0.209,NA,0.36587,0.28433,NA,"EC",-0.01978,-0.01451,NA
"94","A5",1,"B90","Apo","PDF","Elevated (30C)","E2",29,7,"N",0.345,NA,NA,NA,0.109,NA,NA,NA,0.63392,0.50297,NA,NA,NA,NA,NA
"95","S19",2,"B919","Sym","Control","Ambient (19C)","Tray",87,22,"N",0.309,NA,NA,0.308,NA,NA,NA,0.37,0.32758,NA,0.54806,"EC",NA,NA,-0.07567
"96","A5",9,"B92","Apo","PDF","Elevated (30C)","E2",29,22,"N",0.21,0.206,0.189,0.188,0.197,0.134,0.179,0.455,0.51357,0.43006,0.47863,"EC",-0.06911,-0.08373,-0.01006
"97","A5",17,"B93","Apo","PDF","Elevated (30C)","E2",29,22,"N",0.184,0.172,0.164,0.158,0.143,0.076,0.116,0.367,0.5501,0.60009,0.6185,"SW",-0.00468,-0.02826,-0.00216
"98","A7",1,"B94","Apo","PDF","Elevated (30C)","E2",29,22,"N",0.109,0.109,0.103,0.096,0.088,0.091,0.151,0.488,0.44323,0.55202,0.46731,"EC",-0.13262,-0.00475,-0.00844
"99","A5",10,"B95","Apo","PLF","Elevated (30C)","F2",30,7,"N",0.102,NA,NA,NA,0.176,NA,NA,NA,0.35431,0.48362,NA,NA,NA,NA,NA
"100","A21",2,"B9658","Apo","Control","Ambient (19C)","Tray",89,22,"N",0.187,NA,NA,0.183,NA,NA,NA,0.107,0.35291,NA,0.40766,NA,NA,NA,NA
"101","A5",18,"B97","Apo","PLF","Elevated (30C)","F2",30,20,"N",0.081,0.075,0.072,NA,0.14,0.304,0.186,NA,0.44492,0.52793,NA,"EC",-0.00993,-0.01115,NA
"102","A7",2,"B98","Apo","PLF","Elevated (30C)","F2",30,7,"N",0.223,NA,NA,NA,0.125,NA,NA,NA,0.43148,0.50097,NA,NA,NA,NA,NA
"103","S17",8,"B9940","Sym","Control","Ambient (19C)","Tray",88,22,"N",0.669,NA,NA,0.658,NA,NA,NA,0.442,0.1777,NA,0.33794,"SW",NA,NA,-0.05362
"104","A19",5,"G1899","Apo","Control","Ambient (19C)","Tray",91,22,"N",0.174,NA,NA,0.132,NA,NA,NA,0.232,0.35309,NA,0.38584,NA,NA,NA,NA
"105","A20",4,"G1991","Apo","Control","Ambient (19C)","Tray",91,22,"N",0.257,NA,NA,0.26,NA,NA,NA,0.093,0.54283,NA,0.62882,"EC",NA,NA,-0.02528
"106","S23",2,"G24","Sym","PDS","Elevated (30C)","A1",1,22,"N",0.159,0.138,0.138,0.137,0.24,0.323,0.08,0.057,0.39566,0.42903,0.44211,"EC",-0.01153,-0.01302,-0.00612
"107","S26",1,"G25","Sym","PDS","Elevated (30C)","A1",1,22,"N",0.364,0.337,0.344,0.348,0.156,0.201,0.226,0.116,0.3269,0.44959,0.43541,"SW",-0.00851,-0.00298,-0.00189
"108","S27",6,"G26","Sym","PDS","Elevated (30C)","A1",1,22,"N",0.224,0.183,0.189,0.184,0.246,0.256,0.146,0.064,0.22621,0.37774,0.50194,"EC",-0.01655,-0.01018,-0.00621
"109","S29",1,"G27","Sym","PDS","Elevated (30C)","A1",1,22,"N",0.193,0.185,0.189,0.19,0.272,0.375,0.318,0.052,0.17875,0.27493,0.29582,"SW",-0.01324,-0.00315,-0.00574
"110","S21",2,"G28","Sym","PLS","Elevated (30C)","B1",2,22,"N",0.302,0.286,0.277,0.272,0.253,0.132,0.199,0.049,0.35177,0.43827,0.4337,"SW",-0.00745,-0.00378,-0.00365
"111","S24",1,"G29","Sym","PLS","Elevated (30C)","B1",2,22,"N",0.186,0.188,0.189,0.185,0.22,0.046,0.141,0.101,0.38139,0.47991,0.47684,"EC",-0.01566,-0.00582,-0.01067
"112","S26",2,"G30","Sym","PLS","Elevated (30C)","B1",2,22,"N",0.315,0.305,0.3,0.284,0.162,0.099,0.181,0.105,0.31784,0.3531,0.58914,"SW",-0.01416,-0.01434,-0.0191
"113","S27",7,"G31","Sym","PLS","Elevated (30C)","B1",2,22,"N",0.249,0.244,0.235,0.229,0.169,0.178,0.141,0.06,0.17695,0.33646,0.35529,"EC",-0.01429,-0.03833,-0.04873
"114","S29",2,"G32","Sym","PLS","Elevated (30C)","B1",2,22,"N",0.107,0.195,0.103,0.099,0.202,0.108,0.152,0.057,0.39091,0.46521,0.43906,"SW",-0.01125,-0.00385,-0.00579
"115","S21",3,"G33","Sym","NDS","Elevated (30C)","C1",3,22,"N",0.458,0.453,0.444,0.42,0.343,0.314,0.141,0.064,0.25668,0.44371,0.37263,"SW",-0.01559,-0.00109,-0.00115
"116","S24",2,"G34","Sym","NDS","Elevated (30C)","C1",3,9,"N",0.039,0.053,NA,NA,0.263,0.336,NA,NA,0.38789,0.44639,NA,"EC",-0.13029,NA,NA
"117","S26",3,"G35","Sym","NDS","Elevated (30C)","C1",3,22,"N",0.174,0.17,0.16,0.152,0.249,0.038,0.181,0.161,0.34139,0.44806,0.46263,"SW",-0.01409,-0.00397,-0.00236
"118","S28",1,"G37","Sym","NDS","Elevated (30C)","C1",3,22,"N",0.218,0.214,0.206,0.201,0.382,0.049,0.19,0.149,0.33511,0.44271,0.61107,"EC",-0.02366,-0.00616,-0.0041
"119","S29",3,"G38","Sym","NDS","Elevated (30C)","C1",3,22,"N",0.175,0.178,0.173,0.165,0.235,0.274,0.022,0.162,0.40944,0.44744,0.44189,"SW",-0.02183,-0.00401,-0.00368
"120","S22",1,"G39","Sym","NLS","Elevated (30C)","D1",4,22,"N",0.108,0.094,0.087,0.076,0.18,0.211,0.196,0.304,0.32454,0.365,0.45056,"SW",-0.05669,-0.00675,-0.00928
"121","S21",1,"G4","Sym","PDS","Elevated (30C)","A1",1,22,"N",0.16,0.151,0.147,0.147,0.288,0.254,0.151,0.062,0.32433,0.41525,0.51912,"SW",-0.0039,-0.00427,-0.00229
"122","S24",3,"G40","Sym","NLS","Elevated (30C)","D1",4,22,"N",0.331,0.338,0.343,0.347,0.169,0.17,0.159,0.14,0.33847,0.4043,0.46394,"EC",-0.02922,-0.01944,-0.03081
"123","S27",1,"G41","Sym","NLS","Elevated (30C)","D1",4,22,"N",0.088,0.085,0.184,0.061,0.217,0.187,0.059,0.094,0.35878,0.43835,0.5966,"SW",-0.01014,-0.00959,-0.00665
"124","A23",2,"G4161","Apo","Control","Ambient (19C)","Tray",93,22,"N",0.194,NA,NA,0.193,NA,NA,NA,0.134,0.53435,NA,0.5904,NA,NA,NA,NA
"125","S28",2,"G42","Sym","NLS","Elevated (30C)","D1",4,22,"N",0.178,0.175,0.176,0.175,0.183,0.21,0.154,0.227,0.33767,0.45313,0.39995,"EC",-0.01351,-0.00445,-0.05282
"126","S29",4,"G43","Sym","NLS","Elevated (30C)","D1",4,22,"N",0.179,0.195,0.184,0.184,0.159,0.27,0.104,0.091,0.30968,0.33128,0.35366,"SW",-0.02643,-0.00849,-0.00562
"127","S22",3,"G44","Sym","PLF","Elevated (30C)","F1",6,22,"N",0.355,0.369,0.351,0.255,0.281,0.133,0.092,0.051,0.37879,0.33439,0.50588,"SW",-0.00741,-0.00815,-0.0137
"128","S25",2,"G45","Sym","PLF","Elevated (30C)","F1",6,22,"N",0.213,0.21,0.198,0.201,0.379,0.165,0.057,0.048,0.37051,0.42197,0.53379,"EC",-0.10742,-0.00419,-0.00456
"129","S27",3,"G46","Sym","PLF","Elevated (30C)","F1",6,22,"N",0.164,0.156,0.142,0.138,0.183,0.188,0.212,0.301,0.34115,0.51179,0.40238,"SW",-0.00944,-0.00672,-0.00683
"130","S28",4,"G47","Sym","PLF","Elevated (30C)","F1",6,22,"N",0.319,0.32,0.311,0.311,0.289,0.176,0.076,0.091,0.2247,0.42028,0.4965,"EC",-0.0147,-0.07358,-0.02034
"131","S29",6,"G48","Sym","PLF","Elevated (30C)","F1",6,22,"N",0.107,0.092,0.086,0.085,0.333,0.119,0.064,0.072,0.32496,0.31885,0.359,"SW",-0.00821,-0.0063,-0.00707
"132","S22",4,"G49","Sym","NDF","Elevated (30C)","G1",7,18,"N",0.341,0.36,0.297,NA,0.156,0.261,0.054,NA,0.38987,0.31797,NA,"SW",-0.05868,-0.00238,NA
"133","S25",3,"G50","Sym","NDF","Elevated (30C)","G1",7,19,"N",0.356,0.366,0.347,NA,0.292,0.268,0.096,NA,0.37182,0.33673,NA,"EC",NA,-0.00519,NA
"134","S27",4,"G51","Sym","NDF","Elevated (30C)","G1",7,15,"Y",0.147,0.136,NA,NA,0.367,0.255,0.086,NA,0.30692,0.44137,NA,"SW",-0.01574,NA,NA
"135","S28",5,"G52","Sym","NDF","Elevated (30C)","G1",7,22,"N",0.193,0.189,0.166,0.16,0.376,0.352,0.086,0.291,0.25871,0.43578,0.58423,"EC",NA,-0.00494,-0.00485
"136","S29",7,"G53","Sym","NDF","Elevated (30C)","G1",7,15,"Y",0.149,0.13,NA,NA,0.392,0.302,0.14,NA,0.30652,0.37129,NA,"SW",-0.00517,NA,NA
"137","S23",1,"G54","Sym","NLF","Elevated (30C)","H1",8,22,"N",0.267,0.248,0.248,0.243,0.183,0.224,0.081,0.298,0.44725,0.30058,0.43386,"SW",-0.0058,-0.00842,-0.00623
"138","S25",4,"G55","Sym","NLF","Elevated (30C)","H1",8,22,"N",0.341,0.252,0.245,0.256,0.301,0.133,0.061,0.151,0.24048,0.36778,0.50942,"EC",-0.00867,-0.02702,-0.00966
"139","S27",5,"G56","Sym","NLF","Elevated (30C)","H1",8,22,"N",0.226,0.214,0.23,0.207,0.276,0.169,0.056,0.367,0.22772,0.36401,0.39221,"SW",-0.00192,-0.0064,-0.00553
"140","S28",6,"G57","Sym","NLF","Elevated (30C)","H1",8,17,"N",0.125,0.117,0.127,NA,0.249,0.166,0.084,NA,0.42219,0.48907,NA,"EC",-0.00753,-0.02806,NA
"141","S29",8,"G58","Sym","NLF","Elevated (30C)","H1",8,22,"N",0.228,0.203,0.215,0.217,0.348,0.218,0.142,0.284,0.24794,0.27658,0.35685,"SW",-0.00413,-0.00492,-0.00985
"142","M1",8,"G59","Apo","PDS","Elevated (30C)","A1",9,22,"N",0.062,0.055,0.054,0.051,0.199,0.295,0.181,0.055,0.63394,0.49302,0.5943,"SW",-0.00475,-0.00326,-0.00304
"143","A1",8,"G60","Apo","PDS","Elevated (30C)","A1",9,22,"N",0.173,0.162,0.152,0.149,0.062,0.227,0.123,0.056,0.46845,0.52364,0.45186,"EC",-0.01194,-0.02182,-0.00702
"144","A18",3,"G6166","Apo","Control","Ambient (19C)","Tray",91,22,"N",0.093,NA,NA,0.074,NA,NA,NA,0.112,0.6393,NA,0.56227,NA,NA,NA,NA
"145","A19",4,"G618","Apo","Control","Ambient (19C)","Tray",90,22,"N",0.167,NA,NA,0.147,NA,NA,NA,0.094,0.32854,NA,0.45957,NA,NA,NA,NA
"146","A2",4,"G62","Apo","PDS","Elevated (30C)","A1",9,7,"N",0.228,NA,NA,NA,0.123,NA,NA,NA,0.4374,0.29568,NA,NA,NA,NA,NA
"147","A2",12,"G63","Apo","PDS","Elevated (30C)","A1",9,22,"N",0.144,0.113,0.107,0.104,0.142,0.378,0.112,0.1,0.55261,0.56376,0.53943,"SW",-0.00632,-0.0051,-0.00308
"148","A3",6,"G64","Apo","PDS","Elevated (30C)","A1",9,22,"N",0.205,0.165,0.16,0.161,0.107,0.293,0.061,0.095,0.49404,0.60732,0.55226,"EC",-0.10148,-0.00314,-0.09468
"149","A1",1,"G65","Apo","PLS","Elevated (30C)","B1",10,22,"N",0.265,0.249,0.235,0.232,0.095,0.196,0.202,0.09,0.56277,0.52436,0.47256,"SW",-0.01188,-0.00312,-0.00512
"150","A18",5,"G6642","Apo","Control","Ambient (19C)","Tray",93,22,"N",0.14,NA,NA,0.129,NA,NA,NA,0.15,0.62519,NA,0.57369,NA,NA,NA,NA
"151","A1",9,"G67","Apo","PLS","Elevated (30C)","B1",10,22,"N",0.302,0.28,0.253,0.258,0.14,0.179,0.216,0.056,0.52562,0.57866,0.50671,"EC",-0.0126,-0.05956,-0.04069
"152","A20",5,"G6775","Apo","Control","Ambient (19C)","Tray",92,22,"N",0.225,NA,NA,0.191,NA,NA,NA,0.12,0.45112,NA,0.5177,NA,NA,NA,NA
"153","A20",3,"G681","Apo","Control","Ambient (19C)","Tray",90,22,"N",0.176,NA,NA,0.166,NA,NA,NA,0.09,0.52615,NA,0.60077,NA,NA,NA,NA
"154","A18",2,"G6961","Apo","Control","Ambient (19C)","Tray",90,22,"N",0.176,NA,NA,0.164,NA,NA,NA,0.101,0.5059,NA,0.54788,"SW",NA,NA,-0.00642
"155","A20",6,"G6991","Apo","Control","Ambient (19C)","Tray",93,22,"N",0.224,NA,NA,0.184,NA,NA,NA,0.284,0.55933,NA,0.51367,"SW",NA,NA,-0.04017
"156","A2",5,"G70","Apo","PLS","Elevated (30C)","B1",10,22,"N",0.244,0.235,0.214,0.216,0.092,0.14,0.26,0.1,0.53994,0.5514,0.46925,"SW",-0.00764,-0.00394,-0.00523
"157","A2",13,"G71","Apo","PLS","Elevated (30C)","B1",10,22,"N",0.229,0.171,0.168,0.165,0.178,0.141,0.339,0.122,0.50063,0.46127,0.46088,"EC",-0.01427,-0.00581,-0.00835
"158","A3",7,"G73","Apo","PLS","Elevated (30C)","B1",10,22,"N",0.159,0.157,0.115,0.112,0.141,0.088,0.166,0.075,0.31059,0.49866,0.52518,"SW",-0.02011,-0.00332,-0.00554
"159","A1",2,"G74","Apo","NDS","Elevated (30C)","C1",11,8,"Y",0.225,NA,NA,NA,0.032,0.178,NA,NA,0.53496,0.50652,NA,NA,NA,NA,NA
"160","A23",1,"G7472","Apo","Control","Ambient (19C)","Tray",92,22,"N",0.453,NA,NA,0.439,NA,NA,NA,0.089,0.58879,NA,0.5349,NA,NA,NA,NA
"161","A1",10,"G75","Apo","NDS","Elevated (30C)","C1",11,22,"N",0.227,0.221,0.202,0.201,0.081,0.089,0.121,0.14,0.58093,0.57008,0.51934,"EC",-0.01081,-0.07512,-0.01245
"162","A2",6,"G76","Apo","NDS","Elevated (30C)","C1",11,22,"N",0.091,0.084,0.079,0.074,0.119,0.263,0.403,0.319,0.57563,0.54829,0.49114,"SW",-0.00247,-0.00235,-0.00251
"163","A21",5,"G7673","Apo","Control","Ambient (19C)","Tray",92,22,"N",0.252,NA,NA,0.243,NA,NA,NA,0.265,0.29934,NA,0.39538,"EC",NA,NA,-0.05421
"164","A2",14,"G77","Apo","NDS","Elevated (30C)","C1",11,22,"N",0.238,0.219,0.208,0.207,0.121,0.109,0.222,0.149,0.53493,0.51453,0.42989,"EC",-0.00547,-0.00669,-0.00524
"165","A3",8,"G78","Apo","NDS","Elevated (30C)","C1",11,22,"N",0.155,0.152,0.14,0.136,0.109,0.09,0.118,0.144,0.33335,0.66199,0.44979,"SW",-0.00723,-0.00255,-0.00239
"166","A1",3,"G79","Apo","NLS","Elevated (30C)","D1",12,22,"N",0.177,0.174,0.164,0.165,0.129,0.4,0.31,0.337,0.48458,0.51893,0.26868,"SW",-0.02458,-0.01828,-0.06412
"167","A1",11,"G80","Apo","NLS","Elevated (30C)","D1",12,22,"N",0.228,0.208,0.229,0.218,0.069,0.299,0.283,0.185,0.52352,0.70415,0.54659,"EC",-0.02817,-0.04441,-0.02759
"168","A18",4,"G8171","Apo","Control","Ambient (19C)","Tray",92,22,"N",0.133,NA,NA,0.114,NA,NA,NA,0.124,0.52968,NA,0.59879,"SW",NA,NA,-0.00758
"169","A19",7,"G8180","Apo","Control","Ambient (19C)","Tray",93,22,"N",0.164,NA,NA,0.129,NA,NA,NA,0.165,0.56051,NA,0.49573,"EC",NA,NA,-0.00966
"170","A2",7,"G82","Apo","NLS","Elevated (30C)","D1",12,8,"Y",0.12,NA,NA,NA,0.087,0.33,NA,NA,0.56575,0.64741,NA,"EC",-0.02497,-0.01288,-0.0725
"171","A3",1,"G83","Apo","NLS","Elevated (30C)","D1",12,22,"N",0.194,0.203,0.198,0.2,0.093,0.286,0.104,0.136,0.52242,0.7262,0.47991,NA,NA,NA,NA
"172","A3",9,"G84","Apo","NLS","Elevated (30C)","D1",12,22,"N",0.199,0.297,0.272,0.279,0.071,0.239,0.373,0.266,0.36577,0.52489,0.42314,"SW",-0.007,-0.02385,-0.0177
"173","A1",4,"G85","Apo","PDF","Elevated (30C)","E1",13,22,"N",0.071,0.061,0.057,0.04,0.13,0.167,0.134,0.168,0.6139,0.59514,0.50792,"SW",-0.00633,-0.00513,-0.00316
"174","A19",6,"G8677","Apo","Control","Ambient (19C)","Tray",92,22,"N",0.594,NA,NA,0.525,NA,NA,NA,0.083,0.48506,NA,0.49585,NA,NA,NA,NA
"175","A1",12,"G87","Apo","PDF","Elevated (30C)","E1",13,22,"N",0.271,0.259,0.249,0.244,0.12,0.098,0.141,0.332,0.48216,0.56758,0.52655,"EC",-0.02885,-0.02835,-0.01415
"176","A2",8,"G88","Apo","PDF","Elevated (30C)","E1",13,21,"N",0.145,0.129,0.124,NA,0.101,0.181,0.253,NA,0.61776,0.59363,NA,"SW",-0.00941,-0.00736,NA
"177","A22",5,"G8965","Apo","Control","Ambient (19C)","Tray",91,22,"N",0.24,NA,NA,0.223,NA,NA,NA,0.085,0.54665,NA,0.55253,NA,NA,NA,NA
"178","A3",2,"G90","Apo","PDF","Elevated (30C)","E1",13,22,"N",0.108,0.105,0.097,0.097,0.185,0.095,0.203,0.096,0.42991,0.57555,0.56415,"SW",-0.00689,-0.00498,-0.00418
"179","A22",4,"G9116","Apo","Control","Ambient (19C)","Tray",90,22,"N",0.281,NA,NA,0.267,NA,NA,NA,0.115,0.54342,NA,0.5371,"EC",NA,NA,-0.04033
"180","A3",10,"G92","Apo","PDF","Elevated (30C)","E1",13,22,"N",0.134,0.131,0.121,0.119,0.052,0.123,0.167,0.396,0.50215,0.57115,0.56077,"EC",-0.02281,-0.0118,-0.00708
"181","A1",5,"G93","Apo","PLF","Elevated (30C)","F1",14,22,"N",0.128,0.209,0.102,0.087,0.217,0.112,0.233,0.29,0.53324,0.40193,0.41127,"SW",-0.00866,-0.00879,-0.0116
"182","A2",1,"G94","Apo","PLF","Elevated (30C)","F1",14,8,"N",0.078,NA,NA,NA,0.314,0.46,NA,NA,0.51344,0.37181,NA,NA,NA,NA,NA
"183","A2",9,"G95","Apo","PLF","Elevated (30C)","F1",14,22,"N",0.167,0.16,0.154,0.149,0.155,0.176,0.184,0.102,0.54777,0.65597,0.59036,"SW",-0.0074,-0.00707,-0.00509
"184","A21",4,"G9669","Apo","Control","Ambient (19C)","Tray",91,22,"N",0.433,NA,NA,0.403,NA,NA,NA,0.081,0.24758,NA,0.30981,"SW",NA,NA,-0.06001
"185","A3",3,"G97","Apo","PLF","Elevated (30C)","F1",14,22,"N",0.174,0.158,0.158,0.164,0.204,0.128,0.256,0.257,0.49655,0.58108,0.48892,"EC",-0.01933,-0.01206,-0.02459
"186","A3",11,"G98","Apo","PLF","Elevated (30C)","F1",14,22,"N",0.212,0.197,0.199,0.2,0.227,0.195,0.158,0.093,0.49683,0.67788,0.55115,"SW",-0.00571,-0.00503,-0.00558
"187","A21",3,"G9868","Apo","Control","Ambient (19C)","Tray",90,22,"N",0.093,NA,NA,0.074,NA,NA,NA,0.21,0.43873,NA,0.56423,NA,NA,NA,NA
"188","A21",6,"G9877","Apo","Control","Ambient (19C)","Tray",93,22,"N",0.137,NA,NA,0.142,NA,NA,NA,0.116,0.27953,NA,0.41292,"EC",NA,NA,-0.03113
"189","A19",9,"O1618","Apo","Control","Ambient (19C)","Tray",95,22,"N",0.6,NA,NA,0.504,NA,NA,NA,0.131,0.59009,NA,0.42886,NA,NA,NA,NA
"190","A21",7,"O1962","Apo","Control","Ambient (19C)","Tray",94,22,"N",0.042,NA,NA,0.042,NA,NA,NA,0.294,0.45072,NA,0.48339,NA,NA,NA,NA
"191","A13",21,"O26","Apo","NDF","Elevated (30C)","G4",63,12,"N",0.21,0.174,NA,NA,0.26,0.318,NA,NA,0.37646,0.43609,NA,NA,NA,NA,NA
"192","A12",8,"O27","Apo","NLF","Elevated (30C)","H4",64,22,"N",0.442,0.397,0.423,0.415,0.103,0.171,0.336,0.415,0.41958,0.53559,0.35608,"SW",-0.00224,-0.00349,-0.02497
"193","A12",16,"O29","Apo","NLF","Elevated (30C)","H4",64,22,"N",0.178,0.162,0.179,0.177,0.103,0.206,0.443,0.343,0.58476,0.60046,0.28939,"EC",-0.01677,-0.01081,-0.00653
"194","A13",6,"O30","Apo","NLF","Elevated (30C)","H4",64,0,"N",0.178,0.155,NA,NA,0.205,0.088,NA,NA,0.30865,0.50776,NA,"SW",-0.00643,NA,NA
"195","A25",4,"O31","Apo","NLF","Elevated (30C)","H4",64,10,"N",0.335,0.281,NA,NA,0.142,0.164,NA,NA,0.3107,0.39395,NA,"EC",-0.02204,NA,NA
"196","A14",1,"O32","Apo","NLF","Elevated (30C)","H4",64,5,"N",0.332,NA,NA,NA,0.164,NA,NA,NA,0.469,0.52443,NA,NA,NA,NA,NA
"197","S14",1,"O33","Sym","Control","Ambient (19C)","Tray",65,22,"N",0.132,NA,NA,0.122,NA,NA,NA,0.41,0.2564,NA,0.2606,"SW",NA,NA,-0.0349
"198","S14",9,"O34","Sym","Control","Ambient (19C)","Tray",65,22,"N",0.274,NA,NA,0.264,NA,NA,NA,0.378,0.24638,NA,0.3091,NA,NA,NA,NA
"199","S14",17,"O35","Sym","Control","Ambient (19C)","Tray",65,22,"N",0.315,NA,NA,0.301,NA,NA,NA,0.386,0.26017,NA,0.27871,NA,NA,NA,NA
"200","S15",8,"O36","Sym","Control","Ambient (19C)","Tray",65,22,"N",0.104,NA,NA,0.102,NA,NA,NA,0.399,0.30433,NA,0.28531,"EC",NA,NA,-0.01788
"201","S16",3,"O37","Sym","Control","Ambient (19C)","Tray",65,22,"N",0.11,NA,NA,0.106,NA,NA,NA,0.438,0.39194,NA,0.33543,NA,NA,NA,NA
"202","S14",2,"O38","Sym","Control","Ambient (19C)","Tray",66,22,"N",0.149,NA,NA,0.149,NA,NA,NA,0.404,0.44083,NA,0.38341,"SW",NA,NA,-0.02746
"203","S14",10,"O39","Sym","Control","Ambient (19C)","Tray",66,22,"Y",0.302,NA,NA,NA,NA,NA,NA,NA,0.40646,NA,NA,NA,NA,NA,NA
"204","S15",1,"O40","Sym","Control","Ambient (19C)","Tray",66,22,"Y",0.186,NA,NA,NA,NA,NA,NA,NA,0.37515,NA,NA,NA,NA,NA,NA
"205","S15",9,"O41","Sym","Control","Ambient (19C)","Tray",66,22,"N",0.155,NA,NA,0.157,NA,NA,NA,0.415,0.37309,NA,0.33228,"EC",NA,NA,-0.08605
"206","S16",4,"O42","Sym","Control","Ambient (19C)","Tray",66,22,"N",0.1,NA,NA,0.092,NA,NA,NA,0.422,0.42914,NA,0.45779,NA,NA,NA,NA
"207","S14",3,"O43","Sym","Control","Ambient (19C)","Tray",67,22,"N",0.182,NA,NA,0.178,NA,NA,NA,0.398,0.36847,NA,0.40843,"SW",NA,NA,-0.00839
"208","S30",3,"O44","Sym","Control","Ambient (19C)","Tray",67,22,"N",0.136,NA,NA,0.136,NA,NA,NA,0.424,0.52231,NA,0.40258,NA,NA,NA,NA
"209","S15",2,"O45","Sym","Control","Ambient (19C)","Tray",67,22,"N",0.2,NA,NA,0.19,NA,NA,NA,0.426,0.38706,NA,0.36155,NA,NA,NA,NA
"210","S15",10,"O46","Sym","Control","Ambient (19C)","Tray",67,22,"N",0.138,NA,NA,0.131,NA,NA,NA,0.418,0.43877,NA,0.40276,"EC",NA,NA,-0.03709
"211","S16",5,"O47","Sym","Control","Ambient (19C)","Tray",67,22,"N",0.062,NA,NA,0.055,NA,NA,NA,0.384,0.3757,NA,0.42273,NA,NA,NA,NA
"212","S14",4,"O48","Sym","Control","Ambient (19C)","Tray",68,22,"N",0.297,NA,NA,0.29,NA,NA,NA,0.334,0.28013,NA,0.40414,"SW",NA,NA,-0.00585
"213","S14",12,"O49","Sym","Control","Ambient (19C)","Tray",68,22,"N",0.11,NA,NA,0.11,NA,NA,NA,0.462,0.26951,NA,0.421,NA,NA,NA,NA
"214","S30",4,"O50","Sym","Control","Ambient (19C)","Tray",68,22,"N",0.168,NA,NA,0.161,NA,NA,NA,0.442,0.44216,NA,0.40652,"EC",NA,NA,-0.06907
"215","S15",11,"O51","Sym","Control","Ambient (19C)","Tray",68,22,"N",0.165,NA,NA,0.156,NA,NA,NA,0.424,0.49647,NA,0.39954,NA,NA,NA,NA
"216","S16",6,"O52","Sym","Control","Ambient (19C)","Tray",68,22,"N",0.254,NA,NA,0.236,NA,NA,NA,0.403,0.28693,NA,0.43794,NA,NA,NA,NA
"217","S14",5,"O53","Sym","Control","Ambient (19C)","Tray",69,22,"N",0.231,NA,NA,0.229,NA,NA,NA,0.432,0.29263,NA,0.19865,"SW",NA,NA,-0.15286
"218","S14",13,"O54","Sym","Control","Ambient (19C)","Tray",69,22,"N",0.492,NA,NA,0.227,NA,NA,NA,0.422,0.38461,NA,0.41281,"EC",NA,NA,-0.06695
"219","S15",4,"O55","Sym","Control","Ambient (19C)","Tray",69,22,"N",0.244,NA,NA,0.044,NA,NA,NA,0.403,0.29609,NA,0.43659,NA,NA,NA,NA
"220","S15",12,"O56","Sym","Control","Ambient (19C)","Tray",69,22,"N",0.229,NA,NA,0.225,NA,NA,NA,0.409,0.32465,NA,0.40609,"EC",NA,NA,-0.03211
"221","S16",7,"O57","Sym","Control","Ambient (19C)","Tray",69,22,"N",0.349,NA,NA,0.341,NA,NA,NA,0.321,0.32375,NA,0.31449,NA,NA,NA,NA
"222","S14",6,"O58","Sym","Control","Ambient (19C)","Tray",70,22,"N",0.337,NA,NA,0.332,NA,NA,NA,0.439,0.31584,NA,0.32784,"SW",NA,NA,-0.00432
"223","S14",14,"O59","Sym","Control","Ambient (19C)","Tray",70,22,"N",0.4,NA,NA,0.349,NA,NA,NA,0.307,0.2933,NA,0.32547,NA,NA,NA,NA
"224","S15",5,"O60","Sym","Control","Ambient (19C)","Tray",70,22,"N",0.198,NA,NA,0.197,NA,NA,NA,0.408,0.38733,NA,0.34576,NA,NA,NA,NA
"225","S15",13,"O62","Sym","Control","Ambient (19C)","Tray",70,22,"N",0.157,NA,NA,0.143,NA,NA,NA,0.403,0.54424,NA,0.4268,NA,NA,NA,NA
"226","S16",8,"O63","Sym","Control","Ambient (19C)","Tray",70,22,"N",0.374,NA,NA,0.34,NA,NA,NA,0.403,0.48305,NA,0.3225,"EC",NA,NA,-0.06892
"227","S14",8,"O64","Sym","Control","Ambient (19C)","Tray",72,22,"N",0.076,NA,NA,0.072,NA,NA,NA,0.454,0.35951,NA,0.38044,"SW",NA,NA,-0.01049
"228","A19",1,"O646","Apo","Control","Ambient (19C)","Tray",95,22,"N",0.351,NA,NA,0.334,NA,NA,NA,0.121,0.55171,NA,0.49599,"EC",NA,NA,-0.01778
"229","S16",1,"O65","Sym","Control","Ambient (19C)","Tray",71,22,"N",0.228,NA,NA,0.226,NA,NA,NA,0.298,0.44552,NA,0.43252,NA,NA,NA,NA
"230","A24",1,"O6566","Apo","Control","Ambient (19C)","Tray",95,22,"N",0.261,NA,NA,0.241,NA,NA,NA,0.38,0.38696,NA,0.49382,NA,NA,NA,NA
"231","A19",8,"O6661","Apo","Control","Ambient (19C)","Tray",94,22,"N",0.262,NA,NA,0.208,NA,NA,NA,0.18,0.5497,NA,0.46522,NA,NA,NA,NA
"232","S16",9,"O67","Sym","Control","Ambient (19C)","Tray",71,22,"N",0.26,NA,NA,0.258,NA,NA,NA,0.454,0.34264,NA,0.21309,NA,NA,NA,NA
"233","A20",8,"O6719","Apo","Control","Ambient (19C)","Tray",95,22,"N",0.244,NA,NA,0.254,NA,NA,NA,0.202,0.48528,NA,0.47232,"EC",NA,NA,-0.02469
"234","A22",1,"O6968","Apo","Control","Ambient (19C)","Tray",95,22,"N",0.255,NA,NA,0.229,NA,NA,NA,0.082,0.59595,NA,0.58851,"SW",NA,NA,-0.00435
"235","S14",7,"O70","Sym","Control","Ambient (19C)","Tray",71,22,"N",0.173,NA,NA,0.166,NA,NA,NA,0.418,0.36013,NA,0.36095,"SW",NA,NA,-0.05524
"236","A21",1,"O7096","Apo","NDF","Elevated (30C)","G2",96,18,"N",0.186,0.172,0.171,NA,0.404,0.191,0.046,NA,0.34998,0.40455,NA,"EC",NA,-0.02253,NA
"237","S14",15,"O71","Sym","Control","Ambient (19C)","Tray",71,22,"N",0.095,NA,NA,0.091,NA,NA,NA,0.439,0.40767,NA,0.33375,"EC",NA,NA,-0.0163
"238","S15",6,"O72","Sym","Control","Ambient (19C)","Tray",71,22,"N",0.164,NA,NA,0.252,NA,NA,NA,0.31,0.32839,NA,0.37567,NA,NA,NA,NA
"239","S14",16,"O73","Sym","Control","Ambient (19C)","Tray",72,22,"N",0.077,NA,NA,0.069,NA,NA,NA,0.442,0.29478,NA,0.36982,NA,NA,NA,NA
"240","A24",2,"O7398","Apo","NDF","Elevated (30C)","G2",96,22,"N",0.13,0.116,0.115,0.106,0.32,0.131,0.083,0.131,0.46669,0.4631,0.57386,"EC",NA,-0.00458,-0.00075
"241","S15",7,"O74","Sym","Control","Ambient (19C)","Tray",72,22,"N",0.13,NA,NA,0.13,NA,NA,NA,0.422,0.43811,NA,0.43021,"EC",NA,NA,-0.00962
"242","S30",7,"O75","Sym","Control","Ambient (19C)","Tray",72,22,"N",0.223,NA,NA,0.2,NA,NA,NA,0.401,0.27783,NA,0.41323,NA,NA,NA,NA
"243","M1",9,"O76","Sym","Control","Ambient (19C)","Tray",72,22,"N",0.08,NA,NA,0.074,NA,NA,NA,0.5,0.52408,NA,0.38111,NA,NA,NA,NA
"244","A20",1,"O7681","Apo","NDF","Elevated (30C)","G2",96,19,"N",0.303,0.279,0.228,NA,0.171,0.286,0.076,NA,0.40094,0.52955,NA,"SW",-0.00569,-0.00398,NA
"245","A14",2,"O77","Apo","Control","Ambient (19C)","Tray",73,22,"N",0.161,NA,NA,0.143,NA,NA,NA,0.123,0.20291,NA,0.45904,NA,NA,NA,NA
"246","A15",3,"O78","Apo","Control","Ambient (19C)","Tray",73,22,"N",0.116,NA,NA,0.098,NA,NA,NA,0.086,0.48835,NA,0.54455,"SW",NA,NA,-0.0079
"247","A16",1,"O79","Apo","Control","Ambient (19C)","Tray",73,22,"N",0.461,NA,NA,0.429,NA,NA,NA,0.126,0.43987,NA,0.54142,"EC",NA,NA,-0.01075
"248","A16",9,"O80","Apo","Control","Ambient (19C)","Tray",73,22,"N",0.132,NA,NA,0.156,NA,NA,NA,0.2,0.33557,NA,0.44459,"SW",NA,NA,-0.00537
"249","A16",17,"O82","Apo","Control","Ambient (19C)","Tray",73,22,"N",0.13,NA,NA,0.122,NA,NA,NA,0.098,0.52164,NA,0.51351,NA,NA,NA,NA
"250","A14",3,"O83","Apo","Control","Ambient (19C)","Tray",74,22,"N",0.163,NA,NA,0.153,NA,NA,NA,0.237,0.22782,NA,0.34179,"EC",NA,NA,-0.0085
"251","A15",4,"O84","Apo","Control","Ambient (19C)","Tray",74,22,"N",0.378,NA,NA,0.356,NA,NA,NA,0.064,0.59679,NA,0.57468,NA,NA,NA,NA
"252","A16",2,"O85","Apo","Control","Ambient (19C)","Tray",74,22,"N",0.257,NA,NA,0.239,NA,NA,NA,0.151,0.49511,NA,0.49813,"SW",NA,NA,-0.00291
"253","A16",10,"O87","Apo","Control","Ambient (19C)","Tray",74,22,"N",0.114,NA,NA,0.101,NA,NA,NA,0.147,0.49899,NA,0.54759,"SW",NA,NA,-0.00342
"254","A16",18,"O88","Apo","Control","Ambient (19C)","Tray",74,22,"N",0.291,NA,NA,0.279,NA,NA,NA,0.16,0.33872,NA,0.35415,NA,NA,NA,NA
"255","A14",4,"O89","Apo","Control","Ambient (19C)","Tray",75,22,"N",0.181,NA,NA,0.16,NA,NA,NA,0.18,0.40183,NA,0.50364,"SW",NA,NA,-0.0061
"256","A15",5,"O90","Apo","Control","Ambient (19C)","Tray",75,22,"N",0.106,NA,NA,NA,NA,NA,NA,NA,0.68334,NA,NA,NA,NA,NA,NA
"257","A18",6,"O916","Apo","Control","Ambient (19C)","Tray",94,22,"N",0.364,NA,NA,0.311,NA,NA,NA,0.069,0.41571,NA,0.53367,"SW",NA,NA,-0.0073
"258","A22",2,"O9174","Apo","NDF","Elevated (30C)","G2",96,19,"N",0.234,0.208,0.198,NA,0.197,0.274,0.089,NA,0.62558,0.56002,NA,"SW",-0.00503,-0.00297,NA
"259","A16",3,"O92","Apo","Control","Ambient (19C)","Tray",75,22,"N",0.144,NA,NA,0.126,NA,NA,NA,0.124,0.48805,NA,0.5825,NA,NA,NA,NA
"260","A16",11,"O93","Apo","Control","Ambient (19C)","Tray",75,22,"N",0.33,NA,NA,0.314,NA,NA,NA,0.113,0.52762,NA,0.57688,"SW",NA,NA,-0.01645
"261","A16",19,"O94","Apo","Control","Ambient (19C)","Tray",75,22,"N",0.248,NA,NA,0.234,NA,NA,NA,0.129,0.47013,NA,0.40659,"EC",NA,NA,-0.01822
"262","A14",5,"O95","Apo","Control","Ambient (19C)","Tray",76,22,"N",0.194,NA,NA,0.177,NA,NA,NA,0.155,0.5317,NA,0.51354,NA,NA,NA,NA
"263","A23",3,"O9659","Apo","Control","Ambient (19C)","Tray",94,22,"N",0.217,NA,NA,0.231,NA,NA,NA,0.167,0.56909,NA,0.57258,"EC",NA,NA,-0.01099
"264","A25",1,"O97","Apo","Control","Ambient (19C)","Tray",76,22,"N",0.225,NA,NA,0.224,NA,NA,NA,0.125,0.457,NA,0.53225,"EC",NA,NA,-0.02356
"265","A16",4,"O98","Apo","Control","Ambient (19C)","Tray",76,22,"N",0.456,NA,NA,0.383,NA,NA,NA,0.325,0.48746,NA,0.43094,"SW",NA,NA,-0.02291
"266","A20",7,"O986","Apo","Control","Ambient (19C)","Tray",94,22,"N",0.306,NA,NA,0.297,NA,NA,NA,0.097,0.45174,NA,0.65932,"EC",NA,NA,-0.02424
"267","A19",2,"O9975","Apo","NDF","Elevated (30C)","G2",96,9,"N",0.22,0.16,NA,NA,0.374,0.267,NA,NA,0.41698,0.34483,NA,NA,NA,NA,NA
"268","A4",6,"W1","Apo","PLF","Elevated (30C)","F2",30,5,"N",0.095,NA,NA,NA,0.418,NA,NA,NA,0.60067,0.5925,NA,NA,NA,NA,NA
"269","A4",8,"W10","Apo","NLF","Elevated (30C)","H2",32,17,"N",0.087,0.098,0.114,NA,0.263,0.121,0.178,NA,0.43558,0.5235,NA,"EC",-0.01228,-0.01157,NA
"270","A5",4,"W11","Apo","NLF","Elevated (30C)","H2",32,11,"N",0.079,0.071,NA,NA,0.438,0.327,NA,NA,0.5101,0.4036,NA,"SW",-0.00712,NA,NA
"271","A25",10,"W12","Apo","NLF","Elevated (30C)","H2",32,4,"N",0.323,NA,NA,NA,0.19,NA,NA,NA,0.22095,0.31824,NA,NA,NA,NA,NA
"272","A6",1,"W13","Apo","NLF","Elevated (30C)","H2",32,22,"N",0.134,0.123,0.133,0.125,0.109,0.256,0.097,0.472,0.30135,0.45527,0.43023,"EC",-0.00887,-0.01032,-0.01601
"273","A8",1,"W14","Apo","NLF","Elevated (30C)","H2",32,18,"N",0.211,0.199,0.196,NA,0.188,0.138,0.053,NA,0.36685,0.57877,NA,"SW",-0.00449,-0.00287,NA
"274","S30",11,"W15","Sym","PDS","Elevated (30C)","A3",33,22,"N",0.125,0.106,0.105,0.106,0.289,0.142,0.093,0.081,0.43973,0.38055,0.47436,"SW",-0.00428,-0.00311,-0.00215
"275","S7",9,"W17","Sym","PDS","Elevated (30C)","A3",33,11,"N",0.071,0.062,NA,NA,0.331,0.236,NA,NA,0.27885,0.42359,NA,"EC",-0.01317,NA,NA
"276","A5",2,"W2","Apo","PLF","Elevated (30C)","F2",30,22,"N",0.229,0.206,0.215,0.209,0.188,0.211,0.214,0.312,0.59503,0.50164,0.53773,"SW",-0.00773,-0.00322,-0.00572
"277","S7",17,"W20","Sym","PDS","Elevated (30C)","A3",33,22,"N",0.167,0.155,0.162,0.156,0.249,0.119,0.308,0.084,0.36381,0.3969,0.42751,"SW",-0.03805,-0.00315,-0.00214
"278","S7",25,"W21","Sym","PDS","Elevated (30C)","A3",33,22,"N",0.164,0.158,0.156,0.174,0.322,0.227,0.33,0.042,0.42007,0.48522,0.59119,"EC",-0.00817,-0.00761,-0.06275
"279","S7",33,"W22","Sym","PDS","Elevated (30C)","A3",33,22,"N",0.375,0.335,0.264,0.264,0.2,0.171,0.268,0.073,0.45399,0.42249,0.49238,"SW",-0.04784,-0.00439,-0.00425
"280","S7",2,"W23","Sym","PLS","Elevated (30C)","B3",34,22,"N",0.126,0.123,0.12,0.12,0.284,0.055,0.223,0.078,0.49321,0.48303,0.47874,"EC",-0.01032,-0.12689,-0.00621
"281","S7",10,"W24","Sym","PLS","Elevated (30C)","B3",34,22,"N",0.26,0.243,0.255,0.242,0.26,0.187,0.194,0.046,0.36041,0.50636,0.48419,"SW",-0.01962,-0.00587,-0.00453
"282","S7",18,"W25","Sym","PLS","Elevated (30C)","B3",34,22,"N",0.193,0.194,0.194,0.173,0.265,0.171,0.171,0.049,0.38381,0.43829,0.49894,"EC",-0.03558,-0.01006,-0.12153
"283","S7",26,"W26","Sym","PLS","Elevated (30C)","B3",34,22,"Y",0.232,0.23,0.215,NA,0.283,0.123,0.246,0.07,0.42761,0.44119,0.55546,"SW",-0.01614,-0.00386,NA
"284","S7",34,"W27","Sym","PLS","Elevated (30C)","B3",34,22,"N",0.235,0.232,0.239,0.229,0.325,0.124,0.078,0.204,0.34238,0.44788,0.47616,"EC",-0.01563,-0.024,-0.02779
"285","S7",3,"W28","Sym","NDS","Elevated (30C)","C3",35,22,"N",0.204,0.191,0.182,0.179,0.354,0.245,0.136,0.169,0.34853,0.4314,0.45824,"SW",-0.01185,-0.00367,-0.0015
"286","S7",11,"W29","Sym","NDS","Elevated (30C)","C3",35,22,"N",0.287,0.269,0.263,0.25,0.327,0.09,0.193,0.17,0.41866,0.4557,0.52097,"EC",-0.03501,-0.00529,-0.06688
"287","A4",7,"W3","Apo","Control","Ambient (19C)","Tray",31,22,"N",0.175,NA,NA,0.151,NA,NA,NA,0.164,0.46962,NA,0.45556,"EC",NA,NA,-0.00789
"288","S7",19,"W30","Sym","NDS","Elevated (30C)","C3",35,22,"N",0.137,0.141,0.139,0.135,0.221,0.03,0.204,0.064,0.43356,0.50186,0.62983,"SW",-0.00488,-0.00293,-0.00252
"289","S7",27,"W31","Sym","NDS","Elevated (30C)","C3",35,22,"N",0.201,0.191,0.182,0.177,0.367,0.198,0.213,0.068,0.32032,0.46253,0.51254,"EC",-0.05862,-0.03062,-0.0371
"290","S7",35,"W32","Sym","NDS","Elevated (30C)","C3",35,22,"N",0.224,0.211,0.2,0.192,0.183,0.298,0.204,0.068,0.46069,0.47499,0.44996,"SW",-0.00196,-0.00247,-0.00143
"291","S7",4,"W33","Sym","NLS","Elevated (30C)","D3",36,22,"N",0.163,0.138,0.139,0.137,0.32,0.166,0.169,0.195,0.2924,0.45683,0.49535,"SW",-0.00893,-0.00962,-0.00444
"292","S7",12,"W34","Sym","NLS","Elevated (30C)","D3",36,22,"N",0.109,0.115,0.114,0.115,0.185,0.145,0.157,0.199,0.35622,0.57499,0.51759,"EC",-0.02173,-0.01425,-0.08324
"293","S30",6,"W35","Sym","NLS","Elevated (30C)","D3",36,22,"N",0.127,0.126,0.128,0.127,0.137,0.224,0.183,0.323,0.36182,0.41759,0.39441,"SW",-0.0123,-0.00493,-0.00526
"294","S7",28,"W36","Sym","NLS","Elevated (30C)","D3",36,22,"N",0.126,0.123,0.124,0.121,0.154,0.097,0.085,0.213,0.37337,0.46801,0.48008,"EC",-0.0218,-0.12791,-0.01076
"295","S7",36,"W37","Sym","NLS","Elevated (30C)","D3",36,22,"N",0.293,0.282,0.187,0.194,0.242,0.181,0.212,0.202,0.42481,0.42183,0.50384,"SW",-0.01432,-0.00333,-0.00521
"296","S7",5,"W38","Sym","PDF","Elevated (30C)","E3",37,22,"N",0.255,0.249,0.195,0.185,0.273,0.08,0.072,0.28,0.37946,0.42674,0.46037,"SW",-0.11621,-0.00572,-0.00299
"297","S7",13,"W39","Sym","PDF","Elevated (30C)","E3",37,22,"N",0.127,0.127,0.248,0.123,0.164,0.193,0.057,0.402,0.38717,0.34312,0.46901,"EC",-0.02461,-0.02246,-0.02136
"298","A5",3,"W4","Apo","Control","Ambient (19C)","Tray",31,22,"N",0.286,NA,NA,0.272,NA,NA,NA,0.269,0.63513,NA,0.41281,NA,NA,NA,NA
"299","S7",21,"W40","Sym","PDF","Elevated (30C)","E3",37,22,"N",0.23,0.232,0.226,0.217,0.263,0.284,0.136,0.463,0.41361,0.4759,0.56014,"SW",-0.00248,-0.00231,-0.00185
"300","S7",29,"W41","Sym","PDF","Elevated (30C)","E3",37,22,"N",0.119,0.114,0.11,0.104,0.227,0.207,0.075,0.303,0.32614,0.45572,0.53617,"EC",-0.06287,-0.01313,-0.00842
"301","S7",37,"W42","Sym","PDF","Elevated (30C)","E3",37,22,"N",0.3,0.299,0.285,0.281,0.326,0.141,0.129,0.255,0.23719,0.38209,0.44156,"SW",-0.02034,-0.00324,-0.00231
"302","S7",6,"W43","Sym","PLF","Elevated (30C)","F3",38,22,"N",0.145,0.124,0.123,0.124,0.176,0.074,0.201,0.221,0.34732,0.42342,0.4371,"SW",-0.00609,-0.00419,-0.00853
"303","S7",14,"W44","Sym","PLF","Elevated (30C)","F3",38,22,"N",0.164,0.145,0.141,0.148,0.054,0.138,0.105,0.19,0.4502,0.56582,0.48509,"EC",-0.00857,-0.01084,-0.02366
"304","S7",22,"W45","Sym","PLF","Elevated (30C)","F3",38,22,"N",0.113,0.086,0.087,0.088,0.037,0.16,0.111,0.08,0.40224,0.49692,0.39612,"SW",-0.0054,-0.00447,-0.00841
"305","S7",30,"W46","Sym","PLF","Elevated (30C)","F3",38,22,"N",0.185,0.169,0.167,0.166,0.122,0.278,0.168,0.26,0.33407,0.36543,0.41829,"EC",-0.03019,-0.02855,-0.00892
"306","S8",1,"W47","Sym","PLF","Elevated (30C)","F3",38,20,"N",0.195,0.177,0.179,NA,0.078,0.217,0.485,NA,0.37262,0.49362,NA,"SW",-0.01895,-0.00386,NA
"307","S7",7,"W48","Sym","NDF","Elevated (30C)","G3",39,22,"N",0.103,0.088,0.082,0.073,0.265,0.312,0.063,0.134,0.44645,0.4877,0.46592,"SW",-0.00764,-0.00418,-0.00277
"308","S7",15,"W49","Sym","NDF","Elevated (30C)","G3",39,19,"N",0.114,0.109,0.099,NA,0.407,0.208,0.091,NA,0.45711,0.48285,NA,"EC",NA,-0.03692,NA
"309","A5",11,"W5","Apo","Control","Ambient (19C)","Tray",31,22,"N",0.209,NA,NA,0.194,NA,NA,NA,0.099,0.55248,NA,0.43243,NA,NA,NA,NA
"310","S7",23,"W50","Sym","NDF","Elevated (30C)","G3",39,15,"Y",0.242,0.213,NA,NA,0.345,0.142,0.039,NA,0.36491,0.40989,NA,"SW",-0.00348,NA,NA
"311","S7",31,"W51","Sym","NDF","Elevated (30C)","G3",39,22,"N",0.301,0.288,0.287,0.282,0.071,0.156,0.06,0.218,0.37594,0.44157,0.42704,"EC",NA,-0.00453,-0.01447
"312","S8",2,"W52","Sym","NDF","Elevated (30C)","G3",39,22,"N",0.211,0.203,0.152,0.147,0.405,0.376,0.121,0.218,0.373,0.32621,0.55343,"SW",-0.0026,-0.00092,-0.00114
"313","S7",8,"W53","Sym","NLF","Elevated (30C)","H3",40,22,"N",0.208,0.197,0.198,0.199,0.181,0.218,0.084,0.286,0.42434,0.39433,0.4298,"SW",-0.00459,-0.00523,-0.00989
"314","S7",16,"W54","Sym","NLF","Elevated (30C)","H3",40,22,"N",0.148,0.144,0.16,0.151,0.287,0.251,0.13,0.355,0.35798,0.42583,0.44222,"EC",-0.06108,-0.01108,-0.02954
"315","S7",24,"W55","Sym","NLF","Elevated (30C)","H3",40,22,"N",0.285,0.272,0.282,0.29,0.277,0.179,0.171,0.394,0.35046,0.39889,0.31081,"SW",-0.00601,-0.00603,-0.00564
"316","S7",32,"W56","Sym","NLF","Elevated (30C)","H3",40,22,"N",0.301,0.278,0.251,0.249,0.317,0.146,0.162,0.428,0.42814,0.40437,0.38881,"EC",-0.0337,-0.02001,-0.01193
"317","S8",3,"W57","Sym","NLF","Elevated (30C)","H3",40,22,"N",0.251,0.247,0.253,0.253,0.314,0.188,0.101,0.252,0.43708,0.44073,0.38109,"SW",-0.03209,-0.0027,-0.00503
"318","A9",1,"W58","Apo","PDS","Elevated (30C)","A3",41,22,"N",0.156,0.146,0.146,0.15,0.172,0.059,0.088,0.067,0.52717,0.53684,0.62048,"SW",-0.00894,-0.00285,-0.00207
"319","A9",9,"W59","Apo","PDS","Elevated (30C)","A3",41,22,"N",0.228,0.211,0.206,0.203,0.231,0.332,0.298,0.099,0.51858,0.37923,0.49928,"EC",-0.04328,-0.00317,-0.04439
"320","A10",7,"W60","Apo","PDS","Elevated (30C)","A3",41,22,"N",0.351,0.336,0.333,0.329,0.072,0.339,0.103,0.056,0.40076,0.54345,0.53383,"SW",-0.01779,-0.00378,-0.00127
"321","A11",5,"W62","Apo","PDS","Elevated (30C)","A3",41,22,"N",0.335,0.297,0.292,0.285,0.129,0.27,0.162,0.072,0.53548,0.58225,0.5505,"EC",-0.02611,-0.00212,-0.03162
"322","A11",13,"W63","Apo","PDS","Elevated (30C)","A3",41,21,"N",0.212,0.139,0.131,NA,0.071,0.212,0.149,NA,0.58781,0.67473,0.55238,"SW",-0.00633,-0.01014,NA
"323","A9",2,"W64","Apo","PLS","Elevated (30C)","B3",42,22,"N",0.184,0.18,0.162,0.161,0.13,0.213,0.322,0.11,0.49461,0.57596,0.54553,"SW",-0.04697,-0.00155,-0.01072
"324","A9",10,"W65","Apo","PLS","Elevated (30C)","B3",42,22,"N",0.222,0.209,0.203,0.204,0.09,0.082,0.131,0.092,0.45792,0.4988,0.50364,"EC",-0.03169,-0.0144,-0.03197
"325","A10",8,"W67","Apo","PLS","Elevated (30C)","B3",42,22,"N",0.159,0.16,0.155,0.158,0.133,0.125,0.312,0.087,0.54134,0.53301,0.5551,"SW",-0.05284,-0.00162,-0.00377
"326","A5",19,"W7","Apo","Control","Ambient (19C)","Tray",31,22,"N",0.195,NA,NA,0.177,NA,NA,NA,0.183,0.33033,NA,0.43782,"SW",NA,NA,-0.00376
"327","A11",6,"W70","Apo","PLS","Elevated (30C)","B3",42,12,"N",0.215,0.192,NA,NA,0.141,0.295,NA,NA,0.59084,0.56365,NA,"EC",-0.0345,NA,NA
"328","A11",14,"W71","Apo","PLS","Elevated (30C)","B3",42,22,"N",0.167,0.163,0.154,0.154,0.245,0.118,0.193,0.07,0.55035,0.68836,0.61362,"SW",-0.00859,-0.00508,-0.00472
"329","A9",3,"W72","Apo","NDS","Elevated (30C)","C3",43,22,"N",0.165,0.168,0.151,0.261,0.195,0.201,0.184,0.126,0.58524,0.5934,0.33073,"SW",-0.00366,-0.00422,-0.00159
"330","A10",1,"W73","Apo","NDS","Elevated (30C)","C3",43,22,"N",0.14,0.136,0.132,0.129,0.132,0.248,0.076,0.082,0.50984,0.50045,0.52391,"EC",-0.03198,-0.00437,-0.00353
"331","A10",9,"W74","Apo","NDS","Elevated (30C)","C3",43,22,"N",0.267,0.275,0.266,0.151,0.144,0.166,0.139,0.165,0.47343,0.44582,0.61795,"SW",-0.00224,-0.00161,-0.001
"332","A11",7,"W75","Apo","NDS","Elevated (30C)","C3",43,22,"N",0.128,0.105,0.1,0.097,0.152,0.29,0.273,0.256,0.47951,0.61087,0.4855,"EC",-0.04143,-0.00537,-0.00416
"333","A11",15,"W76","Apo","NDS","Elevated (30C)","C3",43,22,"N",0.124,0.119,0.11,0.197,0.119,0.307,0.113,0.187,0.69141,0.61,0.54801,"SW",-0.00497,-0.0039,-0.00142
"334","A9",4,"W77","Apo","NLS","Elevated (30C)","D3",44,22,"N",0.077,0.086,0.073,0.073,0.194,0.493,0.416,0.323,0.53219,0.5502,0.45799,"SW",-0.03582,-0.00578,-0.00346
"335","A10",2,"W78","Apo","NLS","Elevated (30C)","D3",44,22,"N",0.227,0.228,0.238,0.225,0.086,0.307,0.231,0.221,0.52964,0.58117,0.50523,"EC",-0.0524,-0.03982,-0.02454
"336","A10",10,"W79","Apo","NLS","Elevated (30C)","D3",44,8,"Y",0.223,NA,NA,NA,0.122,0.266,NA,NA,0.46182,0.50374,NA,NA,NA,NA,NA
"337","A7",3,"W8","Apo","Control","Ambient (19C)","Tray",31,22,"N",0.257,NA,NA,0.27,NA,NA,NA,0.226,0.41179,NA,0.49286,"EC",NA,NA,-0.0063
"338","A11",8,"W80","Apo","NLS","Elevated (30C)","D3",44,22,"N",0.185,0.136,0.139,0.126,0.123,0.268,0.533,0.323,0.41094,0.46494,0.31723,"EC",-0.08784,-0.06819,-0.04383
"339","A11",16,"W82","Apo","NLS","Elevated (30C)","D3",44,22,"N",0.132,0.12,0.114,0.14,0.141,0.267,0.533,0.167,0.63701,0.61499,0.55327,"SW",-0.0092,-0.00396,-0.00487
"340","A9",5,"W83","Apo","PDF","Elevated (30C)","E3",45,22,"N",0.141,0.138,0.131,0.124,0.173,0.14,0.333,0.294,0.56268,0.74626,0.46537,"SW",-0.00344,-0.00341,-0.00252
"341","A10",3,"W84","Apo","PDF","Elevated (30C)","E3",45,22,"N",0.306,0.316,0.308,0.295,0.095,0.147,0.09,0.362,0.58248,0.59097,0.52209,"EC",-0.0439,-0.02207,-0.00852
"342","A11",1,"W85","Apo","PDF","Elevated (30C)","E3",45,22,"N",0.092,0.167,0.161,0.151,0.143,0.123,0.228,0.202,0.4701,0.5452,0.56859,"SW",-0.00484,-0.00514,-0.00489
"343","A11",9,"W87","Apo","PDF","Elevated (30C)","E3",45,22,"N",0.203,0.085,0.078,0.066,0.135,0.221,0.168,0.386,0.59483,0.44388,0.52771,"EC",-0.17225,-0.09201,-0.04021
"344","A11",17,"W90","Apo","PDF","Elevated (30C)","E3",45,7,"N",0.02,NA,NA,NA,0.141,NA,NA,NA,0.45623,0.45085,NA,NA,NA,NA,NA
"345","A9",6,"W92","Apo","PLF","Elevated (30C)","F3",46,22,"N",0.123,0.113,0.109,0.108,0.242,0.201,0.257,0.254,0.50154,0.43448,0.31122,"EC",-0.03326,-0.01329,-0.00817
"346","A10",4,"W93","Apo","PLF","Elevated (30C)","F3",46,22,"N",0.294,0.262,0.262,0.264,0.223,0.162,0.244,0.127,0.45283,0.5149,0.51844,"SW",-0.00564,-0.00414,-0.00357
"347","A11",2,"W94","Apo","PLF","Elevated (30C)","F3",46,22,"N",0.08,0.065,0.061,0.059,0.192,0.41,0.383,0.116,0.48336,0.58403,0.37855,"EC",-0.21709,-0.01365,-0.01363
"348","A11",10,"W95","Apo","PLF","Elevated (30C)","F3",46,22,"N",0.145,0.124,0.118,0.115,0.236,0.202,0.362,0.084,0.48315,0.48968,0.35814,"SW",-0.00965,-0.00651,-0.00817
"349","A11",18,"W97","Apo","PLF","Elevated (30C)","F3",46,6,"N",0.208,NA,NA,NA,0.293,NA,NA,NA,0.5802,0.54054,NA,NA,NA,NA,NA
"350","A9",7,"W98","Apo","NDF","Elevated (30C)","G3",47,15,"Y",0.277,0.268,NA,NA,0.197,0.22,0.057,NA,0.46025,0.40528,NA,"SW",-0.00286,NA,NA
"351","A10",5,"Y1","Apo","NDF","Elevated (30C)","G3",47,22,"N",0.208,0.194,0.194,0.188,0.348,0.29,0.083,0.155,0.55066,0.53545,0.55928,"EC",NA,-0.05843,-0.00363
"352","A11",12,"Y10","Apo","NLF","Elevated (30C)","H3",48,11,"N",0.109,0.09,NA,NA,0.106,0.337,NA,NA,0.62159,0.6558,NA,"SW",-0.14541,NA,NA
"353","A11",20,"Y11","Apo","NLF","Elevated (30C)","H3",48,22,"N",0.234,0.183,0.203,0.214,0.137,0.117,0.216,0.53,0.52021,0.53823,0.35622,"EC",-0.01485,-0.00953,-0.01155
"354","A16",20,"Y113","Apo","Control","Ambient (19C)","Tray",76,22,"N",0.19,NA,NA,0.169,NA,NA,NA,0.137,0.59327,NA,0.58789,"SW",NA,NA,-0.00467
"355","S9",1,"Y12","Sym","PDS","Elevated (30C)","A4",49,8,"N",0.203,0.186,NA,NA,0.203,0.084,NA,NA,0.2873,0.40685,NA,"EC",-0.00918,NA,NA
"356","A16",21,"Y128","Apo","Control","Ambient (19C)","Tray",77,22,"N",0.353,NA,NA,0.358,NA,NA,NA,0.145,0.41646,NA,0.44954,NA,NA,NA,NA
"357","S10",1,"Y13","Sym","PDS","Elevated (30C)","A4",49,13,"N",0.167,0.148,NA,NA,0.253,0.17,NA,NA,0.38928,0.45075,NA,"SW",-0.01656,NA,NA
"358","A14",6,"Y137","Apo","Control","Ambient (19C)","Tray",77,22,"N",0.325,NA,NA,0.303,NA,NA,NA,0.108,0.26683,NA,0.41338,NA,NA,NA,NA
"359","S11",2,"Y14","Sym","PDS","Elevated (30C)","A4",49,15,"Y",0.144,0.131,NA,NA,0.26,0.192,0.211,NA,0.38543,0.45177,NA,"EC",-0.08518,NA,NA
"360","S11",10,"Y15","Sym","PDS","Elevated (30C)","A4",49,22,"N",0.156,0.127,0.13,0.129,0.151,0.412,0.186,0.076,0.33076,0.42329,0.50343,"SW",-0.0168,-0.00302,-0.00103
"361","A16",5,"Y156","Apo","Control","Ambient (19C)","Tray",77,22,"N",0.185,NA,NA,0.184,NA,NA,NA,0.205,0.55186,NA,0.50772,"EC",NA,NA,-0.00973
"362","A16",13,"Y164","Apo","Control","Ambient (19C)","Tray",77,22,"N",0.41,NA,NA,0.395,NA,NA,NA,0.211,0.33012,NA,0.38064,"SW",NA,NA,-0.00481
"363","S12",6,"Y17","Sym","PDS","Elevated (30C)","A4",49,22,"N",0.222,0.209,0.196,0.196,0.177,0.196,0.128,0.106,0.37475,0.45688,0.56276,"EC",-0.00612,-0.00377,-0.00443
"364","A15",8,"Y1819","Apo","Control","Ambient (19C)","Tray",78,22,"N",0.251,NA,NA,0.218,NA,NA,NA,0.147,0.43919,NA,0.51121,"SW",NA,NA,-0.00585
"365","A11",3,"Y2","Apo","NDF","Elevated (30C)","G3",47,19,"N",0.156,0.144,0.126,NA,0.247,0.107,0.088,NA,0.60641,0.59037,NA,"SW",-0.0051,-0.00525,NA
"366","S9",2,"Y20","Sym","PLS","Elevated (30C)","B4",50,8,"N",0.091,NA,NA,NA,0.404,NA,NA,NA,0.26693,0.35095,NA,NA,NA,NA,NA
"367","S10",2,"Y21","Sym","PLS","Elevated (30C)","B4",50,17,"N",0.12,0.117,0.108,NA,0.16,0.156,0.252,NA,0.34129,0.38125,NA,"EC",-0.01572,-0.02726,NA
"368","A16",12,"Y210","Apo","Control","Ambient (19C)","Tray",76,22,"N",0.547,NA,NA,0.52,NA,NA,NA,0.305,0.36606,NA,0.31343,NA,NA,NA,NA
"369","A16",14,"Y2129","Apo","Control","Ambient (19C)","Tray",78,22,"N",0.276,NA,NA,0.26,NA,NA,NA,0.217,0.39993,NA,0.4917,NA,NA,NA,NA
"370","S11",3,"Y22","Sym","PLS","Elevated (30C)","B4",50,22,"N",0.158,0.156,0.156,0.149,0.313,0.131,0.249,0.073,0.25878,0.35849,0.34521,"SW",-0.00802,-0.00472,-0.0043
"371","A15",1,"Y2223","Apo","Control","Ambient (19C)","Tray",79,22,"N",0.186,NA,NA,0.204,NA,NA,NA,0.072,0.46506,NA,0.56417,"EC",NA,NA,-0.01325
"372","S11",11,"Y23","Sym","PLS","Elevated (30C)","B4",50,22,"N",0.165,0.151,0.156,0.151,0.147,0.116,0.151,0.067,0.33043,0.59402,0.65689,"EC",-0.05388,-0.03739,-0.01201
"373","S12",7,"Y24","Sym","PLS","Elevated (30C)","B4",50,22,"N",0.1,0.099,0.097,0.096,0.188,0.184,0.068,0.053,0.48108,0.47665,0.63861,"SW",-0.00786,-0.00416,-0.00623
"374","A17",2,"Y2437","Apo","Control","Ambient (19C)","Tray",79,22,"N",0.226,NA,NA,0.203,NA,NA,NA,0.097,0.38861,NA,0.47864,NA,NA,NA,NA
"375","S9",3,"Y25","Sym","NDS","Elevated (30C)","C4",51,22,"N",0.45,0.437,0.372,0.372,0.227,0.176,0.129,0.144,0.33749,0.39502,0.38531,"EC",-0.04761,-0.01604,-0.03839
"376","S10",3,"Y26","Sym","NDS","Elevated (30C)","C4",51,22,"N",0.165,0.172,0.159,0.151,0.271,0.057,0.101,0.209,0.32248,0.35777,0.48771,"SW",-0.00777,-0.00472,-0.00231
"377","S11",4,"Y27","Sym","NDS","Elevated (30C)","C4",51,22,"N",0.153,0.14,0.133,0.134,0.196,0.077,0.152,0.152,0.31808,0.43933,0.46856,"EC",-0.00476,-0.01374,-0.00684
"378","S11",12,"Y28","Sym","NDS","Elevated (30C)","C4",51,22,"N",0.171,0.172,0.16,0.154,0.26,0.028,0.088,0.152,0.2732,0.44745,0.46808,"SW",-0.00774,-0.0037,-0.00359
"379","A16",6,"Y2820","Apo","Control","Ambient (19C)","Tray",78,22,"N",0.106,NA,NA,0.1,NA,NA,NA,0.331,0.57127,NA,0.58098,"EC",NA,NA,-0.175
"380","S12",8,"Y29","Sym","NDS","Elevated (30C)","C4",51,22,"N",0.144,0.138,0.131,0.13,0.265,0.069,0.089,0.208,0.49652,0.51099,0.6434,"EC",-0.01961,-0.00487,-0.00292
"381","A11",11,"Y3","Apo","NDF","Elevated (30C)","G3",47,19,"N",0.193,0.162,0.158,NA,0.327,0.209,0.129,NA,0.64975,0.6316,NA,"EC",NA,-0.00781,NA
"382","S9",4,"Y30","Sym","NLS","Elevated (30C)","D4",52,20,"N",0.426,0.42,0.386,NA,0.213,0.274,0.425,NA,0.30505,0.30957,NA,"EC",-0.07527,-0.03129,NA
"383","S10",4,"Y31","Sym","NLS","Elevated (30C)","D4",52,22,"N",0.225,0.242,0.226,0.229,0.268,0.19,0.357,0.339,0.35247,0.30931,0.32586,"SW",-0.03468,-0.01307,-0.00385
"384","A17",1,"Y3130","Apo","Control","Ambient (19C)","Tray",78,22,"N",0.268,NA,NA,0.228,NA,NA,NA,0.101,0.54569,NA,0.50572,NA,NA,NA,NA
"385","S11",5,"Y32","Sym","NLS","Elevated (30C)","D4",52,22,"N",0.193,0.2,0.196,0.194,0.227,0.248,0.189,0.136,0.28086,0.32645,0.47304,"EC",-0.02875,-0.05322,-0.00843
"386","A16",15,"Y3225","Apo","Control","Ambient (19C)","Tray",79,22,"N",0.11,NA,NA,0.099,NA,NA,NA,0.284,0.41339,NA,0.58973,"SW",NA,NA,-0.02294
"387","S12",1,"Y33","Sym","NLS","Elevated (30C)","D4",52,22,"N",0.206,0.206,0.199,0.198,0.147,0.161,0.032,0.252,0.45352,0.4586,0.54081,"SW",-0.01131,-0.00327,-0.00518
"388","S12",9,"Y34","Sym","NLS","Elevated (30C)","D4",52,22,"N",0.292,0.277,0.287,0.27,0.161,0.216,0.146,0.16,0.27598,0.37651,0.5084,"EC",-0.03404,-0.027,-0.02475
"389","A16",7,"Y3433","Apo","Control","Ambient (19C)","Tray",79,22,"N",0.392,NA,NA,0.395,NA,NA,NA,0.129,0.37077,NA,0.50674,NA,NA,NA,NA
"390","S9",5,"Y35","Sym","PDF","Elevated (30C)","E4",53,22,"N",0.137,0.132,0.119,0.118,0.251,0.149,0.094,0.396,0.34303,0.43309,0.48178,"EC",-0.05047,-0.01098,-0.00651
"391","S10",5,"Y36","Sym","PDF","Elevated (30C)","E4",53,22,"N",0.163,0.161,0.143,0.128,0.197,0.094,0.132,0.23,0.39086,0.47448,0.52879,"SW",-0.00644,-0.00406,-0.00393
"392","A15",9,"Y3635","Apo","Control","Ambient (19C)","Tray",79,22,"N",0.134,NA,NA,0.116,NA,NA,NA,0.346,0.51473,NA,0.47636,NA,NA,NA,NA
"393","S11",6,"Y37","Sym","PDF","Elevated (30C)","E4",53,22,"N",0.184,0.188,0.177,0.166,0.146,0.161,0.223,0.458,0.3919,0.62956,0.69532,"EC",-0.02578,-0.01194,-0.01446
"394","S12",2,"Y38","Sym","PDF","Elevated (30C)","E4",53,22,"N",0.157,0.132,0.128,0.119,0.234,0.136,0.25,0.416,0.46178,0.42758,0.54108,"SW",-0.01187,-0.00419,-0.00429
"395","S13",1,"Y39","Sym","PDF","Elevated (30C)","E4",53,22,"N",0.252,0.249,0.248,0.24,0.132,0.081,0.225,0.246,0.40724,0.51826,0.39428,"EC",-0.02164,-0.00758,-0.00405
"396","A11",19,"Y4","Apo","NDF","Elevated (30C)","G3",47,11,"N",0.363,0.296,NA,NA,0.257,0.203,NA,NA,0.57833,0.60155,NA,"SW",-0.00492,NA,NA
"397","S9",6,"Y40","Sym","PLF","Elevated (30C)","F4",54,12,"N",0.104,0.093,NA,NA,0.228,0.213,NA,NA,0.36765,0.51323,NA,"EC",-0.00813,NA,NA
"398","S10",6,"Y41","Sym","PLF","Elevated (30C)","F4",54,22,"N",0.359,0.331,0.339,0.337,0.108,0.1,0.166,0.136,0.25257,0.44195,0.39348,"SW",-0.06913,-0.01081,-0.07104
"399","S19",12,"Y4156","Sym","Control","Ambient (19C)","Tray",81,22,"N",0.157,NA,NA,0.15,NA,NA,NA,0.409,0.44277,NA,0.42791,"EC",NA,NA,-0.01481
"400","S11",7,"Y42","Sym","PLF","Elevated (30C)","F4",54,22,"N",0.159,0.147,0.144,0.144,0.092,0.127,0.189,0.178,0.25439,0.35719,0.40409,"EC",-0.11265,-0.08891,-0.02585
"401","S12",3,"Y43","Sym","PLF","Elevated (30C)","F4",54,22,"N",0.245,0.226,0.225,0.223,0.091,0.118,0.126,0.184,0.30937,0.38649,0.45679,"SW",-0.01752,-0.01159,-0.00443
"402","A16",8,"Y4350","Apo","Control","Ambient (19C)","Tray",80,22,"N",0.247,NA,NA,0.249,NA,NA,NA,0.186,0.47919,NA,0.44546,"EC",NA,NA,-0.01817
"403","S13",2,"Y44","Sym","PLF","Elevated (30C)","F4",54,22,"N",0.127,0.118,0.113,0.119,0.196,0.126,0.106,0.124,0.38532,0.46547,0.49794,"EC",-0.0129,-0.01311,-0.01919
"404","A16",16,"Y4451","Apo","Control","Ambient (19C)","Tray",80,22,"N",0.174,NA,NA,0.16,NA,NA,NA,0.258,0.37931,NA,0.3751,"SW",NA,NA,-0.0428
"405","S9",7,"Y45","Sym","NDF","Elevated (30C)","G4",55,11,"N",0.277,0.259,NA,NA,0.324,0.078,NA,NA,0.41554,0.41884,NA,NA,NA,NA,NA
"406","A17",3,"Y4542","Apo","Control","Ambient (19C)","Tray",80,22,"N",0.405,NA,NA,0.363,NA,NA,NA,0.119,0.44123,NA,0.45543,NA,NA,NA,NA
"407","S10",7,"Y46","Sym","NDF","Elevated (30C)","G4",55,12,"N",0.303,0.286,NA,NA,0.367,0.187,NA,NA,0.32404,0.38686,NA,"SW",-0.00153,NA,NA
"408","S11",8,"Y47","Sym","NDF","Elevated (30C)","G4",55,18,"N",0.165,0.143,NA,NA,0.418,0.291,0.15,NA,0.428,0.39028,NA,"EC",NA,-0.01434,NA
"409","S17",9,"Y4738","Sym","Control","Ambient (19C)","Tray",81,22,"N",0.264,NA,NA,0.251,NA,NA,NA,0.359,0.2791,NA,0.35462,NA,NA,NA,NA
"410","S12",4,"Y48","Sym","NDF","Elevated (30C)","G4",55,22,"N",0.281,0.273,0.268,0.263,0.273,0.119,0.043,0.126,0.34007,0.39979,0.52761,"SW",-0.00566,-0.00223,-0.00139
"411","A15",2,"Y4839","Apo","Control","Ambient (19C)","Tray",80,22,"N",0.146,NA,NA,0.133,NA,NA,NA,0.158,0.50024,NA,0.50909,NA,NA,NA,NA
"412","S13",3,"Y49","Sym","NDF","Elevated (30C)","G4",55,19,"N",0.142,0.134,0.152,NA,0.07,0.1,0.144,NA,0.31909,0.35336,NA,"EC",NA,-0.00353,NA
"413","S17",1,"Y4940","Sym","Control","Ambient (19C)","Tray",81,22,"N",0.12,NA,NA,0.119,NA,NA,NA,0.18,0.23331,NA,0.29616,"SW",NA,NA,-0.00515
"414","A9",8,"Y5","Apo","NLF","Elevated (30C)","H3",48,22,"N",0.312,0.303,0.296,0.277,0.16,0.132,0.066,0.247,0.5097,0.59895,0.47291,"SW",-0.04319,-0.01076,-0.00355
"415","S9",8,"Y50","Sym","NLF","Elevated (30C)","H4",56,9,"N",0.273,0.259,NA,NA,0.184,0.111,NA,NA,0.22688,0.30381,NA,"EC",-0.02395,NA,NA
"416","S11",1,"Y51","Sym","NLF","Elevated (30C)","H4",56,22,"N",0.103,0.098,0.096,0.097,0.255,0.159,0.141,0.454,0.36649,0.41947,0.37529,"SW",-0.00732,-0.00638,-0.0046
"417","A14",7,"Y517","Apo","Control","Ambient (19C)","Tray",78,22,"N",0.452,NA,NA,0.391,NA,NA,NA,0.095,0.33363,NA,0.55195,NA,NA,NA,NA
"418","S11",9,"Y52","Sym","NLF","Elevated (30C)","H4",56,18,"N",0.176,0.166,0.186,NA,0.175,0.258,0.047,NA,0.27066,0.42332,NA,"EC",-0.01249,-0.02434,NA
"419","S17",10,"Y5281","Sym","Control","Ambient (19C)","Tray",82,22,"N",0.204,NA,NA,0.194,NA,NA,NA,0.4,0.21086,NA,0.32899,"EC",NA,NA,-0.0936
"420","S12",5,"Y53","Sym","NLF","Elevated (30C)","H4",56,22,"N",0.328,0.274,0.28,0.274,0.156,0.124,0.091,0.474,0.33041,0.49837,0.35342,"SW",-0.00775,-0.02559,-0.00655
"421","A15",10,"Y5354","Apo","Control","Ambient (19C)","Tray",80,22,"N",0.159,NA,NA,0.152,NA,NA,NA,0.105,0.45748,NA,0.59066,NA,NA,NA,NA
"422","S13",4,"Y54","Sym","NLF","Elevated (30C)","H4",56,18,"N",0.234,0.224,0.23,NA,0.067,0.14,0.06,NA,0.35382,0.42708,NA,"EC",-0.01697,-0.01448,NA
"423","A12",1,"Y55","Apo","PDS","Elevated (30C)","A4",57,11,"N",0.115,0.098,NA,NA,0.221,0.061,NA,NA,0.42536,0.47632,NA,"EC",-0.0075,NA,NA
"424","A25",2,"Y56","Apo","PDS","Elevated (30C)","A4",57,22,"N",0.315,0.278,0.288,0.269,0.112,0.129,0.102,0.054,0.31395,0.52737,0.49841,"SW",-0.00813,-0.00266,-0.00182
"425","A12",17,"Y57","Apo","PDS","Elevated (30C)","A4",57,11,"N",0.191,0.177,0.288,NA,0.317,0.272,NA,NA,0.43119,0.54502,NA,"EC",-0.00619,NA,NA
"426","S18",6,"Y5755","Sym","Control","Ambient (19C)","Tray",81,22,"N",0.139,NA,NA,0.125,NA,NA,NA,0.394,0.41039,NA,0.47705,NA,NA,NA,NA
"427","A13",7,"Y58","Apo","PDS","Elevated (30C)","A4",57,22,"N",0.211,0.191,0.187,0.183,0.1,0.235,0.149,0.057,0.45335,0.67443,0.51869,"SW",-0.00922,-0.00478,-0.00358
"428","A13",14,"Y59","Apo","PDS","Elevated (30C)","A4",57,22,"N",0.164,0.158,0.145,0.148,0.058,0.306,0.432,0.212,0.68402,0.62753,0.62045,"EC",-0.0176,-0.01076,-0.00744
"429","A12",2,"Y60","Apo","PLS","Elevated (30C)","B4",58,22,"N",0.152,0.151,0.131,0.133,0.267,0.288,0.178,0.241,0.37883,0.35678,0.39215,"EC",-0.00524,-0.00266,-0.00881
"430","S19",8,"Y615","Sym","Control","Ambient (19C)","Tray",85,22,"N",0.26,NA,NA,0.243,NA,NA,NA,0.434,0.2058,NA,0.27043,"EC",NA,NA,-0.07092
"431","S19",5,"Y6172","Sym","Control","Ambient (19C)","Tray",82,22,"N",0.28,NA,NA,0.275,NA,NA,NA,0.404,0.24896,NA,0.3472,"SW",NA,NA,-0.01002
"432","A12",10,"Y62","Apo","PLS","Elevated (30C)","B4",58,11,"N",0.307,0.305,NA,NA,0.155,0.394,NA,NA,0.41029,0.44205,NA,"SW",-0.03432,NA,NA
"433","A12",18,"Y63","Apo","PLS","Elevated (30C)","B4",58,11,"N",0.269,0.27,NA,NA,0.124,0.282,NA,NA,0.62102,0.49607,NA,"EC",-0.03454,NA,NA
"434","S18",7,"Y6359","Sym","Control","Ambient (19C)","Tray",82,22,"N",0.202,NA,NA,0.176,NA,NA,NA,0.429,0.29441,NA,0.44997,NA,NA,NA,NA
"435","A13",8,"Y64","Apo","PLS","Elevated (30C)","B4",58,22,"N",0.162,0.16,0.135,0.131,0.117,0.1,0.09,0.095,0.55982,0.53657,0.5366,"SW",-0.0245,-0.00508,-0.00555
"436","A13",15,"Y65","Apo","PLS","Elevated (30C)","B4",58,22,"N",0.123,0.112,0.111,0.115,0.217,0.183,0.152,0.069,0.70353,0.615,0.57967,"EC",-0.0078,-0.00314,-0.01019
"437","S19",4,"Y6599","Sym","Control","Ambient (19C)","Tray",81,22,"N",0.215,NA,NA,0.212,NA,NA,NA,0.451,0.14198,NA,0.26127,"SW",NA,NA,-0.00559
"438","S17",5,"Y6688","Sym","Control","Ambient (19C)","Tray",85,22,"N",0.254,NA,NA,0.238,NA,NA,NA,0.45,0.2224,NA,0.39273,"SW",NA,NA,-0.00517
"439","A12",3,"Y67","Apo","NDS","Elevated (30C)","C4",59,22,"N",0.173,0.163,0.157,0.153,0.267,0.256,0.298,0.251,0.45933,0.46953,0.421,"EC",-0.0493,-0.00342,-0.00722
"440","S19",6,"Y6758","Sym","Control","Ambient (19C)","Tray",83,22,"N",0.309,NA,NA,0.288,NA,NA,NA,0.396,0.14836,NA,0.30689,"SW",NA,NA,-0.00532
"441","S18",2,"Y6806","Sym","Control","Ambient (19C)","Tray",85,22,"N",0.271,NA,NA,0.225,NA,NA,NA,0.352,0.37378,NA,0.39268,NA,NA,NA,NA
"442","S18",8,"Y6908","Sym","Control","Ambient (19C)","Tray",83,22,"N",0.258,NA,NA,0.245,NA,NA,NA,0.4,0.41946,NA,0.45866,NA,NA,NA,NA
"443","A25",7,"Y7","Apo","NLF","Elevated (30C)","H3",48,4,"N",0.394,NA,NA,NA,0.22,NA,NA,NA,0.38226,0.375,NA,NA,NA,NA,NA
"444","A12",11,"Y70","Apo","NDS","Elevated (30C)","C4",59,22,"N",0.193,0.184,0.118,0.173,0.154,0.32,0.2,0.212,0.61547,0.52967,0.52041,"SW",-0.00263,-0.00304,-0.00164
"445","S17",3,"Y7071","Sym","Control","Ambient (19C)","Tray",83,22,"N",0.23,NA,NA,0.23,NA,NA,NA,0.193,0.42856,NA,0.33358,"SW",NA,NA,-0.0024
"446","A13",1,"Y71","Apo","NDS","Elevated (30C)","C4",59,22,"N",0.213,0.198,0.182,0.178,0.099,0.133,0.2,0.133,0.24268,0.5194,0.46986,"EC",-0.10715,-0.01985,-0.00801
"447","A13",9,"Y72","Apo","NDS","Elevated (30C)","C4",59,22,"N",0.149,0.126,0.118,0.108,0.143,0.261,0.25,0.129,0.28384,0.43274,0.46898,"SW",-0.00226,-0.00354,-0.00354
"448","A13",16,"Y73","Apo","NDS","Elevated (30C)","C4",59,22,"N",0.265,0.265,0.245,0.232,0.079,0.172,0.329,0.247,0.6277,0.64842,0.57907,"EC",-0.02705,-0.00742,-0.00841
"449","S19",14,"Y7364","Sym","Control","Ambient (19C)","Tray",83,22,"N",0.533,NA,NA,0.497,NA,NA,NA,0.353,0.17732,NA,0.30404,"EC",NA,NA,-0.06303
"450","A12",4,"Y74","Apo","NLS","Elevated (30C)","D4",60,22,"N",0.159,0.154,0.162,0.151,0.16,0.202,0.193,0.304,0.49492,0.5825,0.4512,"EC",-0.02111,-0.04294,-0.06911
"451","S17",11,"Y7409","Sym","Control","Ambient (19C)","Tray",83,22,"N",0.272,NA,NA,0.257,NA,NA,NA,0.445,0.23551,NA,0.26159,NA,NA,NA,NA
"452","A12",12,"Y75","Apo","NLS","Elevated (30C)","D4",60,22,"N",0.191,0.154,0.144,0.138,0.099,0.253,0.206,0.26,0.62443,0.61323,0.58313,"SW",-0.01357,-0.00293,-0.00398
"453","A13",2,"Y76","Apo","NLS","Elevated (30C)","D4",60,22,"N",0.163,0.177,0.185,0.192,0.072,0.222,0.181,0.351,0.51238,0.63044,0.54957,"EC",-0.04568,-0.01931,-0.00917
"454","S17",2,"Y7679","Sym","Control","Ambient (19C)","Tray",82,22,"N",0.131,NA,NA,0.129,NA,NA,NA,0.389,0.22501,NA,0.32609,"SW",NA,NA,-0.0083
"455","A13",10,"Y77","Apo","NLS","Elevated (30C)","D4",60,22,"N",0.103,0.103,0.101,0.099,0.057,0.309,0.358,0.364,0.23476,0.5256,0.43558,"SW",-0.01254,-0.00599,-0.00528
"456","A13",17,"Y78","Apo","NLS","Elevated (30C)","D4",60,22,"N",0.308,0.259,0.243,0.247,0.185,0.302,0.202,0.162,0.47375,0.48248,0.43721,"EC",-0.03658,-0.05721,-0.03724
"457","A12",5,"Y79","Apo","PDF","Elevated (30C)","E4",61,22,"N",0.057,0.047,0.044,0.034,0.264,0.206,0.382,0.413,0.36109,0.45223,0.50338,"SW",-0.01721,-0.01881,0.001529
"458","A11",4,"Y8","Apo","NLF","Elevated (30C)","H3",48,22,"N",0.147,0.13,0.127,0.129,0.158,0.298,0.295,0.529,0.5609,0.5586,0.25497,"EC",-0.00663,-0.01414,-0.02195
"459","A12",13,"Y80","Apo","PDF","Elevated (30C)","E4",61,7,"N",0.295,NA,NA,NA,0.109,NA,NA,NA,0.54244,0.53595,NA,NA,NA,NA,NA
"460","A13",3,"Y82","Apo","PDF","Elevated (30C)","E4",61,22,"N",0.119,0.122,0.091,0.092,0.194,0.195,0.281,0.402,0.39005,0.48334,0.50112,"EC",-0.01165,-0.01392,-0.01137
"461","S19",15,"Y8291","Sym","Control","Ambient (19C)","Tray",84,22,"N",0.302,NA,NA,0.284,NA,NA,NA,0.392,0.22773,NA,0.30756,NA,NA,NA,NA
"462","A13",11,"Y83","Apo","PDF","Elevated (30C)","E4",61,22,"N",0.254,0.231,0.213,0.203,0.192,0.184,0.141,0.502,0.42311,0.50627,0.54766,"SW",-0.00916,-0.00552,0.000256
"463","A13",18,"Y84","Apo","PDF","Elevated (30C)","E4",61,22,"N",0.186,0.192,0.166,0.161,0.198,0.407,0.119,0.304,0.37035,0.46937,0.37576,"EC",-0.01277,-0.0078,-0.00983
"464","S19",7,"Y8483","Sym","Control","Ambient (19C)","Tray",84,22,"N",0.418,NA,NA,0.398,NA,NA,NA,0.341,0.2897,NA,0.34244,NA,NA,NA,NA
"465","A12",6,"Y85","Apo","PLF","Elevated (30C)","F4",62,6,"N",0.279,NA,NA,NA,0.262,NA,NA,NA,0.49301,0.45558,NA,NA,NA,NA,NA
"466","A12",14,"Y87","Apo","PLF","Elevated (30C)","F4",62,6,"N",0.416,NA,NA,NA,0.195,NA,NA,NA,0.65986,0.48913,NA,NA,NA,NA,NA
"467","S18",1,"Y8794","Sym","Control","Ambient (19C)","Tray",84,22,"N",0.081,NA,NA,0.067,NA,NA,NA,0.424,0.55507,NA,0.42371,"EC",NA,NA,-0.02718
"468","A13",4,"Y88","Apo","PLF","Elevated (30C)","F4",62,22,"N",0.178,0.147,0.152,0.149,0.133,0.162,0.212,0.369,0.53083,0.5871,0.52196,"EC",-0.05938,-0.07673,-0.15659
"469","S19",13,"Y8975","Sym","Control","Ambient (19C)","Tray",82,22,"N",0.354,NA,NA,0.344,NA,NA,NA,0.384,0.33319,NA,0.4074,NA,NA,NA,NA
"470","A12",7,"Y90","Apo","NDF","Elevated (30C)","G4",63,6,"N",0.074,NA,NA,NA,0.283,NA,NA,NA,0.4492,0.44445,NA,NA,NA,NA,NA
"471","A15",7,"Y914","Apo","Control","Ambient (19C)","Tray",77,22,"N",0.078,NA,NA,0.069,NA,NA,NA,0.277,0.47475,NA,0.55176,NA,NA,NA,NA
"472","A13",19,"Y92","Apo","PLF","Elevated (30C)","F4",62,22,"N",0.331,0.259,0.262,0.253,0.22,0.156,0.184,0.069,0.42705,0.54105,0.46698,"SW",-0.00438,-0.00293,-0.00371
"473","S18",10,"Y9278","Sym","Control","Ambient (19C)","Tray",85,22,"N",0.271,NA,NA,0.237,NA,NA,NA,0.429,0.22622,NA,0.39179,"SW",NA,NA,-0.00643
"474","A13",20,"Y93","Apo","PLF","Elevated (30C)","F4",62,22,"N",0.278,0.265,0.241,0.25,0.144,0.141,0.228,0.171,0.36918,0.48369,0.50467,"EC",-0.03477,-0.0519,-0.04972
"475","S20",1,"Y9398","Sym","Control","Ambient (19C)","Tray",85,22,"N",0.106,NA,NA,0.1,NA,NA,NA,0.414,0.3974,NA,0.34894,NA,NA,NA,NA
"476","A12",15,"Y94","Apo","NDF","Elevated (30C)","G4",63,6,"N",0.152,NA,NA,NA,0.299,NA,NA,NA,0.62684,0.4621,NA,NA,NA,NA,NA
"477","A13",5,"Y95","Apo","NDF","Elevated (30C)","G4",63,11,"N",0.176,0.143,NA,NA,0.253,0.27,NA,NA,0.34506,0.41019,NA,NA,NA,NA,NA
"478","S17",4,"Y9597","Sym","Control","Ambient (19C)","Tray",84,22,"N",0.192,NA,NA,0.186,NA,NA,NA,0.397,0.20635,NA,0.4109,NA,NA,NA,NA
"479","A13",12,"Y97","Apo","NDF","Elevated (30C)","G4",63,9,"N",0.389,NA,NA,NA,0.258,0.087,NA,NA,0.33089,0.49657,NA,"SW",-0.00753,NA,NA
"480","S18",9,"Y9885","Sym","Control","Ambient (19C)","Tray",84,22,"N",0.104,NA,NA,0.091,NA,NA,NA,0.409,0.27518,NA,0.45681,"SW",NA,NA,-0.00816
