input.rate,converted.rate,volumetric,mass.specific,input.o2.unit,input.time.unit,output.unit,vial,B.TAG,Day,Sym.state,Bacteria,Treatment,Plastic,Light,Food,Temperature
-0.13656,-0.30991,-0.58884,-0.0039,%,min,umol/min/g,A2,G4,8,sym,SW,PDS,Plastic,Dark,Starved,Elevated
-0.568,-1.28906,-2.44921,-0.01324,%,min,umol/min/g,A3,G27,8,sym,SW,PDS,Plastic,Dark,Starved,Elevated
-0.09957,-0.22597,-0.42934,-0.00443,%,min,umol/min/g,A4,B20,8,sym,SW,PDS,Plastic,Dark,Starved,Elevated
-1.36764,-3.10382,-5.89726,-0.03805,%,min,umol/min/g,A5,W20,8,sym,SW,PDS,Plastic,Dark,Starved,Elevated
-0.56834,-1.28983,-2.45068,-0.01656,%,min,umol/min/g,A6,Y13,8,sym,SW,PDS,Plastic,Dark,Starved,Elevated
-0.70194,-1.59303,-2.86746,-0.00851,%,min,umol/min/g,B2,G25,8,sym,SW,PDS,Plastic,Dark,Starved,Elevated
-0.11961,-0.27146,-0.51578,-0.00555,%,min,umol/min/g,B3,B14,8,sym,SW,PDS,Plastic,Dark,Starved,Elevated
-0.10525,-0.23887,-0.45384,-0.00428,%,min,umol/min/g,B4,W15,8,sym,SW,PDS,Plastic,Dark,Starved,Elevated
-3.63874,-8.258,-15.6902,-0.04784,%,min,umol/min/g,B5,W22,8,sym,SW,PDS,Plastic,Dark,Starved,Elevated
-0.49466,-1.12262,-2.13298,-0.0168,%,min,umol/min/g,B6,Y15,8,sym,SW,PDS,Plastic,Dark,Starved,Elevated
-0.06056,-0.13745,-0.26115,-0.00475,%,min,umol/min/g,C2,G59,8,apo,SW,PDS,Plastic,Dark,Starved,Elevated
-0.21897,-0.49694,-0.94418,-0.0054,%,min,umol/min/g,C3,B64,8,apo,SW,PDS,Plastic,Dark,Starved,Elevated
-0.30276,-0.6871,-1.30549,-0.00894,%,min,umol/min/g,C4,W58,8,apo,SW,PDS,Plastic,Dark,Starved,Elevated
-0.20402,-0.46301,-0.87972,-0.00633,%,min,umol/min/g,C5,W63,8,apo,SW,PDS,Plastic,Dark,Starved,Elevated
-0.52407,-1.18935,-2.25977,-0.00813,%,min,umol/min/g,C6,Y56,8,apo,SW,PDS,Plastic,Dark,Starved,Elevated
-0.16562,-0.37588,-0.71417,-0.00632,%,min,umol/min/g,D2,G63,8,apo,SW,PDS,Plastic,Dark,Starved,Elevated
-0.16562,-0.37588,-0.71417,-0.00455,%,min,umol/min/g,D3,B67,8,apo,SW,PDS,Plastic,Dark,Starved,Elevated
-1.46297,-3.32016,-5.97629,-0.01779,%,min,umol/min/g,D4,W60,8,apo,SW,PDS,Plastic,Dark,Starved,Elevated
-0.40859,-0.92729,-1.76185,-0.00922,%,min,umol/min/g,D5,Y58,8,apo,SW,PDS,Plastic,Dark,Starved,Elevated
-0.14019,-0.33019,-0.62736,-0.00427,%,min,umol/min/g,A2,G4,15,sym,SW,PDS,Plastic,Dark,Starved,Elevated
-0.24151,-0.56881,-1.02386,-0.00298,%,min,umol/min/g,A3,G25,15,sym,SW,PDS,Plastic,Dark,Starved,Elevated
-0.1331,-0.31349,-0.59564,-0.00315,%,min,umol/min/g,A4,G27,15,sym,SW,PDS,Plastic,Dark,Starved,Elevated
-0.0719,-0.16934,-0.32174,-0.00354,%,min,umol/min/g,A5,B14,15,sym,SW,PDS,Plastic,Dark,Starved,Elevated
-0.06434,-0.15155,-0.28794,-0.00294,%,min,umol/min/g,A6,B20,15,sym,SW,PDS,Plastic,Dark,Starved,Elevated
-0.07696,-0.18126,-0.32627,-0.00311,%,min,umol/min/g,B2,W15,15,sym,SW,PDS,Plastic,Dark,Starved,Elevated
-0.11398,-0.26846,-0.51008,-0.00315,%,min,umol/min/g,B3,W20,15,sym,SW,PDS,Plastic,Dark,Starved,Elevated
-0.25877,-0.60948,-1.15801,-0.00439,%,min,umol/min/g,B4,W22,15,sym,SW,PDS,Plastic,Dark,Starved,Elevated
-0.08774,-0.20665,-0.39264,-0.00302,%,min,umol/min/g,B5,Y15,15,sym,SW,PDS,Plastic,Dark,Starved,Elevated
-0.03932,-0.0926,-0.17595,-0.00326,%,min,umol/min/g,C2,G59,15,apo,SW,PDS,Plastic,Dark,Starved,Elevated
-0.12203,-0.28741,-0.54608,-0.0051,%,min,umol/min/g,C3,G63,15,apo,SW,PDS,Plastic,Dark,Starved,Elevated
-0.09181,-0.21623,-0.41084,-0.00228,%,min,umol/min/g,C4,B64,15,apo,SW,PDS,Plastic,Dark,Starved,Elevated
-0.09056,-0.21329,-0.40525,-0.00278,%,min,umol/min/g,C5,B67,15,apo,SW,PDS,Plastic,Dark,Starved,Elevated
-0.09293,-0.21888,-0.41586,-0.00285,%,min,umol/min/g,C6,W58,15,apo,SW,PDS,Plastic,Dark,Starved,Elevated
-0.29697,-0.69945,-1.25901,-0.00378,%,min,umol/min/g,D2,W60,15,apo,SW,PDS,Plastic,Dark,Starved,Elevated
-0.29697,-0.69945,-1.32895,-0.01014,%,min,umol/min/g,D3,W63,15,apo,SW,PDS,Plastic,Dark,Starved,Elevated
-0.18092,-0.42611,-0.767,-0.00266,%,min,umol/min/g,D4,Y56,15,apo,SW,PDS,Plastic,Dark,Starved,Elevated
-0.19983,-0.47065,-0.89423,-0.00478,%,min,umol/min/g,D5,Y58,15,apo,SW,PDS,Plastic,Dark,Starved,Elevated
-0.07937,-0.17732,-0.33691,-0.00229,%,min,umol/min/g,A2,G4,22,sym,SW,PDS,Plastic,Dark,Starved,Elevated
-0.1637,-0.36574,-0.65832,-0.00189,%,min,umol/min/g,A3,G25,22,sym,SW,PDS,Plastic,Dark,Starved,Elevated
-0.2571,-0.57439,-1.09135,-0.00574,%,min,umol/min/g,A4,G27,22,sym,SW,PDS,Plastic,Dark,Starved,Elevated
-0.06623,-0.14798,-0.28116,-0.00316,%,min,umol/min/g,A5,B14,22,sym,SW,PDS,Plastic,Dark,Starved,Elevated
-0.02245,-0.05016,-0.0953,-0.00094,%,min,umol/min/g,A6,B20,22,sym,SW,PDS,Plastic,Dark,Starved,Elevated
-0.0566,-0.12645,-0.22761,-0.00215,%,min,umol/min/g,B2,W15,22,sym,SW,PDS,Plastic,Dark,Starved,Elevated
-0.07878,-0.176,-0.3344,-0.00214,%,min,umol/min/g,B3,W20,22,sym,SW,PDS,Plastic,Dark,Starved,Elevated
-0.15629,-0.34918,-0.66344,-0.00425,%,min,umol/min/g,B4,W22,22,sym,SW,PDS,Plastic,Dark,Starved,Elevated
-0.0312,-0.06971,-0.13245,-0.00103,%,min,umol/min/g,B5,Y15,22,sym,SW,PDS,Plastic,Dark,Starved,Elevated
-0.03653,-0.08162,-0.15508,-0.00304,%,min,umol/min/g,C2,G59,22,apo,SW,PDS,Plastic,Dark,Starved,Elevated
-0.07628,-0.17043,-0.32381,-0.00308,%,min,umol/min/g,C3,G63,22,apo,SW,PDS,Plastic,Dark,Starved,Elevated
-0.08493,-0.18975,-0.36053,-0.00206,%,min,umol/min/g,C4,B64,22,apo,SW,PDS,Plastic,Dark,Starved,Elevated
-0.07631,-0.17048,-0.32392,-0.00202,%,min,umol/min/g,C5,B67,22,apo,SW,PDS,Plastic,Dark,Starved,Elevated
-0.07298,-0.16306,-0.30981,-0.00207,%,min,umol/min/g,C6,W58,22,apo,SW,PDS,Plastic,Dark,Starved,Elevated
-0.09832,-0.21965,-0.41734,-0.00127,%,min,umol/min/g,D2,W60,22,apo,SW,PDS,Plastic,Dark,Starved,Elevated
-0.11513,-0.25721,-0.48869,-0.00182,%,min,umol/min/g,D4,Y56,22,apo,SW,PDS,Plastic,Dark,Starved,Elevated
-0.15452,-0.34522,-0.65592,-0.00358,%,min,umol/min/g,D5,Y58,22,apo,SW,PDS,Plastic,Dark,Starved,Elevated
-0.34767,-0.78903,-1.49916,-0.01153,%,min,umol/min/g,A2,G24,8,sym,EC,PDS,Plastic,Dark,Starved,Elevated
-0.1106,-0.251,-0.47691,-0.01163,%,min,umol/min/g,A3,B13,8,sym,EC,PDS,Plastic,Dark,Starved,Elevated
-0.11934,-0.27083,-0.51458,-0.01354,%,min,umol/min/g,A4,B21,8,sym,EC,PDS,Plastic,Dark,Starved,Elevated
-0.29954,-0.67981,-1.29163,-0.00817,%,min,umol/min/g,A5,W21,8,sym,EC,PDS,Plastic,Dark,Starved,Elevated
-2.58791,-5.87319,-11.1591,-0.08518,%,min,umol/min/g,A6,Y14,8,sym,EC,PDS,Plastic,Dark,Starved,Elevated
-0.70256,-1.59444,-3.02943,-0.01655,%,min,umol/min/g,B2,G26,8,sym,EC,PDS,Plastic,Dark,Starved,Elevated
-1.3393,-3.0395,-5.77504,-0.02377,%,min,umol/min/g,B3,B15,8,sym,EC,PDS,Plastic,Dark,Starved,Elevated
-0.18939,-0.42981,-0.81664,-0.01317,%,min,umol/min/g,B4,W17,8,sym,EC,PDS,Plastic,Dark,Starved,Elevated
-0.39615,-0.89905,-1.7082,-0.00918,%,min,umol/min/g,B5,Y12,8,sym,EC,PDS,Plastic,Dark,Starved,Elevated
-0.29674,-0.67343,-1.27952,-0.00612,%,min,umol/min/g,B6,Y17,8,sym,EC,PDS,Plastic,Dark,Starved,Elevated
-0.44855,-1.01798,-1.93416,-0.01194,%,min,umol/min/g,C2,G60,8,apo,EC,PDS,Plastic,Dark,Starved,Elevated
-0.80916,-1.83637,-3.4891,-0.02295,%,min,umol/min/g,C3,B63,8,apo,EC,PDS,Plastic,Dark,Starved,Elevated
-0.20356,-0.46197,-0.87774,-0.00791,%,min,umol/min/g,C4,B70,8,apo,EC,PDS,Plastic,Dark,Starved,Elevated
-1.79848,-4.08159,-7.75502,-0.02611,%,min,umol/min/g,C5,W62,8,apo,EC,PDS,Plastic,Dark,Starved,Elevated
-0.17049,-0.38693,-0.73517,-0.0075,%,min,umol/min/g,C6,Y55,8,apo,EC,PDS,Plastic,Dark,Starved,Elevated
-3.88315,-8.81269,-16.7441,-0.10148,%,min,umol/min/g,D2,G64,8,apo,EC,PDS,Plastic,Dark,Starved,Elevated
-3.88315,-8.81269,-16.7441,-0.06179,%,min,umol/min/g,D3,B65,8,apo,EC,PDS,Plastic,Dark,Starved,Elevated
-2.11807,-4.8069,-9.13312,-0.04328,%,min,umol/min/g,D4,W59,8,apo,EC,PDS,Plastic,Dark,Starved,Elevated
-0.25424,-0.57698,-1.09626,-0.00619,%,min,umol/min/g,D5,Y57,8,apo,EC,PDS,Plastic,Dark,Starved,Elevated
-0.64477,-1.46328,-2.78024,-0.0176,%,min,umol/min/g,D6,Y59,8,apo,EC,PDS,Plastic,Dark,Starved,Elevated
-0.40137,-0.94533,-1.79613,-0.01302,%,min,umol/min/g,A2,G24,15,sym,EC,PDS,Plastic,Dark,Starved,Elevated
-0.43005,-1.01287,-1.92445,-0.01018,%,min,umol/min/g,A3,G26,15,sym,EC,PDS,Plastic,Dark,Starved,Elevated
-0.05952,-0.14019,-0.26637,-0.00761,%,min,umol/min/g,A4,B13,15,sym,EC,PDS,Plastic,Dark,Starved,Elevated
-0.31649,-0.74541,-1.34174,-0.00559,%,min,umol/min/g,A5,B15,15,sym,EC,PDS,Plastic,Dark,Starved,Elevated
-0.26521,-0.62464,-1.18681,-0.00761,%,min,umol/min/g,A6,W21,15,sym,EC,PDS,Plastic,Dark,Starved,Elevated
-0.1651,-0.38885,-0.73881,-0.00377,%,min,umol/min/g,B3,Y17,15,sym,EC,PDS,Plastic,Dark,Starved,Elevated
-0.74121,-1.74575,-3.31692,-0.02182,%,min,umol/min/g,C2,G60,15,apo,EC,PDS,Plastic,Dark,Starved,Elevated
-0.11239,-0.2647,-0.50293,-0.00314,%,min,umol/min/g,C3,G64,15,apo,EC,PDS,Plastic,Dark,Starved,Elevated
-0.26926,-0.63417,-1.20492,-0.00803,%,min,umol/min/g,C4,B63,15,apo,EC,PDS,Plastic,Dark,Starved,Elevated
-0.31657,-0.7456,-1.34207,-0.00499,%,min,umol/min/g,C5,B65,15,apo,EC,PDS,Plastic,Dark,Starved,Elevated
-0.30026,-0.70718,-1.34364,-0.01221,%,min,umol/min/g,C6,B70,15,apo,EC,PDS,Plastic,Dark,Starved,Elevated
-0.14574,-0.34326,-0.6522,-0.00317,%,min,umol/min/g,D2,W59,15,apo,EC,PDS,Plastic,Dark,Starved,Elevated
-0.14574,-0.34326,-0.61788,-0.00212,%,min,umol/min/g,D3,W62,15,apo,EC,PDS,Plastic,Dark,Starved,Elevated
-0.34856,-0.82095,-1.55981,-0.01076,%,min,umol/min/g,D4,Y59,15,apo,EC,PDS,Plastic,Dark,Starved,Elevated
-0.19759,-0.44145,-0.83875,-0.00612,%,min,umol/min/g,A2,G24,22,sym,EC,PDS,Plastic,Dark,Starved,Elevated
-0.26938,-0.60184,-1.14349,-0.00621,%,min,umol/min/g,A3,G26,22,sym,EC,PDS,Plastic,Dark,Starved,Elevated
-0.08877,-0.19833,-0.37683,-0.01142,%,min,umol/min/g,A4,B13,22,sym,EC,PDS,Plastic,Dark,Starved,Elevated
-0.52246,-1.16725,-2.21778,-0.0094,%,min,umol/min/g,A5,B15,22,sym,EC,PDS,Plastic,Dark,Starved,Elevated
-2.57234,-5.74697,-10.9192,-0.06275,%,min,umol/min/g,A6,W21,22,sym,EC,PDS,Plastic,Dark,Starved,Elevated
-0.21579,-0.4821,-0.86778,-0.00443,%,min,umol/min/g,B2,Y17,22,sym,EC,PDS,Plastic,Dark,Starved,Elevated
-0.24653,-0.55078,-1.04648,-0.00702,%,min,umol/min/g,C2,G60,22,apo,EC,PDS,Plastic,Dark,Starved,Elevated
-3.59097,-8.02273,-15.2432,-0.09468,%,min,umol/min/g,C3,G64,22,apo,EC,PDS,Plastic,Dark,Starved,Elevated
-1.37156,-3.06425,-5.82208,-0.03881,%,min,umol/min/g,C4,B63,22,apo,EC,PDS,Plastic,Dark,Starved,Elevated
-4.43139,-9.90035,-18.8107,-0.07045,%,min,umol/min/g,C5,B65,22,apo,EC,PDS,Plastic,Dark,Starved,Elevated
-0.09478,-0.21174,-0.40231,-0.00366,%,min,umol/min/g,C6,B70,22,apo,EC,PDS,Plastic,Dark,Starved,Elevated
-2.12272,-4.74244,-9.01064,-0.04439,%,min,umol/min/g,D2,W59,22,apo,EC,PDS,Plastic,Dark,Starved,Elevated
-2.12272,-4.74244,-9.01064,-0.03162,%,min,umol/min/g,D3,W62,22,apo,EC,PDS,Plastic,Dark,Starved,Elevated
-0.25939,-0.57951,-1.10107,-0.00744,%,min,umol/min/g,D4,Y59,22,apo,EC,PDS,Plastic,Dark,Starved,Elevated
-0.6881,-1.54936,-2.94378,-0.01566,%,min,umol/min/g,A2,G29,8,sym,EC,PLS,Plastic,Light,Starved,Elevated
-0.81515,-1.83542,-3.4873,-0.01429,%,min,umol/min/g,A3,G31,8,sym,EC,PLS,Plastic,Light,Starved,Elevated
-0.37668,-0.84815,-1.61149,-0.00885,%,min,umol/min/g,A4,B27,8,sym,EC,PLS,Plastic,Light,Starved,Elevated
-0.86347,-1.94422,-3.69402,-0.02239,%,min,umol/min/g,A5,B30,8,sym,EC,PLS,Plastic,Light,Starved,Elevated
-0.29673,-0.66812,-1.26943,-0.01032,%,min,umol/min/g,A6,W23,8,sym,EC,PLS,Plastic,Light,Starved,Elevated
-1.61365,-3.63336,-6.90339,-0.03558,%,min,umol/min/g,B2,W25,8,sym,EC,PLS,Plastic,Light,Starved,Elevated
-0.8476,-1.90849,-3.62613,-0.01563,%,min,umol/min/g,B3,W27,8,sym,EC,PLS,Plastic,Light,Starved,Elevated
-0.42989,-0.96796,-1.83912,-0.01572,%,min,umol/min/g,B4,Y21,8,sym,EC,PLS,Plastic,Light,Starved,Elevated
-1.90168,-4.28192,-8.13565,-0.05388,%,min,umol/min/g,B5,Y23,8,sym,EC,PLS,Plastic,Light,Starved,Elevated
-0.82441,-1.85628,-3.52693,-0.0126,%,min,umol/min/g,C2,G67,8,apo,EC,PLS,Plastic,Light,Starved,Elevated
-0.57021,-1.28392,-2.43945,-0.01427,%,min,umol/min/g,C3,G71,8,apo,EC,PLS,Plastic,Light,Starved,Elevated
-0.54546,-1.22818,-2.33355,-0.02954,%,min,umol/min/g,C4,B71,8,apo,EC,PLS,Plastic,Light,Starved,Elevated
-0.79698,-1.79452,-3.23013,-0.00718,%,min,umol/min/g,C5,B73,8,apo,EC,PLS,Plastic,Light,Starved,Elevated
-1.27271,-2.8657,-5.44483,-0.04776,%,min,umol/min/g,C6,B75,8,apo,EC,PLS,Plastic,Light,Starved,Elevated
-1.54825,-3.48611,-6.62361,-0.03169,%,min,umol/min/g,D2,W65,8,apo,EC,PLS,Plastic,Light,Starved,Elevated
-1.54825,-3.48611,-6.62361,-0.0345,%,min,umol/min/g,D3,W70,8,apo,EC,PLS,Plastic,Light,Starved,Elevated
-0.18499,-0.41653,-0.79141,-0.00524,%,min,umol/min/g,D4,Y60,8,apo,EC,PLS,Plastic,Light,Starved,Elevated
-2.1796,-4.90768,-9.3246,-0.03454,%,min,umol/min/g,D5,Y63,8,apo,EC,PLS,Plastic,Light,Starved,Elevated
-0.2043,-0.46001,-0.87403,-0.0078,%,min,umol/min/g,D6,Y65,8,apo,EC,PLS,Plastic,Light,Starved,Elevated
-0.4983,-1.12199,-2.13179,-0.00745,%,min,umol/min/g,A2,G28,8,sym,SW,PLS,Plastic,Light,Starved,Elevated
-1.00931,-2.27262,-4.31797,-0.01416,%,min,umol/min/g,A3,G30,8,sym,SW,PLS,Plastic,Light,Starved,Elevated
-0.27599,-0.62144,-1.18074,-0.01125,%,min,umol/min/g,A4,G32,8,sym,SW,PLS,Plastic,Light,Starved,Elevated
-0.49949,-1.12468,-2.13689,-0.01327,%,min,umol/min/g,A5,B28,8,sym,SW,PLS,Plastic,Light,Starved,Elevated
-0.41749,-0.94004,-1.78607,-0.01669,%,min,umol/min/g,A6,B31,8,sym,SW,PLS,Plastic,Light,Starved,Elevated
-1.11455,-2.50958,-4.76821,-0.01962,%,min,umol/min/g,B2,W24,8,sym,SW,PLS,Plastic,Light,Starved,Elevated
-0.86787,-1.95414,-3.71287,-0.01614,%,min,umol/min/g,B3,W26,8,sym,SW,PLS,Plastic,Light,Starved,Elevated
-0.2923,-0.65816,-1.25051,-0.00802,%,min,umol/min/g,B4,Y22,8,sym,SW,PLS,Plastic,Light,Starved,Elevated
-0.18195,-0.4097,-0.77843,-0.00786,%,min,umol/min/g,B5,Y24,8,sym,SW,PLS,Plastic,Light,Starved,Elevated
-0.69118,-1.5563,-2.95697,-0.01188,%,min,umol/min/g,C2,G65,8,apo,SW,PLS,Plastic,Light,Starved,Elevated
-0.41978,-0.9452,-1.79588,-0.00764,%,min,umol/min/g,C3,G70,8,apo,SW,PLS,Plastic,Light,Starved,Elevated
-0.73801,-1.66173,-3.15728,-0.02011,%,min,umol/min/g,C4,G73,8,apo,SW,PLS,Plastic,Light,Starved,Elevated
-0.1625,-0.3659,-0.69521,-0.0079,%,min,umol/min/g,C5,B72,8,apo,SW,PLS,Plastic,Light,Starved,Elevated
-0.15713,-0.35381,-0.67224,-0.00513,%,min,umol/min/g,C6,B74,8,apo,SW,PLS,Plastic,Light,Starved,Elevated
-1.97616,-4.44961,-8.45426,-0.04697,%,min,umol/min/g,D2,W64,8,apo,SW,PLS,Plastic,Light,Starved,Elevated
-1.97616,-4.44961,-8.45426,-0.05284,%,min,umol/min/g,D3,W67,8,apo,SW,PLS,Plastic,Light,Starved,Elevated
-0.32718,-0.73669,-1.39972,-0.00859,%,min,umol/min/g,D4,W71,8,apo,SW,PLS,Plastic,Light,Starved,Elevated
-2.44669,-5.50908,-10.4673,-0.03432,%,min,umol/min/g,D5,Y62,8,apo,SW,PLS,Plastic,Light,Starved,Elevated
-1.02418,-2.30608,-3.92034,-0.0245,%,min,umol/min/g,D6,Y64,8,apo,SW,PLS,Plastic,Light,Starved,Elevated
-0.2519,-0.57901,-1.10012,-0.00582,%,min,umol/min/g,A2,G29,15,sym,EC,PLS,Plastic,Light,Starved,Elevated
-2.06224,-4.74028,-9.00654,-0.03833,%,min,umol/min/g,A3,G31,15,sym,EC,PLS,Plastic,Light,Starved,Elevated
-1.22529,-2.81647,-5.35129,-0.03204,%,min,umol/min/g,A4,B27,15,sym,EC,PLS,Plastic,Light,Starved,Elevated
-0.22241,-0.51123,-0.97134,-0.00908,%,min,umol/min/g,A5,B30,15,sym,EC,PLS,Plastic,Light,Starved,Elevated
-3.48646,-8.014,-15.2266,-0.12689,%,min,umol/min/g,A6,W23,15,sym,EC,PLS,Plastic,Light,Starved,Elevated
-0.44669,-1.02676,-1.95084,-0.01006,%,min,umol/min/g,B2,W25,15,sym,EC,PLS,Plastic,Light,Starved,Elevated
-1.31314,-3.01839,-5.73494,-0.024,%,min,umol/min/g,B3,W27,15,sym,EC,PLS,Plastic,Light,Starved,Elevated
-0.67421,-1.54976,-2.94453,-0.02726,%,min,umol/min/g,B4,Y21,15,sym,EC,PLS,Plastic,Light,Starved,Elevated
-1.33563,-3.07008,-5.83315,-0.03739,%,min,umol/min/g,B5,Y23,15,sym,EC,PLS,Plastic,Light,Starved,Elevated
-3.45023,-7.93074,-15.0684,-0.05956,%,min,umol/min/g,C2,G67,15,apo,EC,PLS,Plastic,Light,Starved,Elevated
-0.22365,-0.51409,-0.97677,-0.00581,%,min,umol/min/g,C3,G71,15,apo,EC,PLS,Plastic,Light,Starved,Elevated
-5.17503,-11.8954,-21.4117,-0.05098,%,min,umol/min/g,C4,B73,15,apo,EC,PLS,Plastic,Light,Starved,Elevated
-8.78788,-20.1999,-38.3798,-0.36904,%,min,umol/min/g,C5,B75,15,apo,EC,PLS,Plastic,Light,Starved,Elevated
-0.66949,-1.53888,-2.92388,-0.0144,%,min,umol/min/g,C6,W65,15,apo,EC,PLS,Plastic,Light,Starved,Elevated
-0.07993,-0.18373,-0.34909,-0.00266,%,min,umol/min/g,D2,Y60,15,apo,EC,PLS,Plastic,Light,Starved,Elevated
-0.07993,-0.18373,-0.34909,-0.00314,%,min,umol/min/g,D3,Y65,15,apo,EC,PLS,Plastic,Light,Starved,Elevated
-0.2396,-0.55075,-1.04642,-0.00378,%,min,umol/min/g,A2,G28,15,sym,SW,PLS,Plastic,Light,Starved,Elevated
-0.9849,-2.2639,-4.30141,-0.01434,%,min,umol/min/g,A3,G30,15,sym,SW,PLS,Plastic,Light,Starved,Elevated
-0.0909,-0.20893,-0.39697,-0.00385,%,min,umol/min/g,A4,G32,15,sym,SW,PLS,Plastic,Light,Starved,Elevated
-0.1583,-0.36386,-0.69134,-0.00455,%,min,umol/min/g,A5,B28,15,sym,SW,PLS,Plastic,Light,Starved,Elevated
-0.20585,-0.47318,-0.89904,-0.00848,%,min,umol/min/g,A6,B31,15,sym,SW,PLS,Plastic,Light,Starved,Elevated
-0.34294,-0.78829,-1.49776,-0.00587,%,min,umol/min/g,B2,W24,15,sym,SW,PLS,Plastic,Light,Starved,Elevated
-0.18992,-0.43655,-0.82945,-0.00386,%,min,umol/min/g,B3,W26,15,sym,SW,PLS,Plastic,Light,Starved,Elevated
-0.16859,-0.38752,-0.73629,-0.00472,%,min,umol/min/g,B4,Y22,15,sym,SW,PLS,Plastic,Light,Starved,Elevated
-0.0924,-0.2124,-0.40356,-0.00416,%,min,umol/min/g,B5,Y24,15,sym,SW,PLS,Plastic,Light,Starved,Elevated
-0.1678,-0.38572,-0.73286,-0.00312,%,min,umol/min/g,C2,G65,15,apo,SW,PLS,Plastic,Light,Starved,Elevated
-0.19293,-0.44346,-0.84258,-0.00394,%,min,umol/min/g,C3,G70,15,apo,SW,PLS,Plastic,Light,Starved,Elevated
-0.08748,-0.20107,-0.38203,-0.00332,%,min,umol/min/g,C4,G73,15,apo,SW,PLS,Plastic,Light,Starved,Elevated
-0.12666,-0.29114,-0.55316,-0.00432,%,min,umol/min/g,C6,B74,15,apo,SW,PLS,Plastic,Light,Starved,Elevated
-0.05742,-0.13198,-0.25076,-0.00155,%,min,umol/min/g,D2,W64,15,apo,SW,PLS,Plastic,Light,Starved,Elevated
-0.05742,-0.13198,-0.25076,-0.00162,%,min,umol/min/g,D3,W67,15,apo,SW,PLS,Plastic,Light,Starved,Elevated
-0.17898,-0.41141,-0.78168,-0.00508,%,min,umol/min/g,D4,W71,15,apo,SW,PLS,Plastic,Light,Starved,Elevated
-0.15715,-0.36123,-0.68634,-0.00508,%,min,umol/min/g,D5,Y64,15,apo,SW,PLS,Plastic,Light,Starved,Elevated
-0.23242,-0.52321,-0.9941,-0.00365,%,min,umol/min/g,A2,G28,22,sym,SW,PLS,Plastic,Light,Starved,Elevated
-1.26822,-2.85495,-5.42441,-0.0191,%,min,umol/min/g,A3,G30,22,sym,SW,PLS,Plastic,Light,Starved,Elevated
-0.13393,-0.3015,-0.57285,-0.00579,%,min,umol/min/g,A4,G32,22,sym,SW,PLS,Plastic,Light,Starved,Elevated
-0.13566,-0.3054,-0.58026,-0.00395,%,min,umol/min/g,A5,B28,22,sym,SW,PLS,Plastic,Light,Starved,Elevated
-0.20765,-0.46746,-0.88817,-0.0083,%,min,umol/min/g,A6,B31,22,sym,SW,PLS,Plastic,Light,Starved,Elevated
-0.25639,-0.57718,-1.09664,-0.00453,%,min,umol/min/g,B2,W24,22,sym,SW,PLS,Plastic,Light,Starved,Elevated
-0.14969,-0.33698,-0.64025,-0.0043,%,min,umol/min/g,B4,Y22,22,sym,SW,PLS,Plastic,Light,Starved,Elevated
-0.13977,-0.31465,-0.59783,-0.00623,%,min,umol/min/g,B5,Y24,22,sym,SW,PLS,Plastic,Light,Starved,Elevated
-0.27758,-0.62488,-1.18727,-0.00512,%,min,umol/min/g,C2,G65,22,apo,SW,PLS,Plastic,Light,Starved,Elevated
-0.26414,-0.59462,-1.12977,-0.00523,%,min,umol/min/g,C3,G70,22,apo,SW,PLS,Plastic,Light,Starved,Elevated
-0.14495,-0.32631,-0.61998,-0.00554,%,min,umol/min/g,C4,G73,22,apo,SW,PLS,Plastic,Light,Starved,Elevated
-0.12555,-0.28264,-0.53701,-0.00423,%,min,umol/min/g,C5,B74,22,apo,SW,PLS,Plastic,Light,Starved,Elevated
-0.4037,-0.90879,-1.72669,-0.01072,%,min,umol/min/g,C6,W64,22,apo,SW,PLS,Plastic,Light,Starved,Elevated
-0.17,-0.38271,-0.72714,-0.00472,%,min,umol/min/g,D2,W71,22,apo,SW,PLS,Plastic,Light,Starved,Elevated
-0.17,-0.38271,-0.72714,-0.00555,%,min,umol/min/g,D3,Y64,22,apo,SW,PLS,Plastic,Light,Starved,Elevated
-0.13945,-0.31392,-0.59644,-0.00377,%,min,umol/min/g,D4,W67,22,apo,SW,PLS,Plastic,Light,Starved,Elevated
-0.46138,-1.03864,-1.97342,-0.01067,%,min,umol/min/g,A2,G29,22,sym,EC,PLS,Plastic,Light,Starved,Elevated
-2.60914,-5.87358,-11.1598,-0.04873,%,min,umol/min/g,A3,G31,22,sym,EC,PLS,Plastic,Light,Starved,Elevated
-0.33398,-0.75184,-1.42849,-0.00845,%,min,umol/min/g,A4,B27,22,sym,EC,PLS,Plastic,Light,Starved,Elevated
-1.32443,-2.98149,-5.66482,-0.0578,%,min,umol/min/g,A5,B30,22,sym,EC,PLS,Plastic,Light,Starved,Elevated
-0.17424,-0.39225,-0.74527,-0.00621,%,min,umol/min/g,A6,W23,22,sym,EC,PLS,Plastic,Light,Starved,Elevated
-4.91535,-11.0652,-21.0239,-0.12153,%,min,umol/min/g,B2,W25,22,sym,EC,PLS,Plastic,Light,Starved,Elevated
-1.48787,-3.34943,-6.36392,-0.02779,%,min,umol/min/g,B3,W27,22,sym,EC,PLS,Plastic,Light,Starved,Elevated
-0.42399,-0.95446,-1.81347,-0.01201,%,min,umol/min/g,B4,Y23,22,sym,EC,PLS,Plastic,Light,Starved,Elevated
-2.4544,-5.52523,-10.4979,-0.04069,%,min,umol/min/g,C2,G67,22,apo,EC,PLS,Plastic,Light,Starved,Elevated
-0.32229,-0.72552,-1.3785,-0.00835,%,min,umol/min/g,C3,G71,22,apo,EC,PLS,Plastic,Light,Starved,Elevated
-2.18843,-4.9265,-8.8677,-0.02184,%,min,umol/min/g,C4,B73,22,apo,EC,PLS,Plastic,Light,Starved,Elevated
-3.70219,-8.33419,-15.835,-0.14266,%,min,umol/min/g,C5,B75,22,apo,EC,PLS,Plastic,Light,Starved,Elevated
-1.5249,-3.43279,-6.5223,-0.03197,%,min,umol/min/g,C6,W65,22,apo,EC,PLS,Plastic,Light,Starved,Elevated
-0.27401,-0.61684,-1.172,-0.00881,%,min,umol/min/g,D2,Y60,22,apo,EC,PLS,Plastic,Light,Starved,Elevated
-0.27401,-0.61684,-1.172,-0.01019,%,min,umol/min/g,D3,Y65,22,apo,EC,PLS,Plastic,Light,Starved,Elevated
-1.5758,-3.63429,-6.90516,-0.13029,%,min,umol/min/g,A2,G34,8,sym,EC,NDS,NoPlastic,Dark,Starved,Elevated
-1.15543,-2.66479,-5.06309,-0.02366,%,min,umol/min/g,A3,G37,8,sym,EC,NDS,NoPlastic,Dark,Starved,Elevated
-0.13069,-0.30142,-0.57269,-0.00744,%,min,umol/min/g,A5,B34,8,sym,EC,NDS,NoPlastic,Dark,Starved,Elevated
-0.35608,-0.82123,-1.56033,-0.00975,%,min,umol/min/g,A6,B36,8,sym,EC,NDS,NoPlastic,Dark,Starved,Elevated
-2.1493,-4.95697,-9.41825,-0.03501,%,min,umol/min/g,B2,W29,8,sym,EC,NDS,NoPlastic,Dark,Starved,Elevated
-3.59847,-8.29922,-15.7685,-0.05862,%,min,umol/min/g,B3,W31,8,sym,EC,NDS,NoPlastic,Dark,Starved,Elevated
-5.01198,-11.5592,-20.8066,-0.04761,%,min,umol/min/g,B4,Y25,8,sym,EC,NDS,NoPlastic,Dark,Starved,Elevated
-0.152,-0.35057,-0.66609,-0.00476,%,min,umol/min/g,B5,Y27,8,sym,EC,NDS,NoPlastic,Dark,Starved,Elevated
-0.60851,-1.40341,-2.66647,-0.01961,%,min,umol/min/g,B6,Y29,8,sym,EC,NDS,NoPlastic,Dark,Starved,Elevated
-0.54501,-1.25696,-2.38822,-0.01081,%,min,umol/min/g,C2,G75,8,apo,EC,NDS,NoPlastic,Dark,Starved,Elevated
-0.27325,-0.63021,-1.19739,-0.00547,%,min,umol/min/g,C3,G77,8,apo,EC,NDS,NoPlastic,Dark,Starved,Elevated
-0.84514,-1.94915,-3.70339,-0.01347,%,min,umol/min/g,C4,B76,8,apo,EC,NDS,NoPlastic,Dark,Starved,Elevated
-1.26522,-2.91799,-5.54418,-0.02731,%,min,umol/min/g,C6,B80,8,apo,EC,NDS,NoPlastic,Dark,Starved,Elevated
-0.99262,-2.28929,-4.34966,-0.03198,%,min,umol/min/g,D2,W73,8,apo,EC,NDS,NoPlastic,Dark,Starved,Elevated
-0.99262,-2.28929,-4.34966,-0.04143,%,min,umol/min/g,D3,W75,8,apo,EC,NDS,NoPlastic,Dark,Starved,Elevated
-1.83369,-4.22908,-8.03524,-0.0493,%,min,umol/min/g,D4,Y67,8,apo,EC,NDS,NoPlastic,Dark,Starved,Elevated
-4.84138,-11.1658,-21.2149,-0.10715,%,min,umol/min/g,D5,Y71,8,apo,EC,NDS,NoPlastic,Dark,Starved,Elevated
-1.63612,-3.77341,-7.16948,-0.02705,%,min,umol/min/g,D6,Y73,8,apo,EC,NDS,NoPlastic,Dark,Starved,Elevated
-1.7009,-3.92282,-7.06107,-0.01559,%,min,umol/min/g,A2,G33,8,sym,SW,NDS,NoPlastic,Dark,Starved,Elevated
-0.54647,-1.26034,-2.39464,-0.01409,%,min,umol/min/g,A3,G35,8,sym,SW,NDS,NoPlastic,Dark,Starved,Elevated
-0.88657,-2.04472,-3.88496,-0.02183,%,min,umol/min/g,A4,G38,8,sym,SW,NDS,NoPlastic,Dark,Starved,Elevated
-0.47794,-1.10228,-2.09434,-0.01097,%,min,umol/min/g,A5,B33,8,sym,SW,NDS,NoPlastic,Dark,Starved,Elevated
-0.17846,-0.41158,-0.782,-0.00376,%,min,umol/min/g,A6,B35,8,sym,SW,NDS,NoPlastic,Dark,Starved,Elevated
-0.51646,-1.19112,-2.26312,-0.01185,%,min,umol/min/g,B2,W28,8,sym,SW,NDS,NoPlastic,Dark,Starved,Elevated
-0.15695,-0.36197,-0.68775,-0.00488,%,min,umol/min/g,B3,W30,8,sym,SW,NDS,NoPlastic,Dark,Starved,Elevated
-0.09418,-0.21721,-0.4127,-0.00196,%,min,umol/min/g,B4,W32,8,sym,SW,NDS,NoPlastic,Dark,Starved,Elevated
-0.30513,-0.70372,-1.33706,-0.00777,%,min,umol/min/g,B5,Y26,8,sym,SW,NDS,NoPlastic,Dark,Starved,Elevated
-0.30381,-0.70069,-1.33132,-0.00774,%,min,umol/min/g,B6,Y28,8,sym,SW,NDS,NoPlastic,Dark,Starved,Elevated
-0.04994,-0.11517,-0.20731,-0.00247,%,min,umol/min/g,C3,G76,8,apo,SW,NDS,NoPlastic,Dark,Starved,Elevated
-0.25071,-0.57822,-1.09862,-0.00723,%,min,umol/min/g,C4,G78,8,apo,SW,NDS,NoPlastic,Dark,Starved,Elevated
-1.0004,-2.30723,-4.38375,-0.02319,%,min,umol/min/g,C5,B77,8,apo,SW,NDS,NoPlastic,Dark,Starved,Elevated
-0.0921,-0.21241,-0.40357,-0.00246,%,min,umol/min/g,C6,B79,8,apo,SW,NDS,NoPlastic,Dark,Starved,Elevated
-0.14045,-0.32392,-0.61545,-0.00366,%,min,umol/min/g,D2,W72,8,apo,SW,NDS,NoPlastic,Dark,Starved,Elevated
-0.14045,-0.32392,-0.61545,-0.00224,%,min,umol/min/g,D3,W74,8,apo,SW,NDS,NoPlastic,Dark,Starved,Elevated
-0.13485,-0.31101,-0.59091,-0.00497,%,min,umol/min/g,D4,W76,8,apo,SW,NDS,NoPlastic,Dark,Starved,Elevated
-0.11063,-0.25515,-0.48479,-0.00263,%,min,umol/min/g,D5,Y70,8,apo,SW,NDS,NoPlastic,Dark,Starved,Elevated
-0.0649,-0.14968,-0.2844,-0.00226,%,min,umol/min/g,D6,Y72,8,apo,SW,NDS,NoPlastic,Dark,Starved,Elevated
-0.28829,-0.66809,-1.26936,-0.00616,%,min,umol/min/g,A2,G37,15,sym,EC,NDS,NoPlastic,Dark,Starved,Elevated
-0.08727,-0.20223,-0.38424,-0.00565,%,min,umol/min/g,A3,B34,15,sym,EC,NDS,NoPlastic,Dark,Starved,Elevated
-0.18756,-0.43464,-0.82582,-0.00543,%,min,umol/min/g,A4,B36,15,sym,EC,NDS,NoPlastic,Dark,Starved,Elevated
-0.31595,-0.73219,-1.39115,-0.00529,%,min,umol/min/g,A5,W29,15,sym,EC,NDS,NoPlastic,Dark,Starved,Elevated
-1.2656,-2.9329,-5.57251,-0.03062,%,min,umol/min/g,A6,W31,15,sym,EC,NDS,NoPlastic,Dark,Starved,Elevated
-1.4303,-3.31458,-5.96625,-0.01604,%,min,umol/min/g,B2,Y25,15,sym,EC,NDS,NoPlastic,Dark,Starved,Elevated
-0.41493,-0.96156,-1.82697,-0.01374,%,min,umol/min/g,B3,Y27,15,sym,EC,NDS,NoPlastic,Dark,Starved,Elevated
-0.14491,-0.33583,-0.63807,-0.00487,%,min,umol/min/g,B4,Y29,15,sym,EC,NDS,NoPlastic,Dark,Starved,Elevated
-3.44613,-7.98608,-15.1736,-0.07512,%,min,umol/min/g,C2,G75,15,apo,EC,NDS,NoPlastic,Dark,Starved,Elevated
-0.31606,-0.73243,-1.39161,-0.00669,%,min,umol/min/g,C3,G77,15,apo,EC,NDS,NoPlastic,Dark,Starved,Elevated
-0.31559,-0.73134,-1.38955,-0.00551,%,min,umol/min/g,C4,B76,15,apo,EC,NDS,NoPlastic,Dark,Starved,Elevated
-0.17725,-0.41077,-0.78046,-0.00402,%,min,umol/min/g,C5,B80,15,apo,EC,NDS,NoPlastic,Dark,Starved,Elevated
-0.13095,-0.30346,-0.57657,-0.00437,%,min,umol/min/g,C6,W73,15,apo,EC,NDS,NoPlastic,Dark,Starved,Elevated
-0.12195,-0.28261,-0.53697,-0.00537,%,min,umol/min/g,D2,W75,15,apo,EC,NDS,NoPlastic,Dark,Starved,Elevated
-0.12195,-0.28261,-0.53697,-0.00342,%,min,umol/min/g,D3,Y67,15,apo,EC,NDS,NoPlastic,Dark,Starved,Elevated
-0.82044,-1.9013,-3.61247,-0.01985,%,min,umol/min/g,D4,Y71,15,apo,EC,NDS,NoPlastic,Dark,Starved,Elevated
-0.41274,-0.95648,-1.8173,-0.00742,%,min,umol/min/g,D5,Y73,15,apo,EC,NDS,NoPlastic,Dark,Starved,Elevated
-0.11146,-0.2583,-0.46494,-0.00109,%,min,umol/min/g,A2,G33,15,sym,SW,NDS,NoPlastic,Dark,Starved,Elevated
-0.14428,-0.33435,-0.63527,-0.00397,%,min,umol/min/g,A3,G35,15,sym,SW,NDS,NoPlastic,Dark,Starved,Elevated
-0.15773,-0.36552,-0.69448,-0.00401,%,min,umol/min/g,A4,G38,15,sym,SW,NDS,NoPlastic,Dark,Starved,Elevated
-0.04345,-0.10068,-0.1913,-0.00102,%,min,umol/min/g,A5,B33,15,sym,SW,NDS,NoPlastic,Dark,Starved,Elevated
-0.11188,-0.25927,-0.49261,-0.00269,%,min,umol/min/g,A6,B35,15,sym,SW,NDS,NoPlastic,Dark,Starved,Elevated
-0.15175,-0.35166,-0.66815,-0.00367,%,min,umol/min/g,B2,W28,15,sym,SW,NDS,NoPlastic,Dark,Starved,Elevated
-0.09238,-0.21408,-0.40676,-0.00293,%,min,umol/min/g,B3,W30,15,sym,SW,NDS,NoPlastic,Dark,Starved,Elevated
-0.11238,-0.26043,-0.49482,-0.00247,%,min,umol/min/g,B4,W32,15,sym,SW,NDS,NoPlastic,Dark,Starved,Elevated
-0.17053,-0.39519,-0.75085,-0.00472,%,min,umol/min/g,B5,Y26,15,sym,SW,NDS,NoPlastic,Dark,Starved,Elevated
-0.13429,-0.3112,-0.59128,-0.0037,%,min,umol/min/g,B6,Y28,15,sym,SW,NDS,NoPlastic,Dark,Starved,Elevated
-0.04214,-0.09765,-0.18554,-0.00235,%,min,umol/min/g,C2,G76,15,apo,SW,NDS,NoPlastic,Dark,Starved,Elevated
-0.08124,-0.18826,-0.3577,-0.00255,%,min,umol/min/g,C3,G78,15,apo,SW,NDS,NoPlastic,Dark,Starved,Elevated
-0.12378,-0.28684,-0.54499,-0.00303,%,min,umol/min/g,C4,B77,15,apo,SW,NDS,NoPlastic,Dark,Starved,Elevated
-0.07837,-0.18162,-0.34509,-0.00229,%,min,umol/min/g,C5,B79,15,apo,SW,NDS,NoPlastic,Dark,Starved,Elevated
-0.14489,-0.33577,-0.63796,-0.00422,%,min,umol/min/g,C6,W72,15,apo,SW,NDS,NoPlastic,Dark,Starved,Elevated
-0.09741,-0.22574,-0.42891,-0.00161,%,min,umol/min/g,D2,W74,15,apo,SW,NDS,NoPlastic,Dark,Starved,Elevated
-0.09741,-0.22574,-0.42891,-0.0039,%,min,umol/min/g,D3,W76,15,apo,SW,NDS,NoPlastic,Dark,Starved,Elevated
-0.08135,-0.18853,-0.35821,-0.00304,%,min,umol/min/g,D4,Y70,15,apo,SW,NDS,NoPlastic,Dark,Starved,Elevated
-0.09476,-0.21959,-0.41721,-0.00354,%,min,umol/min/g,D5,Y72,15,apo,SW,NDS,NoPlastic,Dark,Starved,Elevated
-0.18769,-0.43406,-0.82472,-0.0041,%,min,umol/min/g,A2,G37,22,sym,EC,NDS,NoPlastic,Dark,Starved,Elevated
-0.09243,-0.21376,-0.40614,-0.00725,%,min,umol/min/g,A3,B34,22,sym,EC,NDS,NoPlastic,Dark,Starved,Elevated
-0.16344,-0.37797,-0.71815,-0.00492,%,min,umol/min/g,A4,B36,22,sym,EC,NDS,NoPlastic,Dark,Starved,Elevated
-3.80547,-8.80061,-16.7212,-0.06688,%,min,umol/min/g,A5,W29,22,sym,EC,NDS,NoPlastic,Dark,Starved,Elevated
-1.49441,-3.45601,-6.56641,-0.0371,%,min,umol/min/g,A6,W31,22,sym,EC,NDS,NoPlastic,Dark,Starved,Elevated
-3.43074,-7.934,-14.2812,-0.03839,%,min,umol/min/g,B2,Y25,22,sym,EC,NDS,NoPlastic,Dark,Starved,Elevated
-0.19934,-0.46099,-0.87588,-0.00684,%,min,umol/min/g,B3,Y27,22,sym,EC,NDS,NoPlastic,Dark,Starved,Elevated
-0.08636,-0.19972,-0.37947,-0.00292,%,min,umol/min/g,B4,Y29,22,sym,EC,NDS,NoPlastic,Dark,Starved,Elevated
-0.56936,-1.31671,-2.50175,-0.01245,%,min,umol/min/g,C2,G75,22,apo,EC,NDS,NoPlastic,Dark,Starved,Elevated
-0.24683,-0.57082,-1.08456,-0.00524,%,min,umol/min/g,C3,G77,22,apo,EC,NDS,NoPlastic,Dark,Starved,Elevated
-0.21444,-0.49592,-0.94226,-0.00393,%,min,umol/min/g,C4,B76,22,apo,EC,NDS,NoPlastic,Dark,Starved,Elevated
-0.18315,-0.42356,-0.80476,-0.00415,%,min,umol/min/g,C5,B80,22,apo,EC,NDS,NoPlastic,Dark,Starved,Elevated
-0.10353,-0.23942,-0.45489,-0.00353,%,min,umol/min/g,C6,W73,22,apo,EC,NDS,NoPlastic,Dark,Starved,Elevated
-0.09331,-0.21894,-0.41599,-0.00416,%,min,umol/min/g,D2,W75,22,apo,EC,NDS,NoPlastic,Dark,Starved,Elevated
-0.25128,-0.5811,-1.1041,-0.00722,%,min,umol/min/g,D3,Y67,22,apo,EC,NDS,NoPlastic,Dark,Starved,Elevated
-0.32466,-0.75082,-1.42656,-0.00801,%,min,umol/min/g,D4,Y71,22,apo,EC,NDS,NoPlastic,Dark,Starved,Elevated
-0.4439,-1.02656,-1.95047,-0.00841,%,min,umol/min/g,D5,Y73,22,apo,EC,NDS,NoPlastic,Dark,Starved,Elevated
-0.11615,-0.26861,-0.4835,-0.00115,%,min,umol/min/g,A2,G33,22,sym,SW,NDS,NoPlastic,Dark,Starved,Elevated
-0.08178,-0.18912,-0.35932,-0.00236,%,min,umol/min/g,A3,G35,22,sym,SW,NDS,NoPlastic,Dark,Starved,Elevated
-0.13801,-0.31916,-0.6064,-0.00368,%,min,umol/min/g,A4,G38,22,sym,SW,NDS,NoPlastic,Dark,Starved,Elevated
-0.07499,-0.17341,-0.32948,-0.0018,%,min,umol/min/g,A5,B33,22,sym,SW,NDS,NoPlastic,Dark,Starved,Elevated
-0.08615,-0.19924,-0.37856,-0.00214,%,min,umol/min/g,A6,B35,22,sym,SW,NDS,NoPlastic,Dark,Starved,Elevated
-0.06128,-0.14171,-0.26925,-0.0015,%,min,umol/min/g,B2,W28,22,sym,SW,NDS,NoPlastic,Dark,Starved,Elevated
-0.07753,-0.17929,-0.34065,-0.00252,%,min,umol/min/g,B3,W30,22,sym,SW,NDS,NoPlastic,Dark,Starved,Elevated
-0.06264,-0.14485,-0.27522,-0.00143,%,min,umol/min/g,B4,W32,22,sym,SW,NDS,NoPlastic,Dark,Starved,Elevated
-0.07926,-0.18329,-0.34825,-0.00231,%,min,umol/min/g,B5,Y26,22,sym,SW,NDS,NoPlastic,Dark,Starved,Elevated
-0.12581,-0.29096,-0.55282,-0.00359,%,min,umol/min/g,B6,Y28,22,sym,SW,NDS,NoPlastic,Dark,Starved,Elevated
-0.04234,-0.09793,-0.18606,-0.00251,%,min,umol/min/g,C2,G76,22,apo,SW,NDS,NoPlastic,Dark,Starved,Elevated
-0.07383,-0.17074,-0.32441,-0.00239,%,min,umol/min/g,C3,G78,22,apo,SW,NDS,NoPlastic,Dark,Starved,Elevated
-0.12811,-0.29627,-0.56292,-0.00327,%,min,umol/min/g,C4,B77,22,apo,SW,NDS,NoPlastic,Dark,Starved,Elevated
-0.0724,-0.16743,-0.31812,-0.00214,%,min,umol/min/g,C5,B79,22,apo,SW,NDS,NoPlastic,Dark,Starved,Elevated
-0.09452,-0.21859,-0.41532,-0.00159,%,min,umol/min/g,C6,W72,22,apo,SW,NDS,NoPlastic,Dark,Starved,Elevated
-0.03449,-0.07975,-0.15153,-0.001,%,min,umol/min/g,D2,W74,22,apo,SW,NDS,NoPlastic,Dark,Starved,Elevated
-0.03449,-0.07975,-0.15153,-0.00142,%,min,umol/min/g,D3,W76,22,apo,SW,NDS,NoPlastic,Dark,Starved,Elevated
-0.06445,-0.14904,-0.28317,-0.00164,%,min,umol/min/g,D4,Y70,22,apo,SW,NDS,NoPlastic,Dark,Starved,Elevated
-0.08707,-0.20135,-0.38256,-0.00354,%,min,umol/min/g,D5,Y72,22,apo,SW,NDS,NoPlastic,Dark,Starved,Elevated
-2.46604,-5.4868,-9.87624,-0.02922,%,min,umol/min/g,A2,G40,8,sym,EC,NLS,NoPlastic,Light,Starved,Elevated
-0.55926,-1.24432,-2.3642,-0.01351,%,min,umol/min/g,A3,G42,8,sym,EC,NLS,NoPlastic,Light,Starved,Elevated
-0.52982,-1.17882,-2.23976,-0.03155,%,min,umol/min/g,A4,B37,8,sym,EC,NLS,NoPlastic,Light,Starved,Elevated
-0.9132,-2.03182,-3.86045,-0.02443,%,min,umol/min/g,A5,B39,8,sym,EC,NLS,NoPlastic,Light,Starved,Elevated
-1.56746,-3.48749,-6.27749,-0.02032,%,min,umol/min/g,A6,B41,8,sym,EC,NLS,NoPlastic,Light,Starved,Elevated
-0.59115,-1.31526,-2.499,-0.02173,%,min,umol/min/g,B2,W34,8,sym,EC,NLS,NoPlastic,Light,Starved,Elevated
-0.63436,-1.41141,-2.68169,-0.0218,%,min,umol/min/g,B3,W36,8,sym,EC,NLS,NoPlastic,Light,Starved,Elevated
-7.12299,-15.8482,-28.5268,-0.07527,%,min,umol/min/g,B4,Y30,8,sym,EC,NLS,NoPlastic,Light,Starved,Elevated
-1.36033,-3.02666,-5.75065,-0.02875,%,min,umol/min/g,B5,Y32,8,sym,EC,NLS,NoPlastic,Light,Starved,Elevated
-2.2307,-4.96318,-9.43005,-0.03404,%,min,umol/min/g,B6,Y34,8,sym,EC,NLS,NoPlastic,Light,Starved,Elevated
-1.38596,-3.08367,-5.85898,-0.02817,%,min,umol/min/g,C2,G80,8,apo,EC,NLS,NoPlastic,Light,Starved,Elevated
-1.19897,-2.66763,-5.0685,-0.02497,%,min,umol/min/g,C3,G82,8,apo,EC,NLS,NoPlastic,Light,Starved,Elevated
-1.06555,-2.37078,-4.50448,-0.03412,%,min,umol/min/g,C4,B82,8,apo,EC,NLS,NoPlastic,Light,Starved,Elevated
-3.27817,-7.29372,-13.8581,-0.07294,%,min,umol/min/g,C5,B84,8,apo,EC,NLS,NoPlastic,Light,Starved,Elevated
-9.88083,-21.9842,-41.7701,-0.19986,%,min,umol/min/g,C6,B87,8,apo,EC,NLS,NoPlastic,Light,Starved,Elevated
-2.82606,-6.2878,-11.9468,-0.0524,%,min,umol/min/g,D2,W78,8,apo,EC,NLS,NoPlastic,Light,Starved,Elevated
-2.82606,-6.2878,-11.9468,-0.08784,%,min,umol/min/g,D3,W80,8,apo,EC,NLS,NoPlastic,Light,Starved,Elevated
-0.76917,-1.71136,-3.25159,-0.02111,%,min,umol/min/g,D4,Y74,8,apo,EC,NLS,NoPlastic,Light,Starved,Elevated
-1.9128,-4.25587,-8.08616,-0.04568,%,min,umol/min/g,D5,Y76,8,apo,EC,NLS,NoPlastic,Light,Starved,Elevated
-2.24093,-4.98592,-9.47325,-0.03658,%,min,umol/min/g,D6,Y78,8,apo,EC,NLS,NoPlastic,Light,Starved,Elevated
-1.26055,-2.80464,-5.32881,-0.05669,%,min,umol/min/g,A2,G39,8,sym,SW,NLS,NoPlastic,Light,Starved,Elevated
-0.20383,-0.45351,-0.86168,-0.01014,%,min,umol/min/g,A3,G41,8,sym,SW,NLS,NoPlastic,Light,Starved,Elevated
-1.21931,-2.71288,-5.15447,-0.02643,%,min,umol/min/g,A4,G43,8,sym,SW,NLS,NoPlastic,Light,Starved,Elevated
-0.57253,-1.27384,-2.4203,-0.01458,%,min,umol/min/g,A5,B38,8,sym,SW,NLS,NoPlastic,Light,Starved,Elevated
-0.17663,-0.39299,-0.74668,-0.00649,%,min,umol/min/g,A6,B40,8,sym,SW,NLS,NoPlastic,Light,Starved,Elevated
-0.29145,-0.64845,-1.23206,-0.00893,%,min,umol/min/g,B2,W33,8,sym,SW,NLS,NoPlastic,Light,Starved,Elevated
-0.36671,-0.81592,-1.55024,-0.0123,%,min,umol/min/g,B3,W35,8,sym,SW,NLS,NoPlastic,Light,Starved,Elevated
-0.95508,-2.125,-4.03749,-0.01432,%,min,umol/min/g,B4,W37,8,sym,SW,NLS,NoPlastic,Light,Starved,Elevated
-1.98527,-4.4171,-8.39248,-0.03468,%,min,umol/min/g,B5,Y31,8,sym,SW,NLS,NoPlastic,Light,Starved,Elevated
-0.55121,-1.22642,-2.33019,-0.01131,%,min,umol/min/g,B6,Y33,8,sym,SW,NLS,NoPlastic,Light,Starved,Elevated
-1.01163,-2.2508,-4.27653,-0.02458,%,min,umol/min/g,C2,G79,8,apo,SW,NLS,NoPlastic,Light,Starved,Elevated
-0.49184,-1.09432,-2.0792,-0.007,%,min,umol/min/g,C4,G84,8,apo,SW,NLS,NoPlastic,Light,Starved,Elevated
-1.5208,-3.38368,-6.42899,-0.04202,%,min,umol/min/g,C5,B83,8,apo,SW,NLS,NoPlastic,Light,Starved,Elevated
-2.07844,-4.6244,-8.78636,-0.06188,%,min,umol/min/g,C6,B85,8,apo,SW,NLS,NoPlastic,Light,Starved,Elevated
-0.72865,-1.62121,-3.08029,-0.03582,%,min,umol/min/g,D2,W77,8,apo,SW,NLS,NoPlastic,Light,Starved,Elevated
-0.26127,-0.58132,-1.10451,-0.0092,%,min,umol/min/g,D4,W82,8,apo,SW,NLS,NoPlastic,Light,Starved,Elevated
-0.49452,-1.10029,-2.09055,-0.01357,%,min,umol/min/g,D5,Y75,8,apo,SW,NLS,NoPlastic,Light,Starved,Elevated
-0.34151,-0.75983,-1.29172,-0.01254,%,min,umol/min/g,D6,Y77,8,apo,SW,NLS,NoPlastic,Light,Starved,Elevated
-0.13522,-0.30914,-0.58736,-0.00675,%,min,umol/min/g,A2,G39,15,sym,SW,NLS,NoPlastic,Light,Starved,Elevated
-0.14351,-0.32809,-0.62338,-0.00959,%,min,umol/min/g,A3,G41,15,sym,SW,NLS,NoPlastic,Light,Starved,Elevated
-0.35983,-0.82264,-1.56302,-0.00849,%,min,umol/min/g,A4,G43,15,sym,SW,NLS,NoPlastic,Light,Starved,Elevated
-0.18514,-0.42327,-0.80422,-0.0047,%,min,umol/min/g,A5,B38,15,sym,SW,NLS,NoPlastic,Light,Starved,Elevated
-0.13542,-0.3096,-0.58823,-0.00545,%,min,umol/min/g,A6,B40,15,sym,SW,NLS,NoPlastic,Light,Starved,Elevated
-0.30777,-0.70361,-1.33686,-0.00962,%,min,umol/min/g,B2,W33,15,sym,SW,NLS,NoPlastic,Light,Starved,Elevated
-0.14522,-0.332,-0.63081,-0.00493,%,min,umol/min/g,B3,W35,15,sym,SW,NLS,NoPlastic,Light,Starved,Elevated
-0.1433,-0.32762,-0.62247,-0.00333,%,min,umol/min/g,B4,W37,15,sym,SW,NLS,NoPlastic,Light,Starved,Elevated
-0.67997,-1.55453,-2.95361,-0.01307,%,min,umol/min/g,B5,Y31,15,sym,SW,NLS,NoPlastic,Light,Starved,Elevated
-0.14991,-0.34272,-0.65117,-0.00327,%,min,umol/min/g,B6,Y33,15,sym,SW,NLS,NoPlastic,Light,Starved,Elevated
-0.69025,-1.57804,-2.99828,-0.01828,%,min,umol/min/g,C2,G79,15,apo,SW,NLS,NoPlastic,Light,Starved,Elevated
-1.49354,-3.41449,-6.48754,-0.02385,%,min,umol/min/g,C3,G84,15,apo,SW,NLS,NoPlastic,Light,Starved,Elevated
-0.14728,-0.3367,-0.63973,-0.00488,%,min,umol/min/g,C4,B83,15,apo,SW,NLS,NoPlastic,Light,Starved,Elevated
-0.13285,-0.30371,-0.57705,-0.00424,%,min,umol/min/g,C5,B85,15,apo,SW,NLS,NoPlastic,Light,Starved,Elevated
-0.10396,-0.23768,-0.45159,-0.00396,%,min,umol/min/g,C6,W82,15,apo,SW,NLS,NoPlastic,Light,Starved,Elevated
-0.09715,-0.22211,-0.422,-0.00578,%,min,umol/min/g,D2,W77,15,apo,SW,NLS,NoPlastic,Light,Starved,Elevated
-0.09715,-0.22211,-0.422,-0.00293,%,min,umol/min/g,D3,Y75,15,apo,SW,NLS,NoPlastic,Light,Starved,Elevated
-0.13933,-0.31853,-0.6052,-0.00599,%,min,umol/min/g,D4,Y77,15,apo,SW,NLS,NoPlastic,Light,Starved,Elevated
-1.62051,-3.70478,-6.66861,-0.01944,%,min,umol/min/g,A2,G40,15,sym,EC,NLS,NoPlastic,Light,Starved,Elevated
-0.18047,-0.4126,-0.78393,-0.00445,%,min,umol/min/g,A3,G42,15,sym,EC,NLS,NoPlastic,Light,Starved,Elevated
-0.13415,-0.3067,-0.58273,-0.00787,%,min,umol/min/g,A4,B37,15,sym,EC,NLS,NoPlastic,Light,Starved,Elevated
-2.82434,-6.45696,-12.2682,-0.08461,%,min,umol/min/g,A5,B39,15,sym,EC,NLS,NoPlastic,Light,Starved,Elevated
-0.66076,-1.51063,-2.71913,-0.00874,%,min,umol/min/g,A6,B41,15,sym,EC,NLS,NoPlastic,Light,Starved,Elevated
-0.37396,-0.85494,-1.62438,-0.01425,%,min,umol/min/g,B2,W34,15,sym,EC,NLS,NoPlastic,Light,Starved,Elevated
-3.6515,-8.348,-15.8612,-0.12791,%,min,umol/min/g,B3,W36,15,sym,EC,NLS,NoPlastic,Light,Starved,Elevated
-2.9347,-6.70925,-12.0766,-0.03129,%,min,umol/min/g,B4,Y30,15,sym,EC,NLS,NoPlastic,Light,Starved,Elevated
-2.40153,-5.49033,-10.4316,-0.05322,%,min,umol/min/g,B5,Y32,15,sym,EC,NLS,NoPlastic,Light,Starved,Elevated
-1.78375,-4.07798,-7.74816,-0.027,%,min,umol/min/g,B6,Y34,15,sym,EC,NLS,NoPlastic,Light,Starved,Elevated
-2.34132,-5.35268,-10.1701,-0.04441,%,min,umol/min/g,C2,G80,15,apo,EC,NLS,NoPlastic,Light,Starved,Elevated
-0.58728,-1.34263,-2.551,-0.01288,%,min,umol/min/g,C3,G82,15,apo,EC,NLS,NoPlastic,Light,Starved,Elevated
-0.21896,-0.50057,-0.95109,-0.00699,%,min,umol/min/g,C4,B82,15,apo,EC,NLS,NoPlastic,Light,Starved,Elevated
-2.05855,-4.70623,-8.94183,-0.04427,%,min,umol/min/g,C5,B84,15,apo,EC,NLS,NoPlastic,Light,Starved,Elevated
-3.52495,-8.05868,-15.3115,-0.07361,%,min,umol/min/g,C6,B87,15,apo,EC,NLS,NoPlastic,Light,Starved,Elevated
-2.18193,-4.98829,-9.47776,-0.03982,%,min,umol/min/g,D2,W78,15,apo,EC,NLS,NoPlastic,Light,Starved,Elevated
-2.18193,-4.98829,-9.47776,-0.06819,%,min,umol/min/g,D3,W80,15,apo,EC,NLS,NoPlastic,Light,Starved,Elevated
-1.60129,-3.66084,-6.9556,-0.04294,%,min,umol/min/g,D4,Y74,15,apo,EC,NLS,NoPlastic,Light,Starved,Elevated
-0.82234,-1.88002,-3.57204,-0.01931,%,min,umol/min/g,D5,Y76,15,apo,EC,NLS,NoPlastic,Light,Starved,Elevated
-3.20063,-7.31723,-13.9027,-0.05721,%,min,umol/min/g,D6,Y78,15,apo,EC,NLS,NoPlastic,Light,Starved,Elevated
-0.16273,-0.37111,-0.70511,-0.00928,%,min,umol/min/g,A2,G39,22,sym,SW,NLS,NoPlastic,Light,Starved,Elevated
-0.09362,-0.21351,-0.40567,-0.00665,%,min,umol/min/g,A3,G41,22,sym,SW,NLS,NoPlastic,Light,Starved,Elevated
-0.23885,-0.5447,-1.03494,-0.00562,%,min,umol/min/g,A4,G43,22,sym,SW,NLS,NoPlastic,Light,Starved,Elevated
-0.80053,-1.8256,-3.46864,-0.02017,%,min,umol/min/g,A5,B38,22,sym,SW,NLS,NoPlastic,Light,Starved,Elevated
-0.13939,-0.31787,-0.60395,-0.00575,%,min,umol/min/g,A6,B40,22,sym,SW,NLS,NoPlastic,Light,Starved,Elevated
-0.14023,-0.31979,-0.6076,-0.00444,%,min,umol/min/g,B2,W33,22,sym,SW,NLS,NoPlastic,Light,Starved,Elevated
-0.15416,-0.35155,-0.66795,-0.00526,%,min,umol/min/g,B3,W35,22,sym,SW,NLS,NoPlastic,Light,Starved,Elevated
-0.23319,-0.53179,-1.0104,-0.00521,%,min,umol/min/g,B4,W37,22,sym,SW,NLS,NoPlastic,Light,Starved,Elevated
-0.20324,-0.46347,-0.8806,-0.00385,%,min,umol/min/g,B5,Y31,22,sym,SW,NLS,NoPlastic,Light,Starved,Elevated
-0.23658,-0.53952,-1.02509,-0.00518,%,min,umol/min/g,B6,Y33,22,sym,SW,NLS,NoPlastic,Light,Starved,Elevated
-2.44171,-5.56826,-10.5797,-0.06412,%,min,umol/min/g,C2,G79,22,apo,SW,NLS,NoPlastic,Light,Starved,Elevated
-1.1397,-2.59907,-4.93823,-0.0177,%,min,umol/min/g,C3,G84,22,apo,SW,NLS,NoPlastic,Light,Starved,Elevated
-0.15617,-0.35615,-0.67669,-0.00494,%,min,umol/min/g,C4,B83,22,apo,SW,NLS,NoPlastic,Light,Starved,Elevated
-0.10983,-0.25047,-0.47589,-0.00384,%,min,umol/min/g,C5,B85,22,apo,SW,NLS,NoPlastic,Light,Starved,Elevated
-0.05831,-0.13297,-0.25263,-0.00346,%,min,umol/min/g,C6,W77,22,apo,SW,NLS,NoPlastic,Light,Starved,Elevated
-0.1269,-0.28939,-0.54985,-0.00487,%,min,umol/min/g,D2,W82,22,apo,SW,NLS,NoPlastic,Light,Starved,Elevated
-0.1269,-0.28939,-0.54985,-0.00398,%,min,umol/min/g,D3,Y75,22,apo,SW,NLS,NoPlastic,Light,Starved,Elevated
-0.12072,-0.2753,-0.52307,-0.00528,%,min,umol/min/g,D4,Y77,22,apo,SW,NLS,NoPlastic,Light,Starved,Elevated
-2.60488,-5.94038,-10.6927,-0.03081,%,min,umol/min/g,A2,G40,22,sym,EC,NLS,NoPlastic,Light,Starved,Elevated
-2.13316,-4.86463,-9.24279,-0.05282,%,min,umol/min/g,A3,G42,22,sym,EC,NLS,NoPlastic,Light,Starved,Elevated
-0.13958,-0.31831,-0.6048,-0.01163,%,min,umol/min/g,A4,B37,22,sym,EC,NLS,NoPlastic,Light,Starved,Elevated
-0.42427,-0.96754,-1.83833,-0.01323,%,min,umol/min/g,A5,B39,22,sym,EC,NLS,NoPlastic,Light,Starved,Elevated
-1.37304,-3.13118,-5.63612,-0.01824,%,min,umol/min/g,A6,B41,22,sym,EC,NLS,NoPlastic,Light,Starved,Elevated
-2.20933,-5.03833,-9.57282,-0.08324,%,min,umol/min/g,B2,W34,22,sym,EC,NLS,NoPlastic,Light,Starved,Elevated
-0.30044,-0.68515,-1.30178,-0.01076,%,min,umol/min/g,B3,W36,22,sym,EC,NLS,NoPlastic,Light,Starved,Elevated
-0.3986,-0.909,-1.6362,-0.00843,%,min,umol/min/g,B4,Y32,22,sym,EC,NLS,NoPlastic,Light,Starved,Elevated
-1.54257,-3.51781,-6.68384,-0.02475,%,min,umol/min/g,B5,Y34,22,sym,EC,NLS,NoPlastic,Light,Starved,Elevated
-0.73232,-1.67003,-3.17306,-0.02759,%,min,umol/min/g,C2,G80,22,apo,EC,NLS,NoPlastic,Light,Starved,Elevated
-3.34656,-7.63176,-14.5003,-0.0725,%,min,umol/min/g,C3,G82,22,apo,EC,NLS,NoPlastic,Light,Starved,Elevated
-3.55009,-8.09592,-15.3822,-0.10987,%,min,umol/min/g,C4,B82,22,apo,EC,NLS,NoPlastic,Light,Starved,Elevated
-4.41753,-10.0741,-19.1408,-0.09667,%,min,umol/min/g,C5,B84,22,apo,EC,NLS,NoPlastic,Light,Starved,Elevated
-1.48438,-3.3851,-6.43168,-0.032,%,min,umol/min/g,C6,B87,22,apo,EC,NLS,NoPlastic,Light,Starved,Elevated
-1.27447,-2.90641,-5.52219,-0.02454,%,min,umol/min/g,D2,W78,22,apo,EC,NLS,NoPlastic,Light,Starved,Elevated
-1.27447,-2.90641,-5.52219,-0.04383,%,min,umol/min/g,D3,W80,22,apo,EC,NLS,NoPlastic,Light,Starved,Elevated
-2.4084,-5.49231,-10.4354,-0.06911,%,min,umol/min/g,D4,Y74,22,apo,EC,NLS,NoPlastic,Light,Starved,Elevated
-0.38507,-0.87813,-1.66845,-0.00917,%,min,umol/min/g,D5,Y76,22,apo,EC,NLS,NoPlastic,Light,Starved,Elevated
-2.1229,-4.84123,-9.19833,-0.03724,%,min,umol/min/g,D6,Y78,22,apo,EC,NLS,NoPlastic,Light,Starved,Elevated
-2.94528,-6.71071,-12.7503,-0.0457,%,min,umol/min/g,A2,B2,8,sym,EC,PDF,Plastic,Dark,Fed,Elevated
-0.73203,-1.66791,-3.16903,-0.01713,%,min,umol/min/g,A3,B4,8,sym,EC,PDF,Plastic,Dark,Fed,Elevated
-0.74652,-1.70091,-3.23173,-0.01616,%,min,umol/min/g,A4,B42,8,sym,EC,PDF,Plastic,Dark,Fed,Elevated
-2.98573,-6.80286,-12.9254,-0.07428,%,min,umol/min/g,A5,B44,8,sym,EC,PDF,Plastic,Dark,Fed,Elevated
-0.22975,-0.52349,-0.99463,-0.00913,%,min,umol/min/g,A6,B46,8,sym,EC,PDF,Plastic,Dark,Fed,Elevated
-0.72199,-1.64502,-3.12554,-0.02461,%,min,umol/min/g,B2,W39,8,sym,EC,PDF,Plastic,Dark,Fed,Elevated
-1.65554,-3.77208,-7.16696,-0.06287,%,min,umol/min/g,B3,W41,8,sym,EC,PDF,Plastic,Dark,Fed,Elevated
-1.53883,-3.50617,-6.66172,-0.05047,%,min,umol/min/g,B4,Y35,8,sym,EC,PDF,Plastic,Dark,Fed,Elevated
-1.11962,-2.551,-4.8469,-0.02578,%,min,umol/min/g,B5,Y37,8,sym,EC,PDF,Plastic,Dark,Fed,Elevated
-1.24485,-2.83634,-5.38904,-0.02164,%,min,umol/min/g,B6,Y39,8,sym,EC,PDF,Plastic,Dark,Fed,Elevated
-1.72586,-3.93231,-7.47139,-0.02885,%,min,umol/min/g,C2,G87,8,apo,EC,PDF,Plastic,Dark,Fed,Elevated
-0.69021,-1.57263,-2.98799,-0.02281,%,min,umol/min/g,C3,G92,8,apo,EC,PDF,Plastic,Dark,Fed,Elevated
-0.33805,-0.77023,-1.46344,-0.01978,%,min,umol/min/g,C4,B88,8,apo,EC,PDF,Plastic,Dark,Fed,Elevated
-3.28861,-7.49297,-14.2366,-0.06911,%,min,umol/min/g,C5,B92,8,apo,EC,PDF,Plastic,Dark,Fed,Elevated
-3.33909,-7.60798,-14.4552,-0.13262,%,min,umol/min/g,C6,B94,8,apo,EC,PDF,Plastic,Dark,Fed,Elevated
-3.38214,-7.70607,-13.8709,-0.0439,%,min,umol/min/g,D2,W84,8,apo,EC,PDF,Plastic,Dark,Fed,Elevated
-3.38214,-7.70607,-14.6415,-0.17225,%,min,umol/min/g,D3,W87,8,apo,EC,PDF,Plastic,Dark,Fed,Elevated
-0.32829,-0.74799,-1.42118,-0.01165,%,min,umol/min/g,D4,Y82,8,apo,EC,PDF,Plastic,Dark,Fed,Elevated
-0.56628,-1.29024,-2.45146,-0.01277,%,min,umol/min/g,D5,Y84,8,apo,EC,PDF,Plastic,Dark,Fed,Elevated
-0.70456,-1.60531,-3.05009,-0.0123,%,min,umol/min/g,A2,B1,8,sym,SW,PDF,Plastic,Dark,Fed,Elevated
-0.15156,-0.34532,-0.65611,-0.00951,%,min,umol/min/g,A3,B3,8,sym,SW,PDF,Plastic,Dark,Fed,Elevated
-0.2274,-0.51811,-0.98442,-0.00841,%,min,umol/min/g,A4,B5,8,sym,SW,PDF,Plastic,Dark,Fed,Elevated
-0.40606,-0.92519,-1.75787,-0.01113,%,min,umol/min/g,A5,B43,8,sym,SW,PDF,Plastic,Dark,Fed,Elevated
-6.68395,-15.2291,-28.9353,-0.11621,%,min,umol/min/g,B2,W38,8,sym,SW,PDF,Plastic,Dark,Fed,Elevated
-0.13275,-0.30245,-0.57466,-0.00248,%,min,umol/min/g,B3,W40,8,sym,SW,PDF,Plastic,Dark,Fed,Elevated
-1.40504,-3.20132,-6.08252,-0.02034,%,min,umol/min/g,B4,W42,8,sym,SW,PDF,Plastic,Dark,Fed,Elevated
-0.23939,-0.54543,-1.03632,-0.00644,%,min,umol/min/g,B5,Y36,8,sym,SW,PDF,Plastic,Dark,Fed,Elevated
-0.36203,-0.82486,-1.56724,-0.01187,%,min,umol/min/g,B6,Y38,8,sym,SW,PDF,Plastic,Dark,Fed,Elevated
-0.08924,-0.20333,-0.38634,-0.00633,%,min,umol/min/g,C2,G85,8,apo,SW,PDF,Plastic,Dark,Fed,Elevated
-0.28039,-0.63886,-1.21384,-0.00941,%,min,umol/min/g,C3,G88,8,apo,SW,PDF,Plastic,Dark,Fed,Elevated
-0.16707,-0.38067,-0.72326,-0.00689,%,min,umol/min/g,C4,G90,8,apo,SW,PDF,Plastic,Dark,Fed,Elevated
-0.18614,-0.42411,-0.80581,-0.00468,%,min,umol/min/g,C5,B93,8,apo,SW,PDF,Plastic,Dark,Fed,Elevated
-0.10957,-0.24965,-0.47433,-0.00344,%,min,umol/min/g,C6,W83,8,apo,SW,PDF,Plastic,Dark,Fed,Elevated
-0.18682,-0.42567,-0.80878,-0.00484,%,min,umol/min/g,D2,W85,8,apo,SW,PDF,Plastic,Dark,Fed,Elevated
-0.18682,-0.42567,-0.80878,-0.01721,%,min,umol/min/g,D3,Y79,8,apo,SW,PDF,Plastic,Dark,Fed,Elevated
-0.48852,-1.11308,-2.11486,-0.00916,%,min,umol/min/g,D4,Y83,8,apo,SW,PDF,Plastic,Dark,Fed,Elevated
-0.72265,-1.63144,-3.09975,-0.01148,%,min,umol/min/g,A2,B2,15,sym,EC,PDF,Plastic,Dark,Fed,Elevated
-0.81926,-1.84955,-3.51414,-0.019,%,min,umol/min/g,A3,B4,15,sym,EC,PDF,Plastic,Dark,Fed,Elevated
-1.69791,-3.83318,-7.28305,-0.03754,%,min,umol/min/g,A4,B42,15,sym,EC,PDF,Plastic,Dark,Fed,Elevated
-0.67702,-1.52844,-2.90403,-0.01729,%,min,umol/min/g,A5,B44,15,sym,EC,PDF,Plastic,Dark,Fed,Elevated
-0.27347,-0.61739,-1.17304,-0.01117,%,min,umol/min/g,A6,B46,15,sym,EC,PDF,Plastic,Dark,Fed,Elevated
-0.68068,-1.5367,-2.91973,-0.02246,%,min,umol/min/g,B2,W39,15,sym,EC,PDF,Plastic,Dark,Fed,Elevated
-0.33672,-0.76017,-1.44432,-0.01313,%,min,umol/min/g,B3,W41,15,sym,EC,PDF,Plastic,Dark,Fed,Elevated
-0.30451,-0.68746,-1.30617,-0.01098,%,min,umol/min/g,B4,Y35,15,sym,EC,PDF,Plastic,Dark,Fed,Elevated
-0.49279,-1.11251,-2.11377,-0.01194,%,min,umol/min/g,B5,Y37,15,sym,EC,PDF,Plastic,Dark,Fed,Elevated
-0.43798,-0.98879,-1.8787,-0.00758,%,min,umol/min/g,B6,Y39,15,sym,EC,PDF,Plastic,Dark,Fed,Elevated
-1.64557,-3.71504,-7.05857,-0.02835,%,min,umol/min/g,C2,G87,15,apo,EC,PDF,Plastic,Dark,Fed,Elevated
-0.33275,-0.75121,-1.4273,-0.0118,%,min,umol/min/g,C3,G92,15,apo,EC,PDF,Plastic,Dark,Fed,Elevated
-0.22665,-0.51169,-0.97221,-0.01451,%,min,umol/min/g,C4,B88,15,apo,EC,PDF,Plastic,Dark,Fed,Elevated
-3.68929,-8.32891,-15.8249,-0.08373,%,min,umol/min/g,C5,B92,15,apo,EC,PDF,Plastic,Dark,Fed,Elevated
-0.11405,-0.25749,-0.48923,-0.00475,%,min,umol/min/g,C6,B94,15,apo,EC,PDF,Plastic,Dark,Fed,Elevated
-1.67311,-3.77721,-6.79897,-0.02207,%,min,umol/min/g,D2,W84,15,apo,EC,PDF,Plastic,Dark,Fed,Elevated
-1.67311,-3.77721,-7.17669,-0.09201,%,min,umol/min/g,D3,W87,15,apo,EC,PDF,Plastic,Dark,Fed,Elevated
-0.2954,-0.66689,-1.2671,-0.01392,%,min,umol/min/g,D4,Y82,15,apo,EC,PDF,Plastic,Dark,Fed,Elevated
-0.30197,-0.68173,-1.29528,-0.0078,%,min,umol/min/g,D5,Y84,15,apo,EC,PDF,Plastic,Dark,Fed,Elevated
-0.0886,-0.20001,-0.38003,-0.00151,%,min,umol/min/g,A2,B1,15,sym,SW,PDF,Plastic,Dark,Fed,Elevated
-0.10815,-0.24416,-0.46391,-0.00736,%,min,umol/min/g,A3,B3,15,sym,SW,PDF,Plastic,Dark,Fed,Elevated
-0.1605,-0.36235,-0.68847,-0.00478,%,min,umol/min/g,A4,B5,15,sym,SW,PDF,Plastic,Dark,Fed,Elevated
-0.1127,-0.25443,-0.48342,-0.00322,%,min,umol/min/g,A5,B43,15,sym,SW,PDF,Plastic,Dark,Fed,Elevated
-0.26012,-0.58725,-1.11578,-0.00572,%,min,umol/min/g,A6,W38,15,sym,SW,PDF,Plastic,Dark,Fed,Elevated
-0.12191,-0.27522,-0.52293,-0.00231,%,min,umol/min/g,B2,W40,15,sym,SW,PDF,Plastic,Dark,Fed,Elevated
-0.21536,-0.4862,-0.92378,-0.00324,%,min,umol/min/g,B3,W42,15,sym,SW,PDF,Plastic,Dark,Fed,Elevated
-0.13522,-0.30527,-0.58001,-0.00406,%,min,umol/min/g,B4,Y36,15,sym,SW,PDF,Plastic,Dark,Fed,Elevated
-0.12511,-0.28244,-0.53663,-0.00419,%,min,umol/min/g,B5,Y38,15,sym,SW,PDF,Plastic,Dark,Fed,Elevated
-0.06815,-0.15385,-0.29231,-0.00513,%,min,umol/min/g,C2,G85,15,apo,SW,PDF,Plastic,Dark,Fed,Elevated
-0.2128,-0.48042,-0.91279,-0.00736,%,min,umol/min/g,C3,G88,15,apo,SW,PDF,Plastic,Dark,Fed,Elevated
-0.11259,-0.25418,-0.48294,-0.00498,%,min,umol/min/g,C4,G90,15,apo,SW,PDF,Plastic,Dark,Fed,Elevated
-1.08065,-2.43967,-4.63538,-0.02826,%,min,umol/min/g,C5,B93,15,apo,SW,PDF,Plastic,Dark,Fed,Elevated
-0.10408,-0.23496,-0.44642,-0.00341,%,min,umol/min/g,C6,W83,15,apo,SW,PDF,Plastic,Dark,Fed,Elevated
-0.19295,-0.43559,-0.82762,-0.00514,%,min,umol/min/g,D2,W85,15,apo,SW,PDF,Plastic,Dark,Fed,Elevated
-0.19295,-0.43559,-0.82762,-0.01881,%,min,umol/min/g,D3,Y79,15,apo,SW,PDF,Plastic,Dark,Fed,Elevated
-0.27403,-0.61865,-1.17544,-0.00552,%,min,umol/min/g,D4,Y83,15,apo,SW,PDF,Plastic,Dark,Fed,Elevated
-3.30236,-7.48646,-14.2243,-0.0545,%,min,umol/min/g,A2,B2,22,sym,EC,PDF,Plastic,Dark,Fed,Elevated
-0.37808,-0.85711,-1.62851,-0.00931,%,min,umol/min/g,A3,B4,22,sym,EC,PDF,Plastic,Dark,Fed,Elevated
-0.3252,-0.73723,-1.40075,-0.00829,%,min,umol/min/g,A4,B44,22,sym,EC,PDF,Plastic,Dark,Fed,Elevated
-0.24521,-0.55589,-1.05618,-0.01078,%,min,umol/min/g,A5,B46,22,sym,EC,PDF,Plastic,Dark,Fed,Elevated
-0.60989,-1.38262,-2.62698,-0.02136,%,min,umol/min/g,A6,W39,22,sym,EC,PDF,Plastic,Dark,Fed,Elevated
-0.20333,-0.46095,-0.87581,-0.00842,%,min,umol/min/g,B2,W41,22,sym,EC,PDF,Plastic,Dark,Fed,Elevated
-0.17831,-0.40423,-0.76803,-0.00651,%,min,umol/min/g,B3,Y35,22,sym,EC,PDF,Plastic,Dark,Fed,Elevated
-0.55735,-1.26352,-2.40069,-0.01446,%,min,umol/min/g,B4,Y37,22,sym,EC,PDF,Plastic,Dark,Fed,Elevated
-0.22584,-0.51198,-0.97276,-0.00405,%,min,umol/min/g,B5,Y39,22,sym,EC,PDF,Plastic,Dark,Fed,Elevated
-0.80151,-1.81702,-3.45235,-0.01415,%,min,umol/min/g,C2,G87,22,apo,EC,PDF,Plastic,Dark,Fed,Elevated
-0.19568,-0.44361,-0.84286,-0.00708,%,min,umol/min/g,C3,G92,22,apo,EC,PDF,Plastic,Dark,Fed,Elevated
-0.43896,-0.99513,-1.89075,-0.01006,%,min,umol/min/g,C5,B92,22,apo,EC,PDF,Plastic,Dark,Fed,Elevated
-0.18818,-0.42661,-0.81056,-0.00844,%,min,umol/min/g,C6,B94,22,apo,EC,PDF,Plastic,Dark,Fed,Elevated
-0.61606,-1.3966,-2.51388,-0.00852,%,min,umol/min/g,D2,W84,22,apo,EC,PDF,Plastic,Dark,Fed,Elevated
-0.61606,-1.3966,-2.65354,-0.04021,%,min,umol/min/g,D3,W87,22,apo,EC,PDF,Plastic,Dark,Fed,Elevated
-0.24285,-0.55054,-1.04602,-0.01137,%,min,umol/min/g,D4,Y82,22,apo,EC,PDF,Plastic,Dark,Fed,Elevated
-0.36726,-0.83257,-1.58188,-0.00983,%,min,umol/min/g,D5,Y84,22,apo,EC,PDF,Plastic,Dark,Fed,Elevated
-0.19234,-0.43604,-0.82848,-0.00344,%,min,umol/min/g,A2,B1,22,sym,SW,PDF,Plastic,Dark,Fed,Elevated
-0.06393,-0.14494,-0.27538,-0.00562,%,min,umol/min/g,A3,B3,22,sym,SW,PDF,Plastic,Dark,Fed,Elevated
-0.06845,-0.15517,-0.29483,-0.00273,%,min,umol/min/g,A4,B5,22,sym,SW,PDF,Plastic,Dark,Fed,Elevated
-0.11666,-0.26448,-0.50251,-0.00337,%,min,umol/min/g,A5,B43,22,sym,SW,PDF,Plastic,Dark,Fed,Elevated
-0.12841,-0.29112,-0.55312,-0.00299,%,min,umol/min/g,A6,W38,22,sym,SW,PDF,Plastic,Dark,Fed,Elevated
-0.09316,-0.21119,-0.40127,-0.00185,%,min,umol/min/g,B2,W40,22,sym,SW,PDF,Plastic,Dark,Fed,Elevated
-0.15082,-0.34191,-0.64962,-0.00231,%,min,umol/min/g,B3,W42,22,sym,SW,PDF,Plastic,Dark,Fed,Elevated
-0.11686,-0.26492,-0.50335,-0.00393,%,min,umol/min/g,B4,Y36,22,sym,SW,PDF,Plastic,Dark,Fed,Elevated
-0.11843,-0.26848,-0.51011,-0.00429,%,min,umol/min/g,B5,Y38,22,sym,SW,PDF,Plastic,Dark,Fed,Elevated
-0.0293,-0.06643,-0.12621,-0.00316,%,min,umol/min/g,C2,G85,22,apo,SW,PDF,Plastic,Dark,Fed,Elevated
-0.09417,-0.21347,-0.4056,-0.00418,%,min,umol/min/g,C3,G90,22,apo,SW,PDF,Plastic,Dark,Fed,Elevated
-0.07924,-0.17964,-0.34132,-0.00216,%,min,umol/min/g,C4,B93,22,apo,SW,PDF,Plastic,Dark,Fed,Elevated
-0.07252,-0.16441,-0.31238,-0.00252,%,min,umol/min/g,C5,W83,22,apo,SW,PDF,Plastic,Dark,Fed,Elevated
-0.17152,-0.38883,-0.73879,-0.00489,%,min,umol/min/g,C6,W85,22,apo,SW,PDF,Plastic,Dark,Fed,Elevated
0.012071,0.027365,0.051993,0.001529,%,min,umol/min/g,D2,Y79,22,apo,SW,PDF,Plastic,Dark,Fed,Elevated
0.012071,0.027365,0.051993,0.000256,%,min,umol/min/g,D3,Y83,22,apo,SW,PDF,Plastic,Dark,Fed,Elevated
-5.29315,-11.8723,-22.5573,-0.10742,%,min,umol/min/g,A2,G45,8,sym,EC,PLF,Plastic,Light,Fed,Elevated
-1.16517,-2.61341,-4.70414,-0.0147,%,min,umol/min/g,A3,G47,8,sym,EC,PLF,Plastic,Light,Fed,Elevated
-1.06665,-2.39244,-4.54563,-0.02991,%,min,umol/min/g,A4,B47,8,sym,EC,PLF,Plastic,Light,Fed,Elevated
-2.37581,-5.32883,-10.1248,-0.07729,%,min,umol/min/g,A5,B49,8,sym,EC,PLF,Plastic,Light,Fed,Elevated
-0.19758,-0.44315,-0.84199,-0.01138,%,min,umol/min/g,A6,B51,8,sym,EC,PLF,Plastic,Light,Fed,Elevated
-0.2917,-0.65428,-1.24313,-0.00857,%,min,umol/min/g,B2,W44,8,sym,EC,PLF,Plastic,Light,Fed,Elevated
-1.19733,-2.68554,-5.10253,-0.03019,%,min,umol/min/g,B3,W46,8,sym,EC,PLF,Plastic,Light,Fed,Elevated
-0.17741,-0.39792,-0.75604,-0.00813,%,min,umol/min/g,B4,Y40,8,sym,EC,PLF,Plastic,Light,Fed,Elevated
-3.8857,-8.71542,-16.5593,-0.11265,%,min,umol/min/g,B5,Y42,8,sym,EC,PLF,Plastic,Light,Fed,Elevated
-0.35732,-0.80145,-1.52276,-0.0129,%,min,umol/min/g,B6,Y44,8,sym,EC,PLF,Plastic,Light,Fed,Elevated
-0.71653,-1.60714,-3.05357,-0.01933,%,min,umol/min/g,C3,G97,8,apo,EC,PLF,Plastic,Light,Fed,Elevated
-0.17484,-0.39216,-0.7451,-0.00993,%,min,umol/min/g,C4,B97,8,apo,EC,PLF,Plastic,Light,Fed,Elevated
-0.882,-1.97829,-3.75875,-0.03326,%,min,umol/min/g,C5,W92,8,apo,EC,PLF,Plastic,Light,Fed,Elevated
-3.31115,-7.42674,-14.1108,-0.21709,%,min,umol/min/g,C6,W94,8,apo,EC,PLF,Plastic,Light,Fed,Elevated
-2.16205,-4.84936,-8.72886,-0.05938,%,min,umol/min/g,D2,Y88,8,apo,EC,PLF,Plastic,Light,Fed,Elevated
-2.16205,-4.84936,-9.21379,-0.03477,%,min,umol/min/g,D3,Y93,8,apo,EC,PLF,Plastic,Light,Fed,Elevated
-0.67689,-1.51824,-2.73283,-0.00741,%,min,umol/min/g,A2,G44,8,sym,SW,PLF,Plastic,Light,Fed,Elevated
-0.34569,-0.77536,-1.47319,-0.00944,%,min,umol/min/g,A3,G46,8,sym,SW,PLF,Plastic,Light,Fed,Elevated
-0.17718,-0.39742,-0.75509,-0.00821,%,min,umol/min/g,A4,G48,8,sym,SW,PLF,Plastic,Light,Fed,Elevated
-0.79113,-1.77446,-3.37147,-0.01842,%,min,umol/min/g,A5,B48,8,sym,SW,PLF,Plastic,Light,Fed,Elevated
-0.25884,-0.58056,-1.10307,-0.00499,%,min,umol/min/g,A6,B50,8,sym,SW,PLF,Plastic,Light,Fed,Elevated
-0.1772,-0.39746,-0.75517,-0.00609,%,min,umol/min/g,B2,W43,8,sym,SW,PLF,Plastic,Light,Fed,Elevated
-0.10896,-0.24439,-0.46434,-0.0054,%,min,umol/min/g,B3,W45,8,sym,SW,PLF,Plastic,Light,Fed,Elevated
-0.7871,-1.76543,-3.35432,-0.01895,%,min,umol/min/g,B4,W47,8,sym,SW,PLF,Plastic,Light,Fed,Elevated
-5.66771,-12.7124,-22.8823,-0.06913,%,min,umol/min/g,B5,Y41,8,sym,SW,PLF,Plastic,Light,Fed,Elevated
-0.92917,-2.08408,-3.95975,-0.01752,%,min,umol/min/g,B6,Y43,8,sym,SW,PLF,Plastic,Light,Fed,Elevated
-0.22142,-0.49663,-0.9436,-0.00866,%,min,umol/min/g,C2,G93,8,apo,SW,PLF,Plastic,Light,Fed,Elevated
-0.27779,-0.62306,-1.18381,-0.0074,%,min,umol/min/g,C3,G95,8,apo,SW,PLF,Plastic,Light,Fed,Elevated
-0.26402,-0.59219,-1.12516,-0.00571,%,min,umol/min/g,C4,G98,8,apo,SW,PLF,Plastic,Light,Fed,Elevated
-0.36821,-0.82588,-1.56918,-0.00773,%,min,umol/min/g,C5,W2,8,apo,SW,PLF,Plastic,Light,Fed,Elevated
-0.34702,-0.77834,-1.47885,-0.00564,%,min,umol/min/g,C6,W93,8,apo,SW,PLF,Plastic,Light,Fed,Elevated
-0.2808,-0.62982,-1.19666,-0.00965,%,min,umol/min/g,D2,W95,8,apo,SW,PLF,Plastic,Light,Fed,Elevated
-0.2808,-0.62982,-1.13367,-0.00438,%,min,umol/min/g,D3,Y92,8,apo,SW,PLF,Plastic,Light,Fed,Elevated
-0.19243,-0.43694,-0.83019,-0.00419,%,min,umol/min/g,A2,G45,15,sym,EC,PLF,Plastic,Light,Fed,Elevated
-5.59892,-12.7129,-22.8832,-0.07358,%,min,umol/min/g,A3,G47,15,sym,EC,PLF,Plastic,Light,Fed,Elevated
-1.97249,-4.47874,-8.50961,-0.05598,%,min,umol/min/g,A4,B47,15,sym,EC,PLF,Plastic,Light,Fed,Elevated
-5.81213,-13.197,-25.0743,-0.19589,%,min,umol/min/g,A5,B49,15,sym,EC,PLF,Plastic,Light,Fed,Elevated
-0.19741,-0.44825,-0.85167,-0.01271,%,min,umol/min/g,A6,B51,15,sym,EC,PLF,Plastic,Light,Fed,Elevated
-0.35434,-0.80456,-1.52866,-0.01084,%,min,umol/min/g,B2,W44,15,sym,EC,PLF,Plastic,Light,Fed,Elevated
-1.10531,-2.50973,-4.76848,-0.02855,%,min,umol/min/g,B3,W46,15,sym,EC,PLF,Plastic,Light,Fed,Elevated
-2.96783,-6.73876,-12.8036,-0.08891,%,min,umol/min/g,B5,Y42,15,sym,EC,PLF,Plastic,Light,Fed,Elevated
-0.34332,-0.77955,-1.48114,-0.01311,%,min,umol/min/g,B6,Y44,15,sym,EC,PLF,Plastic,Light,Fed,Elevated
-0.44178,-1.0031,-1.9059,-0.01206,%,min,umol/min/g,C2,G97,15,apo,EC,PLF,Plastic,Light,Fed,Elevated
-0.18605,-0.42244,-0.80263,-0.01115,%,min,umol/min/g,C3,B97,15,apo,EC,PLF,Plastic,Light,Fed,Elevated
-0.33583,-0.76255,-1.44884,-0.01329,%,min,umol/min/g,C4,W92,15,apo,EC,PLF,Plastic,Light,Fed,Elevated
-0.19301,-0.43825,-0.83267,-0.01365,%,min,umol/min/g,C5,W94,15,apo,EC,PLF,Plastic,Light,Fed,Elevated
-2.7034,-6.13834,-11.6629,-0.07673,%,min,umol/min/g,C6,Y88,15,apo,EC,PLF,Plastic,Light,Fed,Elevated
-2.89944,-6.58347,-12.5086,-0.0519,%,min,umol/min/g,D2,Y93,15,apo,EC,PLF,Plastic,Light,Fed,Elevated
-0.69967,-1.58867,-2.8596,-0.00815,%,min,umol/min/g,A2,G44,15,sym,SW,PLF,Plastic,Light,Fed,Elevated
-0.2213,-0.50249,-0.95474,-0.00672,%,min,umol/min/g,A3,G46,15,sym,SW,PLF,Plastic,Light,Fed,Elevated
-0.12564,-0.28528,-0.54202,-0.0063,%,min,umol/min/g,A4,G48,15,sym,SW,PLF,Plastic,Light,Fed,Elevated
-0.18423,-0.41832,-0.79481,-0.00363,%,min,umol/min/g,A5,B50,15,sym,SW,PLF,Plastic,Light,Fed,Elevated
-0.11958,-0.27151,-0.51587,-0.00419,%,min,umol/min/g,A6,W43,15,sym,SW,PLF,Plastic,Light,Fed,Elevated
-0.09015,-0.2047,-0.38892,-0.00447,%,min,umol/min/g,B2,W45,15,sym,SW,PLF,Plastic,Light,Fed,Elevated
-0.16029,-0.36395,-0.69151,-0.00386,%,min,umol/min/g,B3,W47,15,sym,SW,PLF,Plastic,Light,Fed,Elevated
-0.8963,-2.03515,-3.66326,-0.01081,%,min,umol/min/g,B4,Y41,15,sym,SW,PLF,Plastic,Light,Fed,Elevated
-0.63829,-1.44931,-2.60876,-0.01159,%,min,umol/min/g,B5,Y43,15,sym,SW,PLF,Plastic,Light,Fed,Elevated
-0.20793,-0.47212,-0.89703,-0.00879,%,min,umol/min/g,C2,G93,15,apo,SW,PLF,Plastic,Light,Fed,Elevated
-0.25251,-0.57336,-1.08938,-0.00707,%,min,umol/min/g,C3,G95,15,apo,SW,PLF,Plastic,Light,Fed,Elevated
-0.2322,-0.52724,-1.00176,-0.00503,%,min,umol/min/g,C4,G98,15,apo,SW,PLF,Plastic,Light,Fed,Elevated
-0.16028,-0.36394,-0.69148,-0.00322,%,min,umol/min/g,C5,W2,15,apo,SW,PLF,Plastic,Light,Fed,Elevated
-0.25171,-0.57153,-1.08591,-0.00414,%,min,umol/min/g,C6,W93,15,apo,SW,PLF,Plastic,Light,Fed,Elevated
-0.17812,-0.40445,-0.76845,-0.00651,%,min,umol/min/g,D2,W95,15,apo,SW,PLF,Plastic,Light,Fed,Elevated
-0.17812,-0.40445,-0.76845,-0.00293,%,min,umol/min/g,D3,Y92,15,apo,SW,PLF,Plastic,Light,Fed,Elevated
-1.1603,-2.70105,-4.86189,-0.0137,%,min,umol/min/g,A2,G44,22,sym,SW,PLF,Plastic,Light,Fed,Elevated
-0.21305,-0.49596,-0.94233,-0.00683,%,min,umol/min/g,A3,G46,22,sym,SW,PLF,Plastic,Light,Fed,Elevated
-0.13581,-0.31615,-0.60069,-0.00707,%,min,umol/min/g,A4,G48,22,sym,SW,PLF,Plastic,Light,Fed,Elevated
-0.20528,-0.47787,-0.90796,-0.00418,%,min,umol/min/g,A5,B50,22,sym,SW,PLF,Plastic,Light,Fed,Elevated
-0.23927,-0.55699,-1.05829,-0.00853,%,min,umol/min/g,A6,W43,22,sym,SW,PLF,Plastic,Light,Fed,Elevated
-0.16742,-0.38974,-0.74051,-0.00841,%,min,umol/min/g,B2,W45,22,sym,SW,PLF,Plastic,Light,Fed,Elevated
-5.71316,-13.2996,-23.9393,-0.07104,%,min,umol/min/g,B3,Y41,22,sym,SW,PLF,Plastic,Light,Fed,Elevated
-0.2232,-0.51959,-0.98723,-0.00443,%,min,umol/min/g,B4,Y43,22,sym,SW,PLF,Plastic,Light,Fed,Elevated
-0.22822,-0.53127,-1.00941,-0.0116,%,min,umol/min/g,C2,G93,22,apo,SW,PLF,Plastic,Light,Fed,Elevated
-0.17162,-0.39951,-0.75907,-0.00509,%,min,umol/min/g,C3,G95,22,apo,SW,PLF,Plastic,Light,Fed,Elevated
-0.25248,-0.58775,-1.11673,-0.00558,%,min,umol/min/g,C4,G98,22,apo,SW,PLF,Plastic,Light,Fed,Elevated
-0.27019,-0.62897,-1.19505,-0.00572,%,min,umol/min/g,C5,W2,22,apo,SW,PLF,Plastic,Light,Fed,Elevated
-0.21282,-0.49542,-0.94131,-0.00357,%,min,umol/min/g,C6,W93,22,apo,SW,PLF,Plastic,Light,Fed,Elevated
-0.21232,-0.49425,-0.93908,-0.00817,%,min,umol/min/g,D2,W95,22,apo,SW,PLF,Plastic,Light,Fed,Elevated
-0.21232,-0.49425,-0.93908,-0.00371,%,min,umol/min/g,D3,Y92,22,apo,SW,PLF,Plastic,Light,Fed,Elevated
-0.20722,-0.48239,-0.91654,-0.00456,%,min,umol/min/g,A2,G45,22,sym,EC,PLF,Plastic,Light,Fed,Elevated
-1.50946,-3.51385,-6.32493,-0.02034,%,min,umol/min/g,A3,G47,22,sym,EC,PLF,Plastic,Light,Fed,Elevated
-0.30728,-0.71532,-1.35911,-0.00906,%,min,umol/min/g,A4,B47,22,sym,EC,PLF,Plastic,Light,Fed,Elevated
-0.55089,-1.28241,-2.43659,-0.01919,%,min,umol/min/g,A5,B49,22,sym,EC,PLF,Plastic,Light,Fed,Elevated
-0.79176,-1.84312,-3.50194,-0.02366,%,min,umol/min/g,A6,W44,22,sym,EC,PLF,Plastic,Light,Fed,Elevated
-0.33474,-0.77923,-1.48054,-0.00892,%,min,umol/min/g,B2,W46,22,sym,EC,PLF,Plastic,Light,Fed,Elevated
-0.84161,-1.95918,-3.72245,-0.02585,%,min,umol/min/g,B3,Y42,22,sym,EC,PLF,Plastic,Light,Fed,Elevated
-0.51639,-1.2021,-2.284,-0.01919,%,min,umol/min/g,B4,Y44,22,sym,EC,PLF,Plastic,Light,Fed,Elevated
-0.91171,-2.12237,-4.0325,-0.02459,%,min,umol/min/g,C2,G97,22,apo,EC,PLF,Plastic,Light,Fed,Elevated
-0.1994,-0.46418,-0.88194,-0.00817,%,min,umol/min/g,C3,W92,22,apo,EC,PLF,Plastic,Light,Fed,Elevated
-0.18182,-0.42325,-0.80418,-0.01363,%,min,umol/min/g,C4,W94,22,apo,EC,PLF,Plastic,Light,Fed,Elevated
-5.27517,-12.28,-23.3321,-0.15659,%,min,umol/min/g,C5,Y88,22,apo,EC,PLF,Plastic,Light,Fed,Elevated
-2.81034,-6.54216,-12.4301,-0.04972,%,min,umol/min/g,C6,Y93,22,apo,EC,PLF,Plastic,Light,Fed,Elevated
-4.20253,-9.69792,-18.426,-0.05868,%,min,umol/min/g,A2,G49,8,sym,SW,NDF,NoPlastic,Dark,Fed,Elevated
-0.47393,-1.09367,-2.07797,-0.01574,%,min,umol/min/g,A3,G51,8,sym,SW,NDF,NoPlastic,Dark,Fed,Elevated
-0.15578,-0.35949,-0.68302,-0.00517,%,min,umol/min/g,A4,G53,8,sym,SW,NDF,NoPlastic,Dark,Fed,Elevated
-0.15286,-0.35274,-0.6702,-0.00275,%,min,umol/min/g,A5,B53,8,sym,SW,NDF,NoPlastic,Dark,Fed,Elevated
-0.2817,-0.65006,-1.23512,-0.0095,%,min,umol/min/g,A6,B55,8,sym,SW,NDF,NoPlastic,Dark,Fed,Elevated
-0.15334,-0.35385,-0.67231,-0.00764,%,min,umol/min/g,B2,W48,8,sym,SW,NDF,NoPlastic,Dark,Fed,Elevated
-0.16751,-0.38656,-0.73447,-0.00348,%,min,umol/min/g,B3,W50,8,sym,SW,NDF,NoPlastic,Dark,Fed,Elevated
-0.12046,-0.27799,-0.52817,-0.0026,%,min,umol/min/g,B4,W52,8,sym,SW,NDF,NoPlastic,Dark,Fed,Elevated
-0.09625,-0.2221,-0.422,-0.00153,%,min,umol/min/g,B5,Y46,8,sym,SW,NDF,NoPlastic,Dark,Fed,Elevated
-0.34619,-0.79889,-1.51789,-0.00566,%,min,umol/min/g,B6,Y48,8,sym,SW,NDF,NoPlastic,Dark,Fed,Elevated
-0.07237,-0.16701,-0.31732,-0.00223,%,min,umol/min/g,C2,B7,8,apo,SW,NDF,NoPlastic,Dark,Fed,Elevated
-0.16202,-0.37388,-0.71038,-0.00483,%,min,umol/min/g,C3,B10,8,apo,SW,NDF,NoPlastic,Dark,Fed,Elevated
-0.29779,-0.6872,-1.30568,-0.00631,%,min,umol/min/g,C4,B12,8,apo,SW,NDF,NoPlastic,Dark,Fed,Elevated
-0.35297,-0.81452,-1.54759,-0.00569,%,min,umol/min/g,C5,O7681,8,apo,SW,NDF,NoPlastic,Dark,Fed,Elevated
-0.24068,-0.55541,-1.05528,-0.00503,%,min,umol/min/g,C6,O9174,8,apo,SW,NDF,NoPlastic,Dark,Fed,Elevated
-0.17445,-0.40257,-0.76488,-0.00286,%,min,umol/min/g,D2,W98,8,apo,SW,NDF,NoPlastic,Dark,Fed,Elevated
-0.17445,-0.40257,-0.76488,-0.0051,%,min,umol/min/g,D3,Y2,8,apo,SW,NDF,NoPlastic,Dark,Fed,Elevated
-0.31626,-0.72981,-1.38664,-0.00492,%,min,umol/min/g,D4,Y4,8,apo,SW,NDF,NoPlastic,Dark,Fed,Elevated
-0.58202,-1.3431,-2.41758,-0.00753,%,min,umol/min/g,D5,Y97,8,apo,SW,NDF,NoPlastic,Dark,Fed,Elevated
-0.16121,-0.37129,-0.70546,-0.00238,%,min,umol/min/g,A2,G49,15,sym,SW,NDF,NoPlastic,Dark,Fed,Elevated
-0.14591,-0.33607,-0.63853,-0.00276,%,min,umol/min/g,A5,B53,15,sym,SW,NDF,NoPlastic,Dark,Fed,Elevated
-0.14996,-0.3454,-0.65626,-0.00525,%,min,umol/min/g,A6,B55,15,sym,SW,NDF,NoPlastic,Dark,Fed,Elevated
-0.07834,-0.18043,-0.34282,-0.00418,%,min,umol/min/g,B2,W48,15,sym,SW,NDF,NoPlastic,Dark,Fed,Elevated
-0.03191,-0.07349,-0.13963,-0.00092,%,min,umol/min/g,B4,W52,15,sym,SW,NDF,NoPlastic,Dark,Fed,Elevated
-0.13665,-0.31473,-0.59798,-0.00223,%,min,umol/min/g,B5,Y48,15,sym,SW,NDF,NoPlastic,Dark,Fed,Elevated
-0.03055,-0.07036,-0.13369,-0.00108,%,min,umol/min/g,C2,B7,15,apo,SW,NDF,NoPlastic,Dark,Fed,Elevated
-0.1722,-0.39661,-0.75356,-0.00436,%,min,umol/min/g,C3,B12,15,apo,SW,NDF,NoPlastic,Dark,Fed,Elevated
-0.20729,-0.47744,-0.90713,-0.00398,%,min,umol/min/g,C4,O7681,15,apo,SW,NDF,NoPlastic,Dark,Fed,Elevated
-0.13433,-0.3094,-0.58786,-0.00297,%,min,umol/min/g,C5,O9174,15,apo,SW,NDF,NoPlastic,Dark,Fed,Elevated
-0.15125,-0.34836,-0.66189,-0.00525,%,min,umol/min/g,D2,Y2,15,apo,SW,NDF,NoPlastic,Dark,Fed,Elevated
-0.4346,-1.00097,-1.80175,-0.00519,%,min,umol/min/g,A2,G50,15,sym,EC,NDF,NoPlastic,Dark,Fed,Elevated
-0.18729,-0.43138,-0.81962,-0.00494,%,min,umol/min/g,A3,G52,15,sym,EC,NDF,NoPlastic,Dark,Fed,Elevated
-0.15167,-0.34932,-0.66372,-0.00507,%,min,umol/min/g,A4,B52,15,sym,EC,NDF,NoPlastic,Dark,Fed,Elevated
-0.21666,-0.49903,-0.94816,-0.00804,%,min,umol/min/g,A5,B56,15,sym,EC,NDF,NoPlastic,Dark,Fed,Elevated
-0.83517,-1.9236,-3.65483,-0.03692,%,min,umol/min/g,A6,W49,15,sym,EC,NDF,NoPlastic,Dark,Fed,Elevated
-0.29724,-0.68462,-1.30078,-0.00453,%,min,umol/min/g,B2,W51,15,sym,EC,NDF,NoPlastic,Dark,Fed,Elevated
-0.42267,-0.97351,-1.84967,-0.01434,%,min,umol/min/g,B3,Y47,15,sym,EC,NDF,NoPlastic,Dark,Fed,Elevated
-0.12244,-0.28201,-0.53581,-0.00353,%,min,umol/min/g,B4,Y49,15,sym,EC,NDF,NoPlastic,Dark,Fed,Elevated
-0.36391,-0.83818,-1.59254,-0.00567,%,min,umol/min/g,C2,B11,15,apo,EC,NDF,NoPlastic,Dark,Fed,Elevated
-0.88044,-2.02786,-3.85293,-0.02253,%,min,umol/min/g,C3,O7096,15,apo,EC,NDF,NoPlastic,Dark,Fed,Elevated
-0.12028,-0.27704,-0.52638,-0.00458,%,min,umol/min/g,C4,O7398,15,apo,EC,NDF,NoPlastic,Dark,Fed,Elevated
-2.59035,-5.96619,-11.3358,-0.05843,%,min,umol/min/g,C5,Y1,15,apo,EC,NDF,NoPlastic,Dark,Fed,Elevated
-0.28205,-0.64963,-1.23429,-0.00781,%,min,umol/min/g,C6,Y3,15,apo,EC,NDF,NoPlastic,Dark,Fed,Elevated
-0.04637,-0.10638,-0.20213,-0.00277,%,min,umol/min/g,A2,W48,22,sym,SW,NDF,NoPlastic,Dark,Fed,Elevated
-0.03845,-0.08822,-0.16762,-0.00114,%,min,umol/min/g,A3,W52,22,sym,SW,NDF,NoPlastic,Dark,Fed,Elevated
-0.08412,-0.193,-0.36671,-0.00139,%,min,umol/min/g,A4,Y48,22,sym,SW,NDF,NoPlastic,Dark,Fed,Elevated
-0.06154,-0.14119,-0.26826,-0.00237,%,min,umol/min/g,A5,B7,22,apo,SW,NDF,NoPlastic,Dark,Fed,Elevated
-0.1781,-0.40862,-0.77638,-0.00485,%,min,umol/min/g,C2,G52,22,sym,EC,NDF,NoPlastic,Dark,Fed,Elevated
-0.9362,-2.14797,-4.08114,-0.01447,%,min,umol/min/g,C3,W51,22,sym,EC,NDF,NoPlastic,Dark,Fed,Elevated
-0.01831,-0.04201,-0.07981,-0.00075,%,min,umol/min/g,C4,O7398,22,apo,EC,NDF,NoPlastic,Dark,Fed,Elevated
-0.1566,-0.35929,-0.68264,-0.00363,%,min,umol/min/g,C5,Y1,22,apo,EC,NDF,NoPlastic,Dark,Fed,Elevated
-0.50648,-1.14984,-2.1847,-0.00867,%,min,umol/min/g,A2,G55,8,sym,EC,NLF,NoPlastic,Light,Fed,Elevated
-0.20423,-0.46366,-0.88096,-0.00753,%,min,umol/min/g,A3,G57,8,sym,EC,NLF,NoPlastic,Light,Fed,Elevated
-1.58222,-3.59209,-6.82498,-0.03555,%,min,umol/min/g,A4,B57,8,sym,EC,NLF,NoPlastic,Light,Fed,Elevated
-0.33582,-0.76241,-1.44858,-0.00935,%,min,umol/min/g,A5,B59,8,sym,EC,NLF,NoPlastic,Light,Fed,Elevated
-0.1618,-0.36732,-0.69791,-0.00956,%,min,umol/min/g,A6,B62,8,sym,EC,NLF,NoPlastic,Light,Fed,Elevated
-2.03906,-4.62924,-8.79557,-0.06108,%,min,umol/min/g,B2,W54,8,sym,EC,NLF,NoPlastic,Light,Fed,Elevated
-2.17209,-4.93126,-9.36939,-0.0337,%,min,umol/min/g,B3,W56,8,sym,EC,NLF,NoPlastic,Light,Fed,Elevated
-1.43796,-3.26458,-6.2027,-0.02395,%,min,umol/min/g,B4,Y50,8,sym,EC,NLF,NoPlastic,Light,Fed,Elevated
-0.4806,-1.0911,-2.0731,-0.01249,%,min,umol/min/g,B5,Y52,8,sym,EC,NLF,NoPlastic,Light,Fed,Elevated
-0.88141,-2.00105,-3.802,-0.01697,%,min,umol/min/g,B6,Y54,8,sym,EC,NLF,NoPlastic,Light,Fed,Elevated
-2.17229,-4.93171,-9.37025,-0.09761,%,min,umol/min/g,C2,B23,8,apo,EC,NLF,NoPlastic,Light,Fed,Elevated
-0.19571,-0.44431,-0.84418,-0.01141,%,min,umol/min/g,C3,B25,8,apo,EC,NLF,NoPlastic,Light,Fed,Elevated
-0.279,-0.63341,-1.20347,-0.01228,%,min,umol/min/g,C4,W10,8,apo,EC,NLF,NoPlastic,Light,Fed,Elevated
-0.25304,-0.57447,-1.09149,-0.00887,%,min,umol/min/g,C5,W13,8,apo,EC,NLF,NoPlastic,Light,Fed,Elevated
-0.19976,-0.4535,-0.86166,-0.00663,%,min,umol/min/g,C6,Y8,8,apo,EC,NLF,NoPlastic,Light,Fed,Elevated
-0.62983,-1.42989,-2.71679,-0.01485,%,min,umol/min/g,D2,Y11,8,apo,EC,NLF,NoPlastic,Light,Fed,Elevated
-0.62983,-1.42989,-2.71679,-0.01677,%,min,umol/min/g,D3,O29,8,apo,EC,NLF,NoPlastic,Light,Fed,Elevated
-1.43586,-3.25981,-6.19363,-0.02204,%,min,umol/min/g,D4,O31,8,apo,EC,NLF,NoPlastic,Light,Fed,Elevated
-0.33318,-0.75641,-1.43718,-0.0058,%,min,umol/min/g,A2,G54,8,sym,SW,NLF,NoPlastic,Light,Fed,Elevated
-0.09512,-0.21596,-0.41032,-0.00192,%,min,umol/min/g,A3,G56,8,sym,SW,NLF,NoPlastic,Light,Fed,Elevated
-0.19455,-0.44167,-0.83918,-0.00413,%,min,umol/min/g,A4,G58,8,sym,SW,NLF,NoPlastic,Light,Fed,Elevated
-0.12482,-0.28338,-0.53843,-0.00641,%,min,umol/min/g,A5,B58,8,sym,SW,NLF,NoPlastic,Light,Fed,Elevated
-0.226,-0.51309,-0.97488,-0.00739,%,min,umol/min/g,A6,B60,8,sym,SW,NLF,NoPlastic,Light,Fed,Elevated
-0.20979,-0.47628,-0.90494,-0.00459,%,min,umol/min/g,B2,W53,8,sym,SW,NLF,NoPlastic,Light,Fed,Elevated
-0.37877,-0.85991,-1.63383,-0.00601,%,min,umol/min/g,B3,W55,8,sym,SW,NLF,NoPlastic,Light,Fed,Elevated
-1.83725,-4.17107,-7.92502,-0.03209,%,min,umol/min/g,B4,W57,8,sym,SW,NLF,NoPlastic,Light,Fed,Elevated
-0.16626,-0.37745,-0.71715,-0.00732,%,min,umol/min/g,B5,Y51,8,sym,SW,NLF,NoPlastic,Light,Fed,Elevated
-0.44387,-1.00771,-1.91466,-0.00775,%,min,umol/min/g,B6,Y53,8,sym,SW,NLF,NoPlastic,Light,Fed,Elevated
-0.17852,-0.4053,-0.77007,-0.00562,%,min,umol/min/g,C2,B22,8,apo,SW,NLF,NoPlastic,Light,Fed,Elevated
-0.31031,-0.7045,-1.33855,-0.00628,%,min,umol/min/g,C3,B24,8,apo,SW,NLF,NoPlastic,Light,Fed,Elevated
-0.60888,-1.38233,-2.62642,-0.00903,%,min,umol/min/g,C4,B26,8,apo,SW,NLF,NoPlastic,Light,Fed,Elevated
-0.11723,-0.26615,-0.50569,-0.00712,%,min,umol/min/g,C5,W11,8,apo,SW,NLF,NoPlastic,Light,Fed,Elevated
-0.20715,-0.4703,-0.89357,-0.00449,%,min,umol/min/g,C6,W14,8,apo,SW,NLF,NoPlastic,Light,Fed,Elevated
-3.03382,-6.88763,-13.0865,-0.04319,%,min,umol/min/g,D2,Y5,8,apo,SW,NLF,NoPlastic,Light,Fed,Elevated
-3.03382,-6.88763,-13.0865,-0.14541,%,min,umol/min/g,D3,Y10,8,apo,SW,NLF,NoPlastic,Light,Fed,Elevated
-0.21726,-0.49324,-0.88784,-0.00224,%,min,umol/min/g,D4,O27,8,apo,SW,NLF,NoPlastic,Light,Fed,Elevated
-0.23119,-0.52488,-0.99727,-0.00643,%,min,umol/min/g,D5,O30,8,apo,SW,NLF,NoPlastic,Light,Fed,Elevated
-1.52335,-3.48465,-6.62083,-0.02702,%,min,umol/min/g,A2,G55,15,sym,EC,NLF,NoPlastic,Light,Fed,Elevated
-0.82007,-1.8759,-3.56421,-0.02806,%,min,umol/min/g,A3,G57,15,sym,EC,NLF,NoPlastic,Light,Fed,Elevated
-0.50774,-1.16145,-2.20676,-0.0112,%,min,umol/min/g,A4,B57,15,sym,EC,NLF,NoPlastic,Light,Fed,Elevated
-2.50324,-5.72615,-10.8797,-0.06476,%,min,umol/min/g,A5,B59,15,sym,EC,NLF,NoPlastic,Light,Fed,Elevated
-0.13915,-0.31831,-0.60478,-0.00785,%,min,umol/min/g,A6,B62,15,sym,EC,NLF,NoPlastic,Light,Fed,Elevated
-0.40782,-0.93289,-1.77248,-0.01108,%,min,umol/min/g,B2,W54,15,sym,EC,NLF,NoPlastic,Light,Fed,Elevated
-1.15577,-2.64382,-5.02326,-0.02001,%,min,umol/min/g,B3,W56,15,sym,EC,NLF,NoPlastic,Light,Fed,Elevated
-1.04158,-2.3826,-4.52695,-0.02434,%,min,umol/min/g,B4,Y52,15,sym,EC,NLF,NoPlastic,Light,Fed,Elevated
-0.76607,-1.75239,-3.32954,-0.01448,%,min,umol/min/g,B5,Y54,15,sym,EC,NLF,NoPlastic,Light,Fed,Elevated
-0.22008,-0.50343,-0.95653,-0.00976,%,min,umol/min/g,C2,B23,15,apo,EC,NLF,NoPlastic,Light,Fed,Elevated
-0.1831,-0.41883,-0.79578,-0.01007,%,min,umol/min/g,C3,B25,15,apo,EC,NLF,NoPlastic,Light,Fed,Elevated
-0.30359,-0.69446,-1.31947,-0.01157,%,min,umol/min/g,C4,W10,15,apo,EC,NLF,NoPlastic,Light,Fed,Elevated
-0.31577,-0.72233,-1.37243,-0.01032,%,min,umol/min/g,C5,W13,15,apo,EC,NLF,NoPlastic,Light,Fed,Elevated
-0.41316,-0.9451,-1.79569,-0.01414,%,min,umol/min/g,C6,Y8,15,apo,EC,NLF,NoPlastic,Light,Fed,Elevated
-0.44502,-1.01798,-1.93416,-0.00953,%,min,umol/min/g,D2,Y11,15,apo,EC,NLF,NoPlastic,Light,Fed,Elevated
-0.44502,-1.01798,-1.93416,-0.01081,%,min,umol/min/g,D3,O29,15,apo,EC,NLF,NoPlastic,Light,Fed,Elevated
-0.48069,-1.09957,-2.08918,-0.00842,%,min,umol/min/g,A2,G54,15,sym,SW,NLF,NoPlastic,Light,Fed,Elevated
-0.33846,-0.77422,-1.47101,-0.0064,%,min,umol/min/g,A3,G56,15,sym,SW,NLF,NoPlastic,Light,Fed,Elevated
-0.24317,-0.55624,-1.05686,-0.00492,%,min,umol/min/g,A4,G58,15,sym,SW,NLF,NoPlastic,Light,Fed,Elevated
-0.1098,-0.25118,-0.47724,-0.00561,%,min,umol/min/g,A5,B58,15,sym,SW,NLF,NoPlastic,Light,Fed,Elevated
-0.16621,-0.38021,-0.7224,-0.00258,%,min,umol/min/g,A6,B60,15,sym,SW,NLF,NoPlastic,Light,Fed,Elevated
-0.23811,-0.54468,-1.03489,-0.00523,%,min,umol/min/g,B2,W53,15,sym,SW,NLF,NoPlastic,Light,Fed,Elevated
-0.39114,-0.89474,-1.70001,-0.00603,%,min,umol/min/g,B3,W55,15,sym,SW,NLF,NoPlastic,Light,Fed,Elevated
-0.15717,-0.35953,-0.6831,-0.0027,%,min,umol/min/g,B4,W57,15,sym,SW,NLF,NoPlastic,Light,Fed,Elevated
-0.14087,-0.32225,-0.61227,-0.00638,%,min,umol/min/g,B5,Y51,15,sym,SW,NLF,NoPlastic,Light,Fed,Elevated
-1.64883,-3.7717,-7.16623,-0.02559,%,min,umol/min/g,B6,Y53,15,sym,SW,NLF,NoPlastic,Light,Fed,Elevated
-0.22249,-0.50894,-0.96699,-0.00601,%,min,umol/min/g,C2,B22,15,apo,SW,NLF,NoPlastic,Light,Fed,Elevated
-0.2399,-0.54877,-1.04267,-0.00487,%,min,umol/min/g,C3,B24,15,apo,SW,NLF,NoPlastic,Light,Fed,Elevated
-0.43797,-1.00184,-1.9035,-0.00628,%,min,umol/min/g,C4,B26,15,apo,SW,NLF,NoPlastic,Light,Fed,Elevated
-0.12956,-0.29638,-0.56311,-0.00287,%,min,umol/min/g,C5,W14,15,apo,SW,NLF,NoPlastic,Light,Fed,Elevated
-0.73306,-1.67687,-3.18605,-0.01076,%,min,umol/min/g,C6,Y5,15,apo,SW,NLF,NoPlastic,Light,Fed,Elevated
-0.35826,-0.81952,-1.47513,-0.00349,%,min,umol/min/g,D2,O27,15,apo,SW,NLF,NoPlastic,Light,Fed,Elevated
-0.59229,-1.30145,-2.47275,-0.00966,%,min,umol/min/g,A2,G55,22,sym,EC,NLF,NoPlastic,Light,Fed,Elevated
-0.40443,-0.88865,-1.68844,-0.0087,%,min,umol/min/g,A3,B57,22,sym,EC,NLF,NoPlastic,Light,Fed,Elevated
-6.06203,-13.3201,-25.3081,-0.14887,%,min,umol/min/g,A4,B59,22,sym,EC,NLF,NoPlastic,Light,Fed,Elevated
-0.13542,-0.29755,-0.56535,-0.00785,%,min,umol/min/g,A5,B62,22,sym,EC,NLF,NoPlastic,Light,Fed,Elevated
-1.06853,-2.34789,-4.46098,-0.02954,%,min,umol/min/g,A6,W54,22,sym,EC,NLF,NoPlastic,Light,Fed,Elevated
-0.71127,-1.56287,-2.96946,-0.01193,%,min,umol/min/g,B2,W56,22,sym,EC,NLF,NoPlastic,Light,Fed,Elevated
-0.14993,-0.32945,-0.62596,-0.00857,%,min,umol/min/g,C2,B25,22,apo,EC,NLF,NoPlastic,Light,Fed,Elevated
-0.47926,-1.05309,-2.00086,-0.01601,%,min,umol/min/g,C3,W13,22,apo,EC,NLF,NoPlastic,Light,Fed,Elevated
-0.67817,-1.49014,-2.83127,-0.02195,%,min,umol/min/g,C4,Y8,22,apo,EC,NLF,NoPlastic,Light,Fed,Elevated
-0.59186,-1.3005,-2.47095,-0.01155,%,min,umol/min/g,C5,Y11,22,apo,EC,NLF,NoPlastic,Light,Fed,Elevated
-0.27675,-0.60809,-1.15538,-0.00653,%,min,umol/min/g,C6,O29,22,apo,EC,NLF,NoPlastic,Light,Fed,Elevated
-0.37764,-0.82979,-1.5766,-0.00623,%,min,umol/min/g,A2,G54,22,sym,SW,NLF,NoPlastic,Light,Fed,Elevated
-0.27397,-0.602,-1.14379,-0.00553,%,min,umol/min/g,A3,G56,22,sym,SW,NLF,NoPlastic,Light,Fed,Elevated
-0.51175,-1.12447,-2.1365,-0.00985,%,min,umol/min/g,A4,G58,22,sym,SW,NLF,NoPlastic,Light,Fed,Elevated
-0.07501,-0.16482,-0.31316,-0.00429,%,min,umol/min/g,A5,B58,22,sym,SW,NLF,NoPlastic,Light,Fed,Elevated
-0.23816,-0.52331,-0.99429,-0.0071,%,min,umol/min/g,A6,B60,22,sym,SW,NLF,NoPlastic,Light,Fed,Elevated
-0.47143,-1.03588,-1.96817,-0.00989,%,min,umol/min/g,B2,W53,22,sym,SW,NLF,NoPlastic,Light,Fed,Elevated
-0.39201,-0.86136,-1.63659,-0.00564,%,min,umol/min/g,B3,W55,22,sym,SW,NLF,NoPlastic,Light,Fed,Elevated
-0.30467,-0.66946,-1.27197,-0.00503,%,min,umol/min/g,B4,W57,22,sym,SW,NLF,NoPlastic,Light,Fed,Elevated
-0.10696,-0.23501,-0.44653,-0.0046,%,min,umol/min/g,B5,Y51,22,sym,SW,NLF,NoPlastic,Light,Fed,Elevated
-0.43791,-0.96223,-1.82823,-0.00655,%,min,umol/min/g,B6,Y53,22,sym,SW,NLF,NoPlastic,Light,Fed,Elevated
-0.20529,-0.45109,-0.85707,-0.00608,%,min,umol/min/g,C2,B22,22,apo,SW,NLF,NoPlastic,Light,Fed,Elevated
-0.25333,-0.55664,-1.05761,-0.00534,%,min,umol/min/g,C3,B24,22,apo,SW,NLF,NoPlastic,Light,Fed,Elevated
-0.61322,-1.34742,-2.5601,-0.00856,%,min,umol/min/g,C4,B26,22,apo,SW,NLF,NoPlastic,Light,Fed,Elevated
-0.23573,-0.51798,-0.98416,-0.00355,%,min,umol/min/g,C5,Y5,22,apo,SW,NLF,NoPlastic,Light,Fed,Elevated
-2.6202,-5.75736,-10.3633,-0.02497,%,min,umol/min/g,C6,O27,22,apo,SW,NLF,NoPlastic,Light,Fed,Elevated
-1.00618,-2.15568,-3.88022,-0.01075,%,min,umol/min/g,A2,O79,22,apo,EC,Control,NoPlastic,Light,Fed,Ambient
-2.62507,-5.62408,-10.6858,-0.07579,%,min,umol/min/g,A3,B6947,22,apo,EC,Control,NoPlastic,Light,Fed,Ambient
-0.31958,-0.68468,-1.30088,-0.0085,%,min,umol/min/g,A4,O83,22,apo,EC,Control,NoPlastic,Light,Fed,Ambient
-2.64519,-5.66717,-10.7676,-0.04033,%,min,umol/min/g,A5,G9116,22,apo,EC,Control,NoPlastic,Light,Fed,Ambient
-1.10584,-2.36921,-4.26457,-0.01822,%,min,umol/min/g,A6,O94,22,apo,EC,Control,NoPlastic,Light,Fed,Ambient
-1.61448,-3.45894,-6.57198,-0.02528,%,min,umol/min/g,B2,G1991,22,apo,EC,Control,NoPlastic,Light,Fed,Ambient
-1.29663,-2.77795,-5.27811,-0.02356,%,min,umol/min/g,B3,O97,22,apo,EC,Control,NoPlastic,Light,Fed,Ambient
-3.41567,-7.31791,-13.1722,-0.05421,%,min,umol/min/g,B4,G7673,22,apo,EC,Control,NoPlastic,Light,Fed,Ambient
-0.43971,-0.94205,-1.7899,-0.00973,%,min,umol/min/g,B5,Y156,22,apo,EC,Control,NoPlastic,Light,Fed,Ambient
-0.30622,-0.65606,-1.24651,-0.00966,%,min,umol/min/g,B6,G8180,22,apo,EC,Control,NoPlastic,Light,Fed,Ambient
-1.08611,-2.32693,-4.42116,-0.03113,%,min,umol/min/g,C2,G9877,22,apo,EC,Control,NoPlastic,Light,Fed,Ambient
-4.29906,-9.21051,-17.5,-0.175,%,min,umol/min/g,C3,Y2820,22,apo,EC,Control,NoPlastic,Light,Fed,Ambient
-1.76889,-3.78975,-7.20053,-0.02424,%,min,umol/min/g,C4,O986,22,apo,EC,Control,NoPlastic,Light,Fed,Ambient
-0.62345,-1.33572,-2.53787,-0.01099,%,min,umol/min/g,C5,O9659,22,apo,EC,Control,NoPlastic,Light,Fed,Ambient
-0.6641,-1.4228,-2.70332,-0.01325,%,min,umol/min/g,C6,Y2223,22,apo,EC,Control,NoPlastic,Light,Fed,Ambient
-1.54031,-3.30003,-5.94005,-0.01778,%,min,umol/min/g,D2,O646,22,apo,EC,Control,NoPlastic,Light,Fed,Ambient
-1.54031,-3.30003,-6.27005,-0.02469,%,min,umol/min/g,D3,O6719,22,apo,EC,Control,NoPlastic,Light,Fed,Ambient
-1.11144,-2.3812,-4.52428,-0.01817,%,min,umol/min/g,D4,Y4350,22,apo,EC,Control,NoPlastic,Light,Fed,Ambient
-0.29253,-0.62673,-1.19079,-0.00789,%,min,umol/min/g,D5,W3,22,apo,EC,Control,NoPlastic,Light,Fed,Ambient
-0.41769,-0.89487,-1.70025,-0.0063,%,min,umol/min/g,D6,W8,22,apo,EC,Control,NoPlastic,Light,Fed,Ambient
-0.19024,-0.40758,-0.77439,-0.0079,%,min,umol/min/g,A2,O78,22,apo,SW,Control,NoPlastic,Light,Fed,Ambient
-0.20583,-0.44098,-0.83786,-0.00537,%,min,umol/min/g,A3,O80,22,apo,SW,Control,NoPlastic,Light,Fed,Ambient
-0.17932,-0.38419,-0.72995,-0.00537,%,min,umol/min/g,A4,B6334,22,apo,SW,Control,NoPlastic,Light,Fed,Ambient
-0.17072,-0.36576,-0.69493,-0.00291,%,min,umol/min/g,A5,O85,22,apo,SW,Control,NoPlastic,Light,Fed,Ambient
-0.08492,-0.18195,-0.3457,-0.00342,%,min,umol/min/g,A6,O87,22,apo,SW,Control,NoPlastic,Light,Fed,Ambient
-0.25856,-0.55395,-1.05251,-0.00642,%,min,umol/min/g,B2,G6961,22,apo,SW,Control,NoPlastic,Light,Fed,Ambient
-0.23988,-0.51393,-0.97646,-0.0061,%,min,umol/min/g,B3,O89,22,apo,SW,Control,NoPlastic,Light,Fed,Ambient
-1.26882,-2.71837,-5.16491,-0.01645,%,min,umol/min/g,B4,O93,22,apo,SW,Control,NoPlastic,Light,Fed,Ambient
-6.2708,-13.4349,-24.1828,-0.06001,%,min,umol/min/g,B5,G9669,22,apo,SW,Control,NoPlastic,Light,Fed,Ambient
-2.27558,-4.8753,-8.77555,-0.02291,%,min,umol/min/g,B6,O98,22,apo,SW,Control,NoPlastic,Light,Fed,Ambient
-0.1939,-0.41542,-0.78929,-0.00467,%,min,umol/min/g,C2,Y113,22,apo,SW,Control,NoPlastic,Light,Fed,Ambient
-0.21228,-0.4548,-0.86412,-0.00758,%,min,umol/min/g,C3,G8171,22,apo,SW,Control,NoPlastic,Light,Fed,Ambient
-0.49258,-1.05533,-1.89959,-0.00481,%,min,umol/min/g,C4,Y164,22,apo,SW,Control,NoPlastic,Light,Fed,Ambient
-1.81561,-3.88986,-7.39073,-0.04017,%,min,umol/min/g,C5,G6991,22,apo,SW,Control,NoPlastic,Light,Fed,Ambient
-0.31307,-0.67074,-1.2744,-0.00585,%,min,umol/min/g,C6,Y1819,22,apo,SW,Control,NoPlastic,Light,Fed,Ambient
-0.55801,-1.19551,-2.27146,-0.0073,%,min,umol/min/g,D2,O916,22,apo,SW,Control,NoPlastic,Light,Fed,Ambient
-0.55801,-1.19551,-2.27146,-0.02294,%,min,umol/min/g,D3,Y3225,22,apo,SW,Control,NoPlastic,Light,Fed,Ambient
-0.24498,-0.52485,-0.99722,-0.00435,%,min,umol/min/g,D4,O6968,22,apo,SW,Control,NoPlastic,Light,Fed,Ambient
-1.68242,-3.60449,-6.84852,-0.0428,%,min,umol/min/g,D5,Y4451,22,apo,SW,Control,NoPlastic,Light,Fed,Ambient
-0.18292,-0.3919,-0.66623,-0.00376,%,min,umol/min/g,D6,W7,22,apo,SW,Control,NoPlastic,Light,Fed,Ambient
-0.45249,-0.9597,-1.82344,-0.01788,%,min,umol/min/g,A2,O36,22,sym,EC,Control,NoPlastic,Light,Fed,Ambient
-0.55121,-1.1691,-2.22129,-0.01481,%,min,umol/min/g,A3,Y4156,22,sym,EC,Control,NoPlastic,Light,Fed,Ambient
-3.35246,-7.1104,-13.5098,-0.08605,%,min,umol/min/g,A4,O41,22,sym,EC,Control,NoPlastic,Light,Fed,Ambient
-4.50614,-9.55729,-18.1588,-0.0936,%,min,umol/min/g,A5,Y5281,22,sym,EC,Control,NoPlastic,Light,Fed,Ambient
-1.27271,-2.69935,-4.85883,-0.03709,%,min,umol/min/g,A6,O46,22,sym,EC,Control,NoPlastic,Light,Fed,Ambient
-6.43876,-13.6563,-24.5813,-0.06303,%,min,umol/min/g,B2,Y7364,22,sym,EC,Control,NoPlastic,Light,Fed,Ambient
-2.75964,-5.85305,-11.1208,-0.06907,%,min,umol/min/g,B3,O50,22,sym,EC,Control,NoPlastic,Light,Fed,Ambient
-0.45188,-0.95842,-1.82101,-0.02718,%,min,umol/min/g,B4,Y8794,22,sym,EC,Control,NoPlastic,Light,Fed,Ambient
-3.77132,-7.99878,-15.1977,-0.06695,%,min,umol/min/g,B5,O54,22,sym,EC,Control,NoPlastic,Light,Fed,Ambient
-1.79279,-3.80242,-7.22459,-0.03211,%,min,umol/min/g,B6,O56,22,sym,EC,Control,NoPlastic,Light,Fed,Ambient
-4.27663,-9.07052,-17.234,-0.07092,%,min,umol/min/g,C2,Y615,22,sym,EC,Control,NoPlastic,Light,Fed,Ambient
-6.13764,-13.0176,-23.4317,-0.06892,%,min,umol/min/g,C3,O63,22,sym,EC,Control,NoPlastic,Light,Fed,Ambient
-2.52241,-5.34991,-10.1648,-0.04253,%,min,umol/min/g,C4,B1938,22,sym,EC,Control,NoPlastic,Light,Fed,Ambient
-9.53267,-20.2183,-38.4148,-0.27439,%,min,umol/min/g,C5,B3941,22,sym,EC,Control,NoPlastic,Light,Fed,Ambient
-0.36803,-0.78057,-1.48309,-0.0163,%,min,umol/min/g,C6,O71,22,sym,EC,Control,NoPlastic,Light,Fed,Ambient
-5.78312,-12.2657,-22.0783,-0.07215,%,min,umol/min/g,D2,B233,22,sym,EC,Control,NoPlastic,Light,Fed,Ambient
-5.78312,-12.2657,-23.3048,-0.07567,%,min,umol/min/g,D3,B919,22,sym,EC,Control,NoPlastic,Light,Fed,Ambient
-0.31042,-0.65838,-1.25092,-0.00962,%,min,umol/min/g,D4,O74,22,sym,EC,Control,NoPlastic,Light,Fed,Ambient
-0.43634,-0.92545,-1.75836,-0.01172,%,min,umol/min/g,D6,B5431,22,sym,EC,Control,NoPlastic,Light,Fed,Ambient
-1.05669,-2.24118,-4.25824,-0.0349,%,min,umol/min/g,A2,O33,22,sym,SW,Control,NoPlastic,Light,Fed,Ambient
-0.15204,-0.32248,-0.61271,-0.00515,%,min,umol/min/g,A3,Y4940,22,sym,SW,Control,NoPlastic,Light,Fed,Ambient
-0.29392,-0.62339,-1.18444,-0.00559,%,min,umol/min/g,A4,Y6599,22,sym,SW,Control,NoPlastic,Light,Fed,Ambient
-1.01543,-2.15367,-4.09198,-0.02746,%,min,umol/min/g,A5,O38,22,sym,SW,Control,NoPlastic,Light,Fed,Ambient
-0.26583,-0.5638,-1.07122,-0.0083,%,min,umol/min/g,A6,Y7679,22,sym,SW,Control,NoPlastic,Light,Fed,Ambient
-0.68398,-1.4507,-2.75632,-0.01002,%,min,umol/min/g,B2,Y6172,22,sym,SW,Control,NoPlastic,Light,Fed,Ambient
-0.37053,-0.78587,-1.49315,-0.00839,%,min,umol/min/g,B3,O43,22,sym,SW,Control,NoPlastic,Light,Fed,Ambient
-0.13703,-0.29064,-0.55222,-0.0024,%,min,umol/min/g,B4,Y7071,22,sym,SW,Control,NoPlastic,Light,Fed,Ambient
-0.38037,-0.80675,-1.53283,-0.00532,%,min,umol/min/g,B5,Y6758,22,sym,SW,Control,NoPlastic,Light,Fed,Ambient
-0.44464,-0.94305,-1.6975,-0.00585,%,min,umol/min/g,B6,O48,22,sym,SW,Control,NoPlastic,Light,Fed,Ambient
-0.18421,-0.3907,-0.74234,-0.00816,%,min,umol/min/g,C2,Y9885,22,sym,SW,Control,NoPlastic,Light,Fed,Ambient
-8.68634,-18.4233,-35.0043,-0.15286,%,min,umol/min/g,C3,O53,22,sym,SW,Control,NoPlastic,Light,Fed,Ambient
-0.32231,-0.68361,-1.2305,-0.00517,%,min,umol/min/g,C4,Y6688,22,sym,SW,Control,NoPlastic,Light,Fed,Ambient
-0.37807,-0.80187,-1.52355,-0.00643,%,min,umol/min/g,C5,Y9278,22,sym,SW,Control,NoPlastic,Light,Fed,Ambient
-0.37546,-0.79632,-1.43338,-0.00432,%,min,umol/min/g,C6,O58,22,sym,SW,Control,NoPlastic,Light,Fed,Ambient
-2.27547,-4.82616,-9.1697,-0.02968,%,min,umol/min/g,D2,B616,22,sym,SW,Control,NoPlastic,Light,Fed,Ambient
-2.27547,-4.82616,-9.1697,-0.05524,%,min,umol/min/g,D3,O70,22,sym,SW,Control,NoPlastic,Light,Fed,Ambient
-0.49205,-1.04361,-1.87851,-0.00548,%,min,umol/min/g,D4,B266,22,sym,SW,Control,NoPlastic,Light,Fed,Ambient
-0.18745,-0.39757,-0.75538,-0.01049,%,min,umol/min/g,D5,O64,22,sym,SW,Control,NoPlastic,Light,Fed,Ambient
-6.16558,-13.0769,-23.5384,-0.05362,%,min,umol/min/g,D6,B9940,22,sym,SW,Control,NoPlastic,Light,Fed,Ambient