Date,Colony#,Colony,Sym.State,Tile#,Frag#,B.TAG,TANK.ID,Treat.ID,Sump,Temperature,Plastic,Light,Food,Initial.Mass (g),Final.Mass (g),Days.In.Treatment,EColi,Crush?,Photo.ID.Pre,Photo.ID.Post,
08/02/2021,5,A1,APO,9,8,G60,A1,PDS,Orange,ELEVATED,PLASTIC,DARK,STARVED,0.173,0.149,22,EC,,G60.08.02.PDS,,
08/02/2021,6,A2,APO,9,4,G62,A1,PDS,Orange,ELEVATED,PLASTIC,DARK,STARVED,0.228,NA,7,NA,,G62.08.02.PDS,,
08/02/2021,6,A2,APO,9,12,G63,A1,PDS,Orange,ELEVATED,PLASTIC,DARK,STARVED,0.144,0.104,22,SW,,G63.08.02.PDS,,
08/03/2021,7,A3,APO,9,6,G64,A1,PDS,Orange,ELEVATED,PLASTIC,DARK,STARVED,0.205,0.161,22,EC,,G64.08.03.PDS,,
08/02/2021,4,M1,APO,9,8,G59,A1,PDS,Orange,ELEVATED,PLASTIC,DARK,STARVED,0.062,0.051,22,SW,,G59.08.02.PDS,,
08/09/2021,42,S21,SYM,1,1,G4,A1,PDS,Orange,ELEVATED,PLASTIC,DARK,STARVED,0.160,0.147,22,SW,,G4-A1-08.09.PDF,,
08/09/2021,44,S23,SYM,1,2,G24,A1,PDS,Orange,ELEVATED,PLASTIC,DARK,STARVED,0.159,0.137,22,EC,,G24-C1.08.09.PDS,,
08/09/2021,47,S26,SYM,1,1,G25,A1,PDS,Orange,ELEVATED,PLASTIC,DARK,STARVED,0.364,0.348,22,SW,,G25-E1.08.09.PDS,,
08/09/2021,48,S27,SYM,1,6,G26,A1,PDS,Orange,ELEVATED,PLASTIC,DARK,STARVED,0.224,0.184,22,EC,,G26-G3.08.09.PDS,,
08/09/2021,50,S29,SYM,1,1,G27,A1,PDS,Orange,ELEVATED,PLASTIC,DARK,STARVED,0.193,0.190,22,SW,,G27-I5.08.09.PDS,,
08/03/2021,11,A4,APO,25,1,B63,A2,PDS,Orange,ELEVATED,PLASTIC,DARK,STARVED,0.173,0.150,22,EC,,B63.08.03.PDS,,
08/03/2021,11,A4,APO,25,9,B64,A2,PDS,Orange,ELEVATED,PLASTIC,DARK,STARVED,0.193,0.175,22,SW,,B64.08.03.PDS,,
08/03/2021,12,A5,APO,25,5,B65,A2,PDS,Orange,ELEVATED,PLASTIC,DARK,STARVED,0.311,0.267,22,EC,,B65.08.03.PDS,,
08/04/2021,12,A5,APO,25,13,B67,A2,PDS,Orange,ELEVATED,PLASTIC,DARK,STARVED,0.172,0.160,22,SW,,B67.08.04.PDS,,
08/04/2021,13,A6,APO,25,2,B70,A2,PDS,Orange,ELEVATED,PLASTIC,DARK,STARVED,0.122,0.110,22,EC,,B70.08.04.PDS,,
08/03/2021,8,S4,SYM,17,1,B13,A2,PDS,Orange,ELEVATED,PLASTIC,DARK,STARVED,0.051,0.033,22,EC,,B13.08.03.PDS,,
08/03/2021,9,S5,SYM,17,2,B20,A2,PDS,Orange,ELEVATED,PLASTIC,DARK,STARVED,0.116,0.101,22,SW,,B20.08.03.PDS,,
08/03/2021,10,S6,SYM,17,3,B21,A2,PDS,Orange,ELEVATED,PLASTIC,DARK,STARVED,0.041,0.038,8,EC,,B21.08.03.PDS,,
08/03/2021,8,S4,SYM,17,8,B14,A2,PDS,Orange,ELEVATED,PLASTIC,DARK,STARVED,0.119,0.089,22,SW,,B14.08.03.PDS,,
08/03/2021,8,S4,SYM,17,17,B15,A2,PDS,Orange,ELEVATED,PLASTIC,DARK,STARVED,0.261,0.236,22,EC,,B15.08.03.PDS,,
08/04/2021,19,A10,APO,41,7,W60,A3,PDS,Orange,ELEVATED,PLASTIC,DARK,STARVED,0.351,0.329,22,SW,,W60.08.04.PDS,,
08/04/2021,20,A11,APO,41,5,W62,A3,PDS,Orange,ELEVATED,PLASTIC,DARK,STARVED,0.335,0.285,22,EC,,W62.08.04.PDS,,
08/04/2021,20,A11,APO,41,13,W63,A3,PDS,Orange,ELEVATED,PLASTIC,DARK,STARVED,0.212,0.131,15,SW,,W63.08.04.PDS,,
08/04/2021,18,A9,APO,41,1,W58,A3,PDS,Orange,ELEVATED,PLASTIC,DARK,STARVED,0.156,0.150,22,SW,,W58.08.04.PDS,,
08/04/2021,18,A9,APO,41,9,W59,A3,PDS,Orange,ELEVATED,PLASTIC,DARK,STARVED,0.228,0.203,22,EC,,W59.08.04.PDS,,
08/31/2021,51,S30,SYM,33,11,W15,A3,PDS,Orange,ELEVATED,PLASTIC,DARK,STARVED,0.125,0.106,22,SW,,W15(XS1-4).08.31,,replaced
08/04/2021,16,S7,SYM,33,9,W17,A3,PDS,Orange,ELEVATED,PLASTIC,DARK,STARVED,0.071,0.062,8,EC,,W17.08.04.PDS,,
08/04/2021,16,S7,SYM,33,17,W20,A3,PDS,Orange,ELEVATED,PLASTIC,DARK,STARVED,0.167,0.156,22,SW,,W20.08.04.PDS,,
08/04/2021,16,S7,SYM,33,25,W21,A3,PDS,Orange,ELEVATED,PLASTIC,DARK,STARVED,0.164,0.174,22,EC,,W21.08.04.PDS,,
08/04/2021,16,S7,SYM,33,33,W22,A3,PDS,Orange,ELEVATED,PLASTIC,DARK,STARVED,0.375,0.264,22,SW,,W22.08.04.PDS,,
08/05/2021,26,A12,APO,57,1,Y55,A4,PDS,Orange,ELEVATED,PLASTIC,DARK,STARVED,0.115,0.098,8,EC,,Y55.08.05.PDS,,
08/05/2021,26,A12,APO,57,17,Y57,A4,PDS,Orange,ELEVATED,PLASTIC,DARK,STARVED,0.191,0.177,8,EC,,Y57.08.05.PDS,,
08/05/2021,27,A13,APO,57,7,Y58,A4,PDS,Orange,ELEVATED,PLASTIC,DARK,STARVED,0.211,0.183,22,SW,,Y58.08.05.PDS,,
08/05/2021,27,A13,APO,57,14,Y59,A4,PDS,Orange,ELEVATED,PLASTIC,DARK,STARVED,0.164,0.148,22,EC,,Y59.08.05.PDS,,
08/31/2021,52,A25,APO,57,2,Y56,A4,PDS,Orange,ELEVATED,PLASTIC,DARK,STARVED,0.315,0.269,22,SW,,Y56(XA1-1).08.31,,replaced
08/04/2021,22,S10,SYM,49,1,Y13,A4,PDS,Orange,ELEVATED,PLASTIC,DARK,STARVED,0.167,0.148,8,SW,,Y13.08.04.PDS,,
08/04/2021,23,S11,SYM,49,2,Y14,A4,PDS,Orange,ELEVATED,PLASTIC,DARK,STARVED,0.144,0.131,8,EC,Y,Y14.08.04.PDS,,
08/04/2021,23,S11,SYM,49,10,Y15,A4,PDS,Orange,ELEVATED,PLASTIC,DARK,STARVED,0.156,0.129,22,SW,,Y15.08.04.PDS,,
08/04/2021,24,S12,SYM,49,6,Y17,A4,PDS,Orange,ELEVATED,PLASTIC,DARK,STARVED,0.222,0.196,22,EC,,Y17.08.04.PDS,,
08/04/2021,21,S9,SYM,49,1,Y12,A4,PDS,Orange,ELEVATED,PLASTIC,DARK,STARVED,0.203,0.186,8,EC,,Y12.08.04.PDS,,
08/02/2021,5,A1,APO,10,1,G65,B1,PLS,Orange,ELEVATED,PLASTIC,LIGHT,STARVED,0.265,0.232,22,SW,,G65.8.02.PLS,,
08/02/2021,5,A1,APO,10,9,G67,B1,PLS,Orange,ELEVATED,PLASTIC,LIGHT,STARVED,0.302,0.258,22,EC,,G67.08.02.PLS,,
08/02/2021,6,A2,APO,10,5,G70,B1,PLS,Orange,ELEVATED,PLASTIC,LIGHT,STARVED,0.244,0.216,22,SW,,G70.08.02.PLS,,
08/03/2021,6,A2,APO,10,13,G71,B1,PLS,Orange,ELEVATED,PLASTIC,LIGHT,STARVED,0.229,0.165,22,EC,,G71.08.03.PLS,,
08/03/2021,7,A3,APO,10,7,G73,B1,PLS,Orange,ELEVATED,PLASTIC,LIGHT,STARVED,0.159,0.112,22,SW,,G73.08.03.PLS,,
08/09/2021,42,S21,SYM,2,2,G28,B1,PLS,Orange,ELEVATED,PLASTIC,LIGHT,STARVED,0.302,0.272,22,SW,,G28-A2.08.09.PLS,,
08/09/2021,45,S24,SYM,2,1,G29,B1,PLS,Orange,ELEVATED,PLASTIC,LIGHT,STARVED,0.186,0.185,22,EC,,G29-C2.08.09.PLS,,
08/09/2021,47,S26,SYM,2,2,G30,B1,PLS,Orange,ELEVATED,PLASTIC,LIGHT,STARVED,0.315,0.284,22,SW,,G30-E2.08.09.PLS,,
08/09/2021,50,S29,SYM,2,2,G32,B1,PLS,Orange,ELEVATED,PLASTIC,LIGHT,STARVED,0.107,0.099,22,SW,,G32-I6.08.09.PLS,,
08/09/2021,48,S27,SYM,2,7,G31,B1,PLS,Orange,ELEVATED,PLASTIC,LIGHT,STARVED,0.249,0.229,22,EC,,G31-G4.08.09.PLS,,
08/03/2021,8,S4,SYM,18,2,B28,B2,PLS,Orange,ELEVATED,PLASTIC,LIGHT,STARVED,0.169,0.147,22,EC,,B28.08.03.PLS,,
08/03/2021,11,A4,APO,26,2,B71,B2,PLS,Orange,ELEVATED,PLASTIC,LIGHT,STARVED,0.084,0.190,8,EC,,B71.08.03.PLS,,
08/03/2021,11,A4,APO,26,10,B72,B2,PLS,Orange,ELEVATED,PLASTIC,LIGHT,STARVED,0.088,0.088,8,SW,Y,B72.08.03.PLS,,
08/03/2021,12,A5,APO,26,6,B73,B2,PLS,Orange,ELEVATED,PLASTIC,LIGHT,STARVED,0.489,0.406,22,EC,,B73.08.03.PLS,,
08/04/2021,12,A5,APO,26,14,B74,B2,PLS,Orange,ELEVATED,PLASTIC,LIGHT,STARVED,0.136,0.127,22,SW,,B74.08.04.PLS,,
08/04/2021,13,A6,APO,26,3,B75,B2,PLS,Orange,ELEVATED,PLASTIC,LIGHT,STARVED,0.113,0.111,22,EC,,B75.08.04.PLS,,
08/03/2021,9,S5,SYM,18,3,B30,B2,PLS,Orange,ELEVATED,PLASTIC,LIGHT,STARVED,0.173,0.098,22,EC,,B30.08.03.PLS,,
08/03/2021,10,S6,SYM,18,4,B31,B2,PLS,Orange,ELEVATED,PLASTIC,LIGHT,STARVED,0.116,0.107,22,SW,,B31.08.03.PLS,,
08/03/2021,8,S4,SYM,18,9,B29,B2,PLS,Orange,ELEVATED,PLASTIC,LIGHT,STARVED,0.175,NA,8,SW,,B29.08.03.PLS,,
08/03/2021,8,S4,SYM,18,18,B27,B2,PLS,Orange,ELEVATED,PLASTIC,LIGHT,STARVED,0.177,0.169,22,NA,,B27.08.03.PLS,,
08/04/2021,19,A10,APO,42,8,W67,B3,PLS,Orange,ELEVATED,PLASTIC,LIGHT,STARVED,0.159,0.158,22,SW,,W67.08.04.PLS,,
08/04/2021,20,A11,APO,42,6,W70,B3,PLS,Orange,ELEVATED,PLASTIC,LIGHT,STARVED,0.215,0.192,8,EC,,W70.08.04.PLS,,
08/04/2021,20,A11,APO,42,14,W71,B3,PLS,Orange,ELEVATED,PLASTIC,LIGHT,STARVED,0.167,0.154,22,SW,,W71.08.04.PLS,,
08/04/2021,18,A9,APO,42,2,W64,B3,PLS,Orange,ELEVATED,PLASTIC,LIGHT,STARVED,0.184,0.161,22,SW,,W64.08.04.PLS,,
08/04/2021,18,A9,APO,42,10,W65,B3,PLS,Orange,ELEVATED,PLASTIC,LIGHT,STARVED,0.222,0.204,22,EC,,W65.08.04.PLS,,
08/04/2021,16,S7,SYM,34,2,W23,B3,PLS,Orange,ELEVATED,PLASTIC,LIGHT,STARVED,0.126,0.120,22,EC,,W23.08.04.PLS,,
08/04/2021,16,S7,SYM,34,10,W24,B3,PLS,Orange,ELEVATED,PLASTIC,LIGHT,STARVED,0.26,0.242,22,SW,,W24.08.04.PLS,,
08/04/2021,16,S7,SYM,34,18,W25,B3,PLS,Orange,ELEVATED,PLASTIC,LIGHT,STARVED,0.193,0.173,22,EC,,W25.08.04.PLS,,
08/04/2021,16,S7,SYM,34,26,W26,B3,PLS,Orange,ELEVATED,PLASTIC,LIGHT,STARVED,0.232,0.215,15,SW,Y,W26.08.04.PLS,,
08/04/2021,16,S7,SYM,34,34,W27,B3,PLS,Orange,ELEVATED,PLASTIC,LIGHT,STARVED,0.235,0.229,22,EC,,W27.08.04.PLS,,
08/05/2021,26,A12,APO,58,2,Y60,B4,PLS,Orange,ELEVATED,PLASTIC,LIGHT,STARVED,0.152,0.133,22,EC,,Y60.08.05.PLS,,
08/05/2021,26,A12,APO,58,10,Y62,B4,PLS,Orange,ELEVATED,PLASTIC,LIGHT,STARVED,0.307,0.305,8,SW,,Y62.08.05.PLS,,
08/05/2021,26,A12,APO,58,18,Y63,B4,PLS,Orange,ELEVATED,PLASTIC,LIGHT,STARVED,0.269,0.270,8,EC,,Y63.8.05.PLS,,
08/05/2021,27,A13,APO,58,8,Y64,B4,PLS,Orange,ELEVATED,PLASTIC,LIGHT,STARVED,0.162,0.131,22,SW,,Y64.08.05.PLS,,
08/05/2021,27,A13,APO,58,15,Y65,B4,PLS,Orange,ELEVATED,PLASTIC,LIGHT,STARVED,0.123,0.115,22,EC,,Y65.08.05.PLS,,
08/04/2021,22,S10,SYM,50,2,Y21,B4,PLS,Orange,ELEVATED,PLASTIC,LIGHT,STARVED,0.12,0.108,15,EC,,Y21.08.04.PLS,,
08/04/2021,23,S11,SYM,50,3,Y22,B4,PLS,Orange,ELEVATED,PLASTIC,LIGHT,STARVED,0.158,0.149,22,SW,,Y22.08.04.PLS,,
08/04/2021,23,S11,SYM,50,11,Y23,B4,PLS,Orange,ELEVATED,PLASTIC,LIGHT,STARVED,0.165,0.151,22,EC,,Y23.08.04.PLS,,
08/04/2021,24,S12,SYM,50,7,Y24,B4,PLS,Orange,ELEVATED,PLASTIC,LIGHT,STARVED,0.1,0.096,22,SW,,Y24.08.04.PLS,,
08/04/2021,21,S9,SYM,50,2,Y20,B4,PLS,Orange,ELEVATED,PLASTIC,LIGHT,STARVED,0.091,NA,8,NA,,Y20.08.04.PLS,,
08/02/2021,5,A1,APO,11,2,G74,C1,NDS,Yellow,ELEVATED,NOPLASTIC,DARK,STARVED,0.225,NA,8,NA,Y,G74.08.02.NDS,,
08/02/2021,5,A1,APO,11,10,G75,C1,NDS,Yellow,ELEVATED,NOPLASTIC,DARK,STARVED,0.227,0.201,22,EC,,G75.08.02.NDS,,
08/02/2021,6,A2,APO,11,6,G76,C1,NDS,Yellow,ELEVATED,NOPLASTIC,DARK,STARVED,0.091,0.074,22,SW,,G76.08.02.NDS,,
08/03/2021,6,A2,APO,11,14,G77,C1,NDS,Yellow,ELEVATED,NOPLASTIC,DARK,STARVED,0.238,0.207,22,EC,,G77.08.03.NDS,,
08/03/2021,7,A3,APO,11,8,G78,C1,NDS,Yellow,ELEVATED,NOPLASTIC,DARK,STARVED,0.155,0.136,22,SW,,G78.08.03.NDS,,
08/09/2021,42,S21,SYM,3,3,G33,C1,NDS,Yellow,ELEVATED,NOPLASTIC,DARK,STARVED,0.458,0.420,22,SW,,G33-A3.08.09.NDS,,
08/09/2021,45,S24,SYM,3,2,G34,C1,NDS,Yellow,ELEVATED,NOPLASTIC,DARK,STARVED,0.039,0.214,8,EC,,G34-C3.08.09.NDS,,
08/09/2021,47,S26,SYM,3,3,G35,C1,NDS,Yellow,ELEVATED,NOPLASTIC,DARK,STARVED,0.174,0.152,22,SW,,G35-E3.08.09.NDS,,
08/09/2021,49,S28,SYM,3,1,G37,C1,NDS,Yellow,ELEVATED,NOPLASTIC,DARK,STARVED,0.218,0.201,22,EC,,G37-G5.08.09.NDS,,
08/09/2021,50,S29,SYM,3,3,G38,C1,NDS,Yellow,ELEVATED,NOPLASTIC,DARK,STARVED,0.175,0.165,22,SW,,G38-K1.08.09.NDS,,
08/03/2021,8,S4,SYM,19,3,B32,C2,NDS,Yellow,ELEVATED,NOPLASTIC,DARK,STARVED,0.094,NA,8,NA,Y,B32.08.03.NDS,,
08/31/2021,52,A25,APO,27,6,B76,C2,NDS,Yellow,ELEVATED,NOPLASTIC,DARK,STARVED,0.292,0.240,22,SW,,B76(XA1-5).08.31,,replaced
08/03/2021,11,A4,APO,27,11,B77,C2,NDS,Yellow,ELEVATED,NOPLASTIC,DARK,STARVED,0.201,0.172,22,EC,,B77.08.03.NDS,,
08/04/2021,12,A5,APO,27,7,B78,C2,NDS,Yellow,ELEVATED,NOPLASTIC,DARK,STARVED,0.082,NA,8,NA,Y,B78.08.04.NDS,,
08/04/2021,12,A5,APO,27,15,B79,C2,NDS,Yellow,ELEVATED,NOPLASTIC,DARK,STARVED,0.163,0.149,22,SW,,B79.08.04.NDS,,
08/04/2021,13,A6,APO,27,4,B80,C2,NDS,Yellow,ELEVATED,NOPLASTIC,DARK,STARVED,0.208,0.194,22,EC,,B80.08.04.NDS,,
08/31/2021,51,S30,SYM,19,2,B34,C2,NDS,Yellow,ELEVATED,NOPLASTIC,DARK,STARVED,0.093,0.056,22,EC,,B34.08.31.NDS,,replaced
08/03/2021,9,S5,SYM,19,4,B35,C2,NDS,Yellow,ELEVATED,NOPLASTIC,DARK,STARVED,0.196,0.177,22,EC,,B35.08.03.NDS,,
08/03/2021,10,S6,SYM,19,5,B36,C2,NDS,Yellow,ELEVATED,NOPLASTIC,DARK,STARVED,0.174,0.146,22,SW,,B36.08.03.NDS,,
08/03/2021,8,S4,SYM,19,10,B33,C2,NDS,Yellow,ELEVATED,NOPLASTIC,DARK,STARVED,0.197,0.183,22,SW,,B33.08.03.NDS,,
08/04/2021,19,A10,APO,43,1,W73,C3,NDS,Yellow,ELEVATED,NOPLASTIC,DARK,STARVED,0.14,0.129,22,EC,,W73.08.04.NDS,,
08/04/2021,19,A10,APO,43,9,W74,C3,NDS,Yellow,ELEVATED,NOPLASTIC,DARK,STARVED,0.267,0.151,22,SW,,W74.08.04.NDS,,
08/04/2021,20,A11,APO,43,7,W75,C3,NDS,Yellow,ELEVATED,NOPLASTIC,DARK,STARVED,0.128,0.097,22,EC,,W75.08.04.NDS,,
08/04/2021,20,A11,APO,43,15,W76,C3,NDS,Yellow,ELEVATED,NOPLASTIC,DARK,STARVED,0.124,0.197,22,SW,,W76.08.04.NDS,,
08/04/2021,18,A9,APO,43,3,W72,C3,NDS,Yellow,ELEVATED,NOPLASTIC,DARK,STARVED,0.165,0.261,22,SW,,W72.08.04.NDS,,
08/04/2021,16,S7,SYM,35,3,W28,C3,NDS,Yellow,ELEVATED,NOPLASTIC,DARK,STARVED,0.204,0.179,22,SW,,W28.08.04.NDS,,
08/04/2021,16,S7,SYM,35,11,W29,C3,NDS,Yellow,ELEVATED,NOPLASTIC,DARK,STARVED,0.287,0.250,22,EC,,W29.08.04.NDS,,
08/04/2021,16,S7,SYM,35,19,W30,C3,NDS,Yellow,ELEVATED,NOPLASTIC,DARK,STARVED,0.137,0.135,22,SW,,W30.08.04.NDS,,
08/04/2021,16,S7,SYM,35,27,W31,C3,NDS,Yellow,ELEVATED,NOPLASTIC,DARK,STARVED,0.201,0.177,22,EC,,W31.08.04.NDS,,
08/04/2021,16,S7,SYM,35,35,W32,C3,NDS,Yellow,ELEVATED,NOPLASTIC,DARK,STARVED,0.224,0.192,22,SW,,W32.08.04.NDS,,
08/05/2021,26,A12,APO,59,3,Y67,C4,NDS,Yellow,ELEVATED,NOPLASTIC,DARK,STARVED,0.173,0.153,22,EC,,Y67.08.05.NDS,,
08/05/2021,26,A12,APO,59,11,Y70,C4,NDS,Yellow,ELEVATED,NOPLASTIC,DARK,STARVED,0.193,0.173,22,SW,,Y70.08.05.NDS,,
08/05/2021,27,A13,APO,59,1,Y71,C4,NDS,Yellow,ELEVATED,NOPLASTIC,DARK,STARVED,0.213,0.178,22,EC,,Y71.08.05.NDS,,
08/05/2021,27,A13,APO,59,9,Y72,C4,NDS,Yellow,ELEVATED,NOPLASTIC,DARK,STARVED,0.149,0.108,22,SW,,Y72.08.05.NDS,,
08/05/2021,27,A13,APO,59,16,Y73,C4,NDS,Yellow,ELEVATED,NOPLASTIC,DARK,STARVED,0.265,0.232,22,EC,,Y73.08.05.NDS,,
08/04/2021,22,S10,SYM,51,3,Y26,C4,NDS,Yellow,ELEVATED,NOPLASTIC,DARK,STARVED,0.165,0.151,22,SW,,Y26.08.04.NDS,,
08/04/2021,23,S11,SYM,51,4,Y27,C4,NDS,Yellow,ELEVATED,NOPLASTIC,DARK,STARVED,0.153,0.134,22,EC,,Y27.08.04.NDS,,
08/04/2021,23,S11,SYM,51,12,Y28,C4,NDS,Yellow,ELEVATED,NOPLASTIC,DARK,STARVED,0.171,0.154,22,SW,,Y28.08.04.NDS,,
08/04/2021,24,S12,SYM,51,8,Y29,C4,NDS,Yellow,ELEVATED,NOPLASTIC,DARK,STARVED,0.144,0.130,22,EC,,Y29.08.04.NDS,,
08/04/2021,21,S9,SYM,51,3,Y25,C4,NDS,Yellow,ELEVATED,NOPLASTIC,DARK,STARVED,0.45,0.372,22,EC,,Y25.08.04.NDS,,
08/09/2021,48,S27,SYM,4,1,G41,D1,NLS,Yellow,ELEVATED,NOPLASTIC,LIGHT,STARVED,0.088,0.061,22,SW,,G41-E4.08.09.NLS,,
08/02/2021,5,A1,APO,12,3,G79,D1,NLS,Yellow,ELEVATED,NOPLASTIC,LIGHT,STARVED,0.177,0.165,22,SW,,G79.08.02.NLS,,
08/02/2021,5,A1,APO,12,11,G80,D1,NLS,Yellow,ELEVATED,NOPLASTIC,LIGHT,STARVED,0.228,0.218,22,EC,,G80.08.02.NLS,,
08/02/2021,6,A2,APO,12,7,G82,D1,NLS,Yellow,ELEVATED,NOPLASTIC,LIGHT,STARVED,0.12,NA,8,NA,Y,G82.08.02.NLS,,
08/03/2021,7,A3,APO,12,1,G83,D1,NLS,Yellow,ELEVATED,NOPLASTIC,LIGHT,STARVED,0.194,0.200,22,EC,,G83.08.03.NLS,,
08/03/2021,7,A3,APO,12,9,G84,D1,NLS,Yellow,ELEVATED,NOPLASTIC,LIGHT,STARVED,0.199,0.279,22,SW,,G84.08.03.NLS,,
08/09/2021,43,S22,SYM,4,1,G39,D1,NLS,Yellow,ELEVATED,NOPLASTIC,LIGHT,STARVED,0.108,0.076,22,SW,,G39-A4.08.09.NLS,,
08/09/2021,45,S24,SYM,4,3,G40,D1,NLS,Yellow,ELEVATED,NOPLASTIC,LIGHT,STARVED,0.331,0.347,22,EC,,G40-C4.08.09.NLS,,
08/09/2021,49,S28,SYM,4,2,G42,D1,NLS,Yellow,ELEVATED,NOPLASTIC,LIGHT,STARVED,0.178,0.175,22,EC,,G42-G6.08.09.NLS,,
08/09/2021,50,S29,SYM,4,4,G43,D1,NLS,Yellow,ELEVATED,NOPLASTIC,LIGHT,STARVED,0.179,0.184,22,SW,,G43-K2.08.09.NLS,,
08/03/2021,8,S4,SYM,20,4,B37,D2,NLS,Yellow,ELEVATED,NOPLASTIC,LIGHT,STARVED,0.090,0.052,22,EC,,B37.08.03.NLS,,
08/03/2021,11,A4,APO,28,4,B82,D2,NLS,Yellow,ELEVATED,NOPLASTIC,LIGHT,STARVED,0.124,0.140,22,EC,,B82.08.03.NLS,,
08/03/2021,11,A4,APO,28,12,B83,D2,NLS,Yellow,ELEVATED,NOPLASTIC,LIGHT,STARVED,0.144,0.137,22,SW,,B83.08.03.NLS,,
08/04/2021,12,A5,APO,28,8,B84,D2,NLS,Yellow,ELEVATED,NOPLASTIC,LIGHT,STARVED,0.207,0.198,22,EC,,B84.08.04.NLS,,
08/04/2021,12,A5,APO,28,16,B85,D2,NLS,Yellow,ELEVATED,NOPLASTIC,LIGHT,STARVED,0.154,0.124,22,SW,,B85.08.04.NLS,,
08/04/2021,13,A6,APO,28,5,B87,D2,NLS,Yellow,ELEVATED,NOPLASTIC,LIGHT,STARVED,0.215,0.201,22,EC,,B87.08.04.NLS,,
08/03/2021,8,S4,SYM,20,11,B38,D2,NLS,Yellow,ELEVATED,NOPLASTIC,LIGHT,STARVED,0.184,0.172,22,SW,,B38.08.03.NLS,,
08/03/2021,9,S5,SYM,20,5,B40,D2,NLS,Yellow,ELEVATED,NOPLASTIC,LIGHT,STARVED,0.126,0.105,22,SW,,B40.08.03.NLS,,
08/03/2021,10,S6,SYM,20,6,B41,D2,NLS,Yellow,ELEVATED,NOPLASTIC,LIGHT,STARVED,0.294,0.309,22,EC,,B41.08.03.NLS,,
08/03/2021,8,S4,SYM,20,20,B39,D2,NLS,Yellow,ELEVATED,NOPLASTIC,LIGHT,STARVED,0.144,0.139,22,EC,,B39.08.03.NLS,,
08/04/2021,19,A10,APO,44,2,W78,D3,NLS,Yellow,ELEVATED,NOPLASTIC,LIGHT,STARVED,0.227,0.225,22,EC,,W78.048.04.NLS,,
08/04/2021,19,A10,APO,44,10,W79,D3,NLS,Yellow,ELEVATED,NOPLASTIC,LIGHT,STARVED,0.223,NA,8,NA,Y,W79.08.04.NLS,,
08/04/2021,20,A11,APO,44,8,W80,D3,NLS,Yellow,ELEVATED,NOPLASTIC,LIGHT,STARVED,0.185,0.126,22,EC,,W80.08.04.NLS,,
08/04/2021,20,A11,APO,44,16,W82,D3,NLS,Yellow,ELEVATED,NOPLASTIC,LIGHT,STARVED,0.132,0.140,22,SW,,W82.08.04.NLS,,
08/04/2021,18,A9,APO,44,4,W77,D3,NLS,Yellow,ELEVATED,NOPLASTIC,LIGHT,STARVED,0.077,0.073,22,SW,,W77.08.04.NLS,,
08/31/2021,51,S30,SYM,36,6,W35,D3,NLS,Yellow,ELEVATED,NOPLASTIC,LIGHT,STARVED,0.127,0.127,22,SW,,W35.08.31.NLS,,replaced
08/04/2021,16,S7,SYM,36,4,W33,D3,NLS,Yellow,ELEVATED,NOPLASTIC,LIGHT,STARVED,0.163,0.137,22,SW,,W33.08.04.NLS,,
08/04/2021,16,S7,SYM,36,12,W34,D3,NLS,Yellow,ELEVATED,NOPLASTIC,LIGHT,STARVED,0.109,0.115,22,EC,,W34.08.04.NLS,,
08/04/2021,16,S7,SYM,36,28,W36,D3,NLS,Yellow,ELEVATED,NOPLASTIC,LIGHT,STARVED,0.126,0.121,22,EC,,W36.08.04.NLS,,
08/04/2021,16,S7,SYM,36,36,W37,D3,NLS,Yellow,ELEVATED,NOPLASTIC,LIGHT,STARVED,0.293,0.194,22,SW,,W37.08.04.NLS,,
08/05/2021,26,A12,APO,60,4,Y74,D4,NLS,Yellow,ELEVATED,NOPLASTIC,LIGHT,STARVED,0.159,0.151,22,EC,,Y74.08.05.NLS,,
08/05/2021,26,A12,APO,60,12,Y75,D4,NLS,Yellow,ELEVATED,NOPLASTIC,LIGHT,STARVED,0.191,0.138,22,SW,,Y75.08.05.NLS,,
08/05/2021,27,A13,APO,60,2,Y76,D4,NLS,Yellow,ELEVATED,NOPLASTIC,LIGHT,STARVED,0.163,0.192,22,EC,,Y76.08.05.NLS,,
08/05/2021,27,A13,APO,60,10,Y77,D4,NLS,Yellow,ELEVATED,NOPLASTIC,LIGHT,STARVED,0.103,0.099,22,SW,,Y77.08.05.NLS,,
08/05/2021,27,A13,APO,60,17,Y78,D4,NLS,Yellow,ELEVATED,NOPLASTIC,LIGHT,STARVED,0.308,0.247,22,EC,,Y78.08.05.NLS,,
08/04/2021,22,S10,SYM,52,4,Y31,D4,NLS,Yellow,ELEVATED,NOPLASTIC,LIGHT,STARVED,0.225,0.229,22,SW,,Y31.08.04.NLS,,
08/04/2021,23,S11,SYM,52,5,Y32,D4,NLS,Yellow,ELEVATED,NOPLASTIC,LIGHT,STARVED,0.193,0.194,22,EC,,Y32.08.04.NLS,,
08/04/2021,24,S12,SYM,52,1,Y33,D4,NLS,Yellow,ELEVATED,NOPLASTIC,LIGHT,STARVED,0.206,0.198,22,SW,,Y33.08.04.NLS,,
08/04/2021,24,S12,SYM,52,9,Y34,D4,NLS,Yellow,ELEVATED,NOPLASTIC,LIGHT,STARVED,0.292,0.270,22,EC,,Y34.08.04.NLS,,
08/04/2021,21,S9,SYM,52,4,Y30,D4,NLS,Yellow,ELEVATED,NOPLASTIC,LIGHT,STARVED,0.426,0.386,15,EC,,Y30.08.04.NLS,,
08/02/2021,5,A1,APO,13,4,G85,E1,PDF,Green,ELEVATED,PLASTIC,DARK,FED,0.071,0.040,22,SW,,G85.08.02.PDF,,
08/02/2021,5,A1,APO,13,12,G87,E1,PDF,Green,ELEVATED,PLASTIC,DARK,FED,0.271,0.244,22,EC,,G87.08.02.PDF,,
08/02/2021,6,A2,APO,13,8,G88,E1,PDF,Green,ELEVATED,PLASTIC,DARK,FED,0.145,0.124,15,SW,,G88.08.02.PDF,,
08/03/2021,7,A3,APO,13,2,G90,E1,PDF,Green,ELEVATED,PLASTIC,DARK,FED,0.108,0.097,22,SW,,G90.08.03.PDF,,
08/03/2021,7,A3,APO,13,10,G92,E1,PDF,Green,ELEVATED,PLASTIC,DARK,FED,0.134,0.119,22,EC,,G92.08.03.PDF,,
08/09/2021,43,S22,SYM,5,2,B1,E1,PDF,Green,ELEVATED,PLASTIC,DARK,FED,0.242,0.241,22,SW,,B1-A5.08.09.PDF,,
08/09/2021,46,S25,SYM,5,1,B2,E1,PDF,Green,ELEVATED,PLASTIC,DARK,FED,0.286,0.261,22,EC,,B2-C5.08.09.PDF,,
08/09/2021,48,S27,SYM,5,2,B3,E1,PDF,Green,ELEVATED,PLASTIC,DARK,FED,0.071,0.049,22,SW,,B3-E5.08.09.PDF,,
08/09/2021,49,S28,SYM,5,3,B4,E1,PDF,Green,ELEVATED,PLASTIC,DARK,FED,0.19,0.175,22,EC,,B4-I1.08.09.PDF,,
08/09/2021,50,S29,SYM,5,5,B5,E1,PDF,Green,ELEVATED,PLASTIC,DARK,FED,0.148,0.108,22,SW,,B5-K3.08.09.PDF,,
08/03/2021,11,A4,APO,29,5,B88,E2,PDF,Green,ELEVATED,PLASTIC,DARK,FED,0.078,0.074,8,EC,,B88.08.03.PDF,,
08/03/2021,12,A5,APO,29,1,B90,E2,PDF,Green,ELEVATED,PLASTIC,DARK,FED,0.345,NA,7,NA,,B90.08.03.PDF,,
08/04/2021,12,A5,APO,29,9,B92,E2,PDF,Green,ELEVATED,PLASTIC,DARK,FED,0.21,0.188,22,EC,,B92.08.04.PDF,,
08/04/2021,12,A5,APO,29,17,B93,E2,PDF,Green,ELEVATED,PLASTIC,DARK,FED,0.184,0.158,22,SW,,B93.08.04.PDF,,
08/04/2021,14,A7,APO,29,1,B94,E2,PDF,Green,ELEVATED,PLASTIC,DARK,FED,0.109,0.096,22,EC,,B94.08.04.PDF,,
08/03/2021,8,S4,SYM,21,5,B42,E2,PDF,Green,ELEVATED,PLASTIC,DARK,FED,0.209,0.194,15,EC,,B42.08.03.PDF,,
08/03/2021,8,S4,SYM,21,12,B43,E2,PDF,Green,ELEVATED,PLASTIC,DARK,FED,0.164,0.149,22,SW,,B43.08.03.PDF,,
08/03/2021,8,S4,SYM,21,21,B44,E2,PDF,Green,ELEVATED,PLASTIC,DARK,FED,0.176,0.169,22,EC,,B44.08.03.PDF,,
08/03/2021,9,S5,SYM,21,6,B45,E2,PDF,Green,ELEVATED,PLASTIC,DARK,FED,0.283,NA,8,NA,Y,B45.08.03.PDF,,
08/03/2021,10,S6,SYM,21,7,B46,E2,PDF,Green,ELEVATED,PLASTIC,DARK,FED,0.113,0.098,22,EC,,B46.08.03.PDF,,
08/04/2021,19,A10,APO,45,3,W84,E3,PDF,Green,ELEVATED,PLASTIC,DARK,FED,0.306,0.295,22,EC,,W84.08.04.PDF,,
08/04/2021,20,A11,APO,45,1,W85,E3,PDF,Green,ELEVATED,PLASTIC,DARK,FED,0.092,0.151,22,SW,,W85.08.04.PDF,,
08/04/2021,20,A11,APO,45,9,W87,E3,PDF,Green,ELEVATED,PLASTIC,DARK,FED,0.203,0.066,22,EC,,W87.08.04.PDF,,
08/04/2021,20,A11,APO,45,17,W90,E3,PDF,Green,ELEVATED,PLASTIC,DARK,FED,0.02,NA,7,NA,,W90.08.04.PDF,,
08/04/2021,18,A9,APO,45,5,W83,E3,PDF,Green,ELEVATED,PLASTIC,DARK,FED,0.141,0.124,22,SW,,W83.08.04.PDF,,
08/04/2021,16,S7,SYM,37,5,W38,E3,PDF,Green,ELEVATED,PLASTIC,DARK,FED,0.255,0.185,22,SW,,W38.08.04.PDF,,
08/04/2021,16,S7,SYM,37,13,W39,E3,PDF,Green,ELEVATED,PLASTIC,DARK,FED,0.127,0.123,22,EC,,W39.08.04.PDF,,
08/04/2021,16,S7,SYM,37,21,W40,E3,PDF,Green,ELEVATED,PLASTIC,DARK,FED,0.23,0.217,22,SW,,W40.08.04.PDF,,
08/04/2021,16,S7,SYM,37,29,W41,E3,PDF,Green,ELEVATED,PLASTIC,DARK,FED,0.119,0.104,22,EC,,W41.08.04.PDF,,
08/04/2021,16,S7,SYM,37,37,W42,E3,PDF,Green,ELEVATED,PLASTIC,DARK,FED,0.3,0.281,22,SW,,W42.08.04.PDF,,
08/05/2021,26,A12,APO,61,5,Y79,E4,PDF,Green,ELEVATED,PLASTIC,DARK,FED,0.057,0.034,22,SW,,Y79.08.05.PDF,,
08/05/2021,26,A12,APO,61,13,Y80,E4,PDF,Green,ELEVATED,PLASTIC,DARK,FED,0.295,NA,7,NA,,Y80.08.05.PDF,,
08/05/2021,27,A13,APO,61,3,Y82,E4,PDF,Green,ELEVATED,PLASTIC,DARK,FED,0.119,0.092,22,EC,,Y82.08.05.PDF,,
08/05/2021,27,A13,APO,61,11,Y83,E4,PDF,Green,ELEVATED,PLASTIC,DARK,FED,0.254,0.203,22,SW,,Y83.08.05.PDF,,
08/05/2021,27,A13,APO,61,18,Y84,E4,PDF,Green,ELEVATED,PLASTIC,DARK,FED,0.186,0.161,22,EC,,Y84.08.05.PDF,,
08/04/2021,22,S10,SYM,53,5,Y36,E4,PDF,Green,ELEVATED,PLASTIC,DARK,FED,0.163,0.128,22,SW,,Y36.08.04.PDF,,
08/04/2021,23,S11,SYM,53,6,Y37,E4,PDF,Green,ELEVATED,PLASTIC,DARK,FED,0.184,0.166,22,EC,,Y37.08.04.PDF,,
08/04/2021,24,S12,SYM,53,2,Y38,E4,PDF,Green,ELEVATED,PLASTIC,DARK,FED,0.157,0.119,22,SW,,Y38.08.04.PDF,,
08/04/2021,25,S13,SYM,53,1,Y39,E4,PDF,Green,ELEVATED,PLASTIC,DARK,FED,0.252,0.240,22,EC,,Y39.08.04.PDF,,
08/04/2021,21,S9,SYM,53,5,Y35,E4,PDF,Green,ELEVATED,PLASTIC,DARK,FED,0.137,0.118,22,EC,,Y35.08.04.PDF,,
08/02/2021,5,A1,APO,14,5,G93,F1,PLF,Green,ELEVATED,PLASTIC,LIGHT,FED,0.128,0.087,22,SW,,G93.08.02.PLF,,
08/02/2021,6,A2,APO,14,1,G94,F1,PLF,Green,ELEVATED,PLASTIC,LIGHT,FED,0.078,NA,8,NA,,G94.08.02.PLF,,
08/02/2021,6,A2,APO,14,9,G95,F1,PLF,Green,ELEVATED,PLASTIC,LIGHT,FED,0.167,0.149,22,SW,,G95.08.02.PLF,,
08/03/2021,7,A3,APO,14,3,G97,F1,PLF,Green,ELEVATED,PLASTIC,LIGHT,FED,0.174,0.164,22,EC,,G97.08.03.PLF,,
08/03/2021,7,A3,APO,14,11,G98,F1,PLF,Green,ELEVATED,PLASTIC,LIGHT,FED,0.212,0.200,22,SW,,G98.08.03.PLF,,
08/09/2021,43,S22,SYM,6,3,G44,F1,PLF,Green,ELEVATED,PLASTIC,LIGHT,FED,0.355,0.255,22,SW,,G44-A6.08.09.PLF,,
08/09/2021,46,S25,SYM,6,2,G45,F1,PLF,Green,ELEVATED,PLASTIC,LIGHT,FED,0.213,0.201,22,EC,,G45-C6.08.09.PLF,,
08/09/2021,48,S27,SYM,6,3,G46,F1,PLF,Green,ELEVATED,PLASTIC,LIGHT,FED,0.164,0.138,22,SW,,G46-E6.08.09.PLF,,
08/09/2021,49,S28,SYM,6,4,G47,F1,PLF,Green,ELEVATED,PLASTIC,LIGHT,FED,0.319,0.311,22,EC,,G47-I2.08.09.PLF,,
08/09/2021,50,S29,SYM,6,6,G48,F1,PLF,Green,ELEVATED,PLASTIC,LIGHT,FED,0.107,0.085,22,SW,,G48-K4.08.09.PLF,,
08/03/2021,11,A4,APO,30,6,W1,F2,PLF,Green,ELEVATED,PLASTIC,LIGHT,FED,0.095,NA,5,NA,,W1.08.03.PLF,,
08/03/2021,12,A5,APO,30,2,W2,F2,PLF,Green,ELEVATED,PLASTIC,LIGHT,FED,0.229,0.209,22,EC,,W2.08.03.PLF,,
08/04/2021,12,A5,APO,30,10,B95,F2,PLF,Green,ELEVATED,PLASTIC,LIGHT,FED,0.102,NA,7,NA,,B95.08.04.PLF,,
08/04/2021,12,A5,APO,30,18,B97,F2,PLF,Green,ELEVATED,PLASTIC,LIGHT,FED,0.081,0.072,15,EC,,B97.08.04.PLF,,
08/04/2021,14,A7,APO,30,2,B98,F2,PLF,Green,ELEVATED,PLASTIC,LIGHT,FED,0.223,NA,7,NA,,B98.08.04.PLF,,
08/31/2021,51,S30,SYM,22,1,B50,F2,PLF,Green,ELEVATED,PLASTIC,LIGHT,FED,0.226,0.217,22,SW,,B50.08.31.PLF,,replaced
08/31/2021,51,S30,SYM,22,8,B47,F2,PLF,Green,ELEVATED,PLASTIC,LIGHT,FED,0.161,0.150,22,EC,,B47(XS1-1).08.31,,replaced
08/03/2021,8,S4,SYM,22,13,B48,F2,PLF,Green,ELEVATED,PLASTIC,LIGHT,FED,0.196,0.183,8,EC,,B48.08.03.PLF,,
08/03/2021,8,S4,SYM,22,22,B49,F2,PLF,Green,ELEVATED,PLASTIC,LIGHT,FED,0.147,0.127,22,SW,,B49.08.03.PLF,,
08/03/2021,10,S6,SYM,22,8,B51,F2,PLF,Green,ELEVATED,PLASTIC,LIGHT,FED,0.086,0.067,15,EC,,B51.08.03.PLF,,
08/04/2021,19,A10,APO,46,4,W93,F3,PLF,Green,ELEVATED,PLASTIC,LIGHT,FED,0.294,0.264,22,SW,,W93.08.04.PLF,,
08/04/2021,20,A11,APO,46,2,W94,F3,PLF,Green,ELEVATED,PLASTIC,LIGHT,FED,0.08,0.059,22,EC,,W94.08.04.PLF,,
08/04/2021,20,A11,APO,46,10,W95,F3,PLF,Green,ELEVATED,PLASTIC,LIGHT,FED,0.145,0.115,22,SW,,W95.08.04.PLF,,
08/04/2021,20,A11,APO,46,18,W97,F3,PLF,Green,ELEVATED,PLASTIC,LIGHT,FED,0.208,NA,6,NA,,W97.08.04.PLF,,
08/04/2021,18,A9,APO,46,6,W92,F3,PLF,Green,ELEVATED,PLASTIC,LIGHT,FED,0.123,0.108,22,EC,,W92.08.04.PLF,,
08/04/2021,16,S7,SYM,38,6,W43,F3,PLF,Green,ELEVATED,PLASTIC,LIGHT,FED,0.145,0.124,22,SW,,W43.08.04.PLF,,
08/04/2021,16,S7,SYM,38,14,W44,F3,PLF,Green,ELEVATED,PLASTIC,LIGHT,FED,0.164,0.148,22,EC,,W44.08.04.PLF,,
08/04/2021,16,S7,SYM,38,22,W45,F3,PLF,Green,ELEVATED,PLASTIC,LIGHT,FED,0.113,0.088,22,SW,,W45.08.04.PLF,,
08/04/2021,16,S7,SYM,38,30,W46,F3,PLF,Green,ELEVATED,PLASTIC,LIGHT,FED,0.185,0.166,22,EC,,W46.08.04.PLF,,
08/04/2021,17,S8,SYM,38,1,W47,F3,PLF,Green,ELEVATED,PLASTIC,LIGHT,FED,0.195,0.179,15,SW,,W47.08.04.PLF,,
08/05/2021,26,A12,APO,62,6,Y85,F4,PLF,Green,ELEVATED,PLASTIC,LIGHT,FED,0.279,NA,6,NA,,Y85.08.05.PLF,,
08/05/2021,26,A12,APO,62,14,Y87,F4,PLF,Green,ELEVATED,PLASTIC,LIGHT,FED,0.416,NA,6,NA,,Y87.08.05.PLF,,
08/05/2021,27,A13,APO,62,4,Y88,F4,PLF,Green,ELEVATED,PLASTIC,LIGHT,FED,0.178,0.149,22,EC,,Y88.08.05.PLF,,
08/05/2021,27,A13,APO,62,19,Y92,F4,PLF,Green,ELEVATED,PLASTIC,LIGHT,FED,0.331,0.253,22,SW,,Y92.08.05.PLF,,
08/05/2021,27,A13,APO,62,20,Y93,F4,PLF,Green,ELEVATED,PLASTIC,LIGHT,FED,0.278,0.250,22,EC,,Y93.08.05.PLF,,
08/04/2021,22,S10,SYM,54,6,Y41,F4,PLF,Green,ELEVATED,PLASTIC,LIGHT,FED,0.359,0.337,22,SW,,Y41.08.04.PLF,,
08/04/2021,23,S11,SYM,54,7,Y42,F4,PLF,Green,ELEVATED,PLASTIC,LIGHT,FED,0.159,0.144,22,EC,,Y42.08.04.PLF,,
08/04/2021,24,S12,SYM,54,3,Y43,F4,PLF,Green,ELEVATED,PLASTIC,LIGHT,FED,0.245,0.223,22,SW,,Y43.08.04.PLF,,
08/04/2021,25,S13,SYM,54,2,Y44,F4,PLF,Green,ELEVATED,PLASTIC,LIGHT,FED,0.127,0.119,22,EC,,Y44.08.04.PLF,,
08/04/2021,21,S9,SYM,54,6,Y40,F4,PLF,Green,ELEVATED,PLASTIC,LIGHT,FED,0.104,0.093,8,EC,,Y40.08.04.PLF,,
08/02/2021,5,A1,APO,15,6,B7,G1,NDF,Blue,ELEVATED,NOPLASTIC,DARK,FED,0.154,0.113,22,SW,,B7.08.02.NDF,,
08/02/2021,6,A2,APO,15,10,B10,G1,NDF,Blue,ELEVATED,NOPLASTIC,DARK,FED,0.177,0.147,8,EC,,B10.08.02.NDF,,
08/31/2021,52,A25,APO,15,3,B8,G1,NDF,Blue,ELEVATED,NOPLASTIC,DARK,FED,0.084,0.073,8,SW,,B8(XA1-2).08.31,,replaced
08/03/2021,7,A3,APO,15,4,B11,G1,NDF,Blue,ELEVATED,NOPLASTIC,DARK,FED,0.299,0.281,15,SW,,B11.08.03.NDF,,
08/03/2021,7,A3,APO,15,12,B12,G1,NDF,Blue,ELEVATED,NOPLASTIC,DARK,FED,0.196,0.173,15,EC,,B12.08.03.NDF,,
08/09/2021,43,S22,SYM,7,4,G49,G1,NDF,Blue,ELEVATED,NOPLASTIC,DARK,FED,0.341,0.297,15,SW,,G49-B2.08.09.NDF,,
08/09/2021,46,S25,SYM,7,3,G50,G1,NDF,Blue,ELEVATED,NOPLASTIC,DARK,FED,0.356,0.347,15,EC,,G50-D2.08.09.NDF,,
08/09/2021,48,S27,SYM,7,4,G51,G1,NDF,Blue,ELEVATED,NOPLASTIC,DARK,FED,0.147,0.132,8,SW,Y,G51-G1.08.09.NDF,,
08/09/2021,49,S28,SYM,7,5,G52,G1,NDF,Blue,ELEVATED,NOPLASTIC,DARK,FED,0.193,0.160,22,EC,,G52-I3.08.09.NDF,,
08/09/2021,50,S29,SYM,7,7,G53,G1,NDF,Blue,ELEVATED,NOPLASTIC,DARK,FED,0.149,0.132,8,SW,Y,G53-K5.08.09.NDF,,
08/06/2021,36,A19,APO,96,2,O9975,G2,NDF,Blue,ELEVATED,NOPLASTIC,DARK,FED,0.22,0.180,8,EC,,O9975.08.06.NLF,,
08/06/2021,37,A20,APO,96,1,O7681,G2,NDF,Blue,ELEVATED,NOPLASTIC,DARK,FED,0.303,0.228,15,SW,,O7681.08.06.NLF,,
08/06/2021,38,A21,APO,96,1,O7096,G2,NDF,Blue,ELEVATED,NOPLASTIC,DARK,FED,0.186,0.171,15,EC,,O7096.08.06.NLF,,
08/06/2021,39,A22,APO,96,2,O9174,G2,NDF,Blue,ELEVATED,NOPLASTIC,DARK,FED,0.234,0.198,15,SW,,O9174.08.06.NLF,,
08/06/2021,41,A24,APO,96,2,O7398,G2,NDF,Blue,ELEVATED,NOPLASTIC,DARK,FED,0.13,0.106,22,EC,,O7398.08.06.NLF,,
08/03/2021,8,S4,SYM,23,7,B52,G2,NDF,Blue,ELEVATED,NOPLASTIC,DARK,FED,0.151,0.131,15,EC,,B52.08.03.NDF,,
08/03/2021,8,S4,SYM,23,14,B53,G2,NDF,Blue,ELEVATED,NOPLASTIC,DARK,FED,0.262,0.231,15,SW,,B53.08.03.NDF,,
08/03/2021,8,S4,SYM,23,23,B54,G2,NDF,Blue,ELEVATED,NOPLASTIC,DARK,FED,0.102,NA,8,NA,Y,B54.08.03.NDF,,
08/03/2021,10,S6,SYM,23,1,B55,G2,NDF,Blue,ELEVATED,NOPLASTIC,DARK,FED,0.143,0.125,15,SW,,B55.08.03.NDF,,
08/03/2021,10,S6,SYM,23,9,B56,G2,NDF,Blue,ELEVATED,NOPLASTIC,DARK,FED,0.136,0.118,15,EC,,B56.08.03.NDF,,
08/04/2021,19,A10,APO,47,5,Y1,G3,NDF,Blue,ELEVATED,NOPLASTIC,DARK,FED,0.208,0.188,22,EC,,Y1.08.04.NDF,,
08/04/2021,20,A11,APO,47,3,Y2,G3,NDF,Blue,ELEVATED,NOPLASTIC,DARK,FED,0.156,0.126,15,SW,,Y2.08.04.NDF,,
08/04/2021,20,A11,APO,47,11,Y3,G3,NDF,Blue,ELEVATED,NOPLASTIC,DARK,FED,0.193,0.158,15,EC,,Y3.08.04.NDF,,
08/04/2021,20,A11,APO,47,19,Y4,G3,NDF,Blue,ELEVATED,NOPLASTIC,DARK,FED,0.363,0.282,8,SW,,Y4.08.04.NDF,,
08/04/2021,18,A9,APO,47,7,W98,G3,NDF,Blue,ELEVATED,NOPLASTIC,DARK,FED,0.277,0.150,8,SW,Y,W98.08.04.NDF,,
08/04/2021,16,S7,SYM,39,7,W48,G3,NDF,Blue,ELEVATED,NOPLASTIC,DARK,FED,0.103,0.073,22,SW,,W48.08.04.NDF,,
08/04/2021,16,S7,SYM,39,15,W49,G3,NDF,Blue,ELEVATED,NOPLASTIC,DARK,FED,0.114,0.099,15,EC,,W49.08.04.NDF,,
08/04/2021,16,S7,SYM,39,23,W50,G3,NDF,Blue,ELEVATED,NOPLASTIC,DARK,FED,0.242,0.211,8,SW,Y,W50.08.04.NDF,,
08/04/2021,16,S7,SYM,39,31,W51,G3,NDF,Blue,ELEVATED,NOPLASTIC,DARK,FED,0.301,0.282,22,EC,,W51.08.04.NDF,,
08/04/2021,17,S8,SYM,39,2,W52,G3,NDF,Blue,ELEVATED,NOPLASTIC,DARK,FED,0.211,0.147,22,SW,,W52.08.04.NDF,,
08/05/2021,26,A12,APO,63,7,Y90,G4,NDF,Blue,ELEVATED,NOPLASTIC,DARK,FED,0.074,NA,6,NA,,Y90.08.05.NDF,,
08/05/2021,26,A12,APO,63,15,Y94,G4,NDF,Blue,ELEVATED,NOPLASTIC,DARK,FED,0.152,NA,6,NA,,Y94.08.05.NDF,,
08/05/2021,27,A13,APO,63,5,Y95,G4,NDF,Blue,ELEVATED,NOPLASTIC,DARK,FED,0.176,0.155,8,EC,,Y95.08.05.NDF,,
08/05/2021,27,A13,APO,63,12,Y97,G4,NDF,Blue,ELEVATED,NOPLASTIC,DARK,FED,0.389,0.321,8,SW,,Y97.08.05.NDF,,
08/05/2021,27,A13,APO,63,21,O26,G4,NDF,Blue,ELEVATED,NOPLASTIC,DARK,FED,0.21,0.182,8,EC,,O26.08.05.NDF,,
08/04/2021,22,S10,SYM,55,7,Y46,G4,NDF,Blue,ELEVATED,NOPLASTIC,DARK,FED,0.303,0.276,8,SW,,Y46.08.04.NDF,,
08/04/2021,23,S11,SYM,55,8,Y47,G4,NDF,Blue,ELEVATED,NOPLASTIC,DARK,FED,0.165,0.129,15,EC,,Y47.08.04.NDF,,
08/04/2021,24,S12,SYM,55,4,Y48,G4,NDF,Blue,ELEVATED,NOPLASTIC,DARK,FED,0.281,0.263,22,SW,,Y48.08.04.NDF,,
08/04/2021,25,S13,SYM,55,3,Y49,G4,NDF,Blue,ELEVATED,NOPLASTIC,DARK,FED,0.142,0.152,15,EC,,Y49.08.04.NDF,,
08/04/2021,21,S9,SYM,55,7,Y45,G4,NDF,Blue,ELEVATED,NOPLASTIC,DARK,FED,0.277,0.278,8,EC,,Y45.08.04.NDF,,
08/09/2021,48,S27,SYM,8,5,G56,H1,NLF,Blue,ELEVATED,NOPLASTIC,LIGHT,FED,0.226,0.207,22,SW,,G56-G2.08.09.NLF,,
08/02/2021,5,A1,APO,16,7,B22,H1,NLF,Blue,ELEVATED,NOPLASTIC,LIGHT,FED,0.114,0.141,22,SW,,B22.08.02.NLF,,
08/02/2021,6,A2,APO,16,3,B23,H1,NLF,Blue,ELEVATED,NOPLASTIC,LIGHT,FED,0.162,0.098,15,EC,,B23.08.02.NLF,,
08/02/2021,6,A2,APO,16,11,B24,H1,NLF,Blue,ELEVATED,NOPLASTIC,LIGHT,FED,0.239,0.198,22,SW,,B24.08.02.NLF,,
08/03/2021,7,A3,APO,16,5,B25,H1,NLF,Blue,ELEVATED,NOPLASTIC,LIGHT,FED,0.083,0.073,22,EC,,B25.08.03.NLF,,
08/03/2021,7,A3,APO,16,13,B26,H1,NLF,Blue,ELEVATED,NOPLASTIC,LIGHT,FED,0.298,0.299,22,SW,,B26.08.03.NLF,,
08/09/2021,44,S23,SYM,8,1,G54,H1,NLF,Blue,ELEVATED,NOPLASTIC,LIGHT,FED,0.267,0.243,22,SW,,G54-B5.08.09.NLF,,
08/09/2021,46,S25,SYM,8,4,G55,H1,NLF,Blue,ELEVATED,NOPLASTIC,LIGHT,FED,0.341,0.256,22,EC,,G55-D5.08.09.NLF,,
08/09/2021,49,S28,SYM,8,6,G57,H1,NLF,Blue,ELEVATED,NOPLASTIC,LIGHT,FED,0.125,0.127,15,EC,,G57-I4.08.09.NLF,,
08/09/2021,50,S29,SYM,8,8,G58,H1,NLF,Blue,ELEVATED,NOPLASTIC,LIGHT,FED,0.228,0.217,22,SW,,G58-K6.08.09.NLF,,
08/03/2021,8,S4,SYM,24,15,B57,H2,NLF,Blue,ELEVATED,NOPLASTIC,LIGHT,FED,0.202,0.194,22,EC,,B57.08.03.NLF,,
08/03/2021,8,S4,SYM,24,16,B58,H2,NLF,Blue,ELEVATED,NOPLASTIC,LIGHT,FED,0.091,0.073,22,SW,,B58.08.03.NLF,,
08/31/2021,52,A25,APO,32,10,W12,H2,NLF,Blue,ELEVATED,NOPLASTIC,LIGHT,FED,0.323,NA,4,NA,,W12(XA2-9).08.31,,replaced
08/03/2021,11,A4,APO,32,8,W10,H2,NLF,Blue,ELEVATED,NOPLASTIC,LIGHT,FED,0.087,0.114,15,EC,,W10.08.03.NLF,,
08/03/2021,12,A5,APO,32,4,W11,H2,NLF,Blue,ELEVATED,NOPLASTIC,LIGHT,FED,0.079,0.071,8,SW,,W11.08.03.NLF,,
08/04/2021,13,A6,APO,32,1,W13,H2,NLF,Blue,ELEVATED,NOPLASTIC,LIGHT,FED,0.134,0.125,22,EC,,W13.08.04.NLF,,
08/04/2021,15,A8,APO,32,1,W14,H2,NLF,Blue,ELEVATED,NOPLASTIC,LIGHT,FED,0.211,0.196,15,SW,,W14.08.04.NLF,,
08/03/2021,9,S5,SYM,24,1,B59,H2,NLF,Blue,ELEVATED,NOPLASTIC,LIGHT,FED,0.177,0.170,22,EC,,B59.08.03.NLF,,
08/03/2021,10,S6,SYM,24,2,B60,H2,NLF,Blue,ELEVATED,NOPLASTIC,LIGHT,FED,0.139,0.140,22,SW,,B60.08.03.NLF,,
08/03/2021,10,S6,SYM,24,10,B62,H2,NLF,Blue,ELEVATED,NOPLASTIC,LIGHT,FED,0.074,0.072,22,EC,,B62.08.03.NLF,,
08/04/2021,20,A11,APO,48,4,Y8,H3,NLF,Blue,ELEVATED,NOPLASTIC,LIGHT,FED,0.147,0.129,22,EC,,Y8.08.04.NLF,,
08/04/2021,20,A11,APO,48,12,Y10,H3,NLF,Blue,ELEVATED,NOPLASTIC,LIGHT,FED,0.109,0.090,8,SW,,Y10.08.04.NLF,,
08/04/2021,20,A11,APO,48,20,Y11,H3,NLF,Blue,ELEVATED,NOPLASTIC,LIGHT,FED,0.234,0.214,22,EC,,Y11.08.04.NLF,,
08/31/2021,52,A25,APO,48,7,Y7,H3,NLF,Blue,ELEVATED,NOPLASTIC,LIGHT,FED,0.394,NA,4,NA,,Y7(XA2-6).08.31,,replaced
08/04/2021,18,A9,APO,48,8,Y5,H3,NLF,Blue,ELEVATED,NOPLASTIC,LIGHT,FED,0.312,0.277,22,SW,,Y5.08.04.NLF,,
08/04/2021,16,S7,SYM,40,8,W53,H3,NLF,Blue,ELEVATED,NOPLASTIC,LIGHT,FED,0.208,0.199,22,SW,,W53.08.04.NLF,,
08/04/2021,16,S7,SYM,40,16,W54,H3,NLF,Blue,ELEVATED,NOPLASTIC,LIGHT,FED,0.148,0.151,22,EC,,W54.08.04.NLF,,
08/04/2021,16,S7,SYM,40,24,W55,H3,NLF,Blue,ELEVATED,NOPLASTIC,LIGHT,FED,0.285,0.290,22,SW,,W55.08.04.NLF,,
08/04/2021,16,S7,SYM,40,32,W56,H3,NLF,Blue,ELEVATED,NOPLASTIC,LIGHT,FED,0.301,0.249,22,EC,,W56.08.04.NLF,,
08/04/2021,17,S8,SYM,40,3,W57,H3,NLF,Blue,ELEVATED,NOPLASTIC,LIGHT,FED,0.251,0.253,22,SW,,W57.08.04.NLF,,
08/05/2021,26,A12,APO,64,8,O27,H4,NLF,Blue,ELEVATED,NOPLASTIC,LIGHT,FED,0.442,0.415,22,SW,,O27.08.05.NLF,,
08/05/2021,26,A12,APO,64,16,O29,H4,NLF,Blue,ELEVATED,NOPLASTIC,LIGHT,FED,0.178,0.177,22,EC,,O29.08.05.NLF,,
08/05/2021,27,A13,APO,64,6,O30,H4,NLF,Blue,ELEVATED,NOPLASTIC,LIGHT,FED,0.178,0.155,8,SW,,O30.08.05.NLF,,
08/05/2021,28,A14,APO,64,1,O32,H4,NLF,Blue,ELEVATED,NOPLASTIC,LIGHT,FED,0.332,NA,5,NA,,O32.08.05.NLF,,
08/31/2021,52,A25,APO,64,4,O31,H4,NLF,Blue,ELEVATED,NOPLASTIC,LIGHT,FED,0.335,0.281,8,EC,,O31(XA1-3).08.31,,replaced
08/04/2021,23,S11,SYM,56,1,Y51,H4,NLF,Blue,ELEVATED,NOPLASTIC,LIGHT,FED,0.103,0.097,22,SW,,Y51.08.04.NLF,,
08/04/2021,23,S11,SYM,56,9,Y52,H4,NLF,Blue,ELEVATED,NOPLASTIC,LIGHT,FED,0.176,0.186,15,EC,,Y52.08.04.NLF,,
08/04/2021,24,S12,SYM,56,5,Y53,H4,NLF,Blue,ELEVATED,NOPLASTIC,LIGHT,FED,0.328,0.279,22,SW,,Y53.08.04.NLF,,
08/04/2021,25,S13,SYM,56,4,Y54,H4,NLF,Blue,ELEVATED,NOPLASTIC,LIGHT,FED,0.234,0.230,15,EC,,Y54.08.04.NLF,,
08/04/2021,21,S9,SYM,56,8,Y50,H4,NLF,Blue,ELEVATED,NOPLASTIC,LIGHT,FED,0.273,0.259,8,EC,,Y50.08.04.NLF,,
08/05/2021,28,A14,APO,73,2,O77,Tray,control,Tray,AMBIENT,NOPLASTIC,LIGHT,FED,0.161,0.143,22,NA,,O77.08.05.PDS,,
08/05/2021,28,A14,APO,74,3,O83,Tray,control,Tray,AMBIENT,NOPLASTIC,LIGHT,FED,0.163,0.153,22,EC,,O83.08.05.PLS,,
08/05/2021,28,A14,APO,75,4,O89,Tray,control,Tray,AMBIENT,NOPLASTIC,LIGHT,FED,0.181,0.160,22,SW,,O89.08.05.NDS,,
08/05/2021,28,A14,APO,76,5,O95,Tray,control,Tray,AMBIENT,NOPLASTIC,LIGHT,FED,0.194,0.177,22,EC,,O95.08.05.NLS,,
08/05/2021,28,A14,APO,77,6,Y137,Tray,control,Tray,AMBIENT,NOPLASTIC,LIGHT,FED,0.325,0.303,22,NA,,Y137.08.05.PDF,,
08/05/2021,28,A14,APO,78,7,Y517,Tray,control,Tray,AMBIENT,NOPLASTIC,LIGHT,FED,0.452,0.391,22,NA,,Y517.08.05.PLF,,
08/05/2021,29,A15,APO,79,1,Y2223,Tray,control,Tray,AMBIENT,NOPLASTIC,LIGHT,FED,0.186,0.204,22,EC,,Y2223.08.05.NDF,,
08/05/2021,29,A15,APO,80,2,Y4839,Tray,control,Tray,AMBIENT,NOPLASTIC,LIGHT,FED,0.146,0.133,22,NA,,Y4839.08.05.NLF,,
08/05/2021,29,A15,APO,73,3,O78,Tray,control,Tray,AMBIENT,NOPLASTIC,LIGHT,FED,0.116,0.098,22,SW,,O78.08.05.PDS,,
08/05/2021,29,A15,APO,74,4,O84,Tray,control,Tray,AMBIENT,NOPLASTIC,LIGHT,FED,0.378,0.356,22,NA,,O84.08.05.PLS,,
08/05/2021,29,A15,APO,75,5,O90,Tray,control,Tray,AMBIENT,NOPLASTIC,LIGHT,FED,0.106,,22,NA,,O90.08.05.NDS,,
08/05/2021,29,A15,APO,77,7,Y914,Tray,control,Tray,AMBIENT,NOPLASTIC,LIGHT,FED,0.078,0.069,22,NA,,Y914.08.05.PDF,,
08/05/2021,29,A15,APO,78,8,Y1819,Tray,control,Tray,AMBIENT,NOPLASTIC,LIGHT,FED,0.251,0.218,22,SW,,Y1819.08.05.PLF,,
08/05/2021,29,A15,APO,79,9,Y3635,Tray,control,Tray,AMBIENT,NOPLASTIC,LIGHT,FED,0.134,0.116,22,NA,,Y3635.08.05.NDF,,
08/05/2021,29,A15,APO,80,10,Y5354,Tray,control,Tray,AMBIENT,NOPLASTIC,LIGHT,FED,0.159,0.152,22,NA,,Y5354.08.05.NLF,,
08/05/2021,30,A16,APO,73,1,O79,Tray,control,Tray,AMBIENT,NOPLASTIC,LIGHT,FED,0.461,0.429,22,EC,,O79.08.05.PDS,,
08/05/2021,30,A16,APO,74,2,O85,Tray,control,Tray,AMBIENT,NOPLASTIC,LIGHT,FED,0.257,0.239,22,SW,,O85.08.05.PLS,,
08/05/2021,30,A16,APO,75,3,O92,Tray,control,Tray,AMBIENT,NOPLASTIC,LIGHT,FED,0.144,0.126,22,NA,,O92.08.05.NDS,,
08/05/2021,30,A16,APO,76,4,O98,Tray,control,Tray,AMBIENT,NOPLASTIC,LIGHT,FED,0.456,0.383,22,SW,,O98.08.05.NLS,,
08/05/2021,30,A16,APO,77,5,Y156,Tray,control,Tray,AMBIENT,NOPLASTIC,LIGHT,FED,0.185,0.184,22,EC,,Y156.08.05.PDF,,
08/05/2021,30,A16,APO,78,6,Y2820,Tray,control,Tray,AMBIENT,NOPLASTIC,LIGHT,FED,0.106,0.100,22,EC,,Y2820.08.05.PLF,,
08/05/2021,30,A16,APO,79,7,Y3433,Tray,control,Tray,AMBIENT,NOPLASTIC,LIGHT,FED,0.392,0.395,22,SW,,Y3433.08.05.NDF,,
08/05/2021,30,A16,APO,80,8,Y4350,Tray,control,Tray,AMBIENT,NOPLASTIC,LIGHT,FED,0.247,0.249,22,SW,,Y4350.08.05.NLF,,
08/05/2021,30,A16,APO,73,9,O80,Tray,control,Tray,AMBIENT,NOPLASTIC,LIGHT,FED,0.132,0.156,22,SW,,O80.08.05.PDS,,
08/05/2021,30,A16,APO,74,10,O87,Tray,control,Tray,AMBIENT,NOPLASTIC,LIGHT,FED,0.114,0.101,22,SW,,O87.08.05.PLS,,
08/05/2021,30,A16,APO,75,11,O93,Tray,control,Tray,AMBIENT,NOPLASTIC,LIGHT,FED,0.33,0.314,22,SW,,O93.08.05.NDS,,
08/05/2021,30,A16,APO,76,12,Y210,Tray,control,Tray,AMBIENT,NOPLASTIC,LIGHT,FED,0.547,0.520,22,NA,,Y210.08.05.NLS,,
08/05/2021,30,A16,APO,77,13,Y164,Tray,control,Tray,AMBIENT,NOPLASTIC,LIGHT,FED,0.41,0.395,22,SW,,Y164.08.05.PDF,,
08/05/2021,30,A16,APO,78,14,Y2129,Tray,control,Tray,AMBIENT,NOPLASTIC,LIGHT,FED,0.276,0.260,22,NA,,Y2129.08.05.PLF,,
08/05/2021,30,A16,APO,79,15,Y3225,Tray,control,Tray,AMBIENT,NOPLASTIC,LIGHT,FED,0.11,0.099,22,NA,,Y3225.08.05.NDF,,
08/05/2021,30,A16,APO,80,16,Y4451,Tray,control,Tray,AMBIENT,NOPLASTIC,LIGHT,FED,0.174,0.160,22,NA,,Y4451.08.05.NLF,,
08/05/2021,30,A16,APO,73,17,O82,Tray,control,Tray,AMBIENT,NOPLASTIC,LIGHT,FED,0.13,0.122,22,NA,,O82.08.05.PDS,,
08/05/2021,30,A16,APO,74,18,O88,Tray,control,Tray,AMBIENT,NOPLASTIC,LIGHT,FED,0.291,0.279,22,NA,,O88.08.05.PLS,,
08/05/2021,30,A16,APO,75,19,O94,Tray,control,Tray,AMBIENT,NOPLASTIC,LIGHT,FED,0.248,0.234,22,EC,,O94.08.05.NDS,,
08/05/2021,30,A16,APO,76,20,Y113,Tray,control,Tray,AMBIENT,NOPLASTIC,LIGHT,FED,0.19,0.169,22,SW,,Y113.08.05.NLS,,
08/05/2021,30,A16,APO,77,21,Y128,Tray,control,Tray,AMBIENT,NOPLASTIC,LIGHT,FED,0.353,0.358,22,NA,,Y128.08.05.PDF,,
08/05/2021,30,A17,APO,79,2,Y2437,Tray,control,Tray,AMBIENT,NOPLASTIC,LIGHT,FED,0.226,0.203,22,NA,,Y2437.08.05.NDF,,
08/05/2021,30,A17,APO,80,3,Y4542,Tray,control,Tray,AMBIENT,NOPLASTIC,LIGHT,FED,0.405,0.363,22,EC,,Y4542.08.05.NLF,,
08/05/2021,31,A17,APO,78,1,Y3130,Tray,control,Tray,AMBIENT,NOPLASTIC,LIGHT,FED,0.268,0.228,22,NA,,Y3130.08.05.PLF,,
08/06/2021,35,A18,APO,89,1,B3998,Tray,control,Tray,AMBIENT,NOPLASTIC,LIGHT,FED,0.315,0.290,22,NA,,B3998.08.06.PDS,,
08/06/2021,35,A18,APO,90,2,G6961,Tray,control,Tray,AMBIENT,NOPLASTIC,LIGHT,FED,0.176,0.164,22,SW,,G6961.08.06.PLS,,
08/06/2021,35,A18,APO,91,3,G6166,Tray,control,Tray,AMBIENT,NOPLASTIC,LIGHT,FED,0.093,0.074,22,NA,,G6166.08.06.NDS,,
08/06/2021,35,A18,APO,92,4,G8171,Tray,control,Tray,AMBIENT,NOPLASTIC,LIGHT,FED,0.133,0.114,22,SW,,G8171.08.06.NLS,,
08/06/2021,35,A18,APO,93,5,G6642,Tray,control,Tray,AMBIENT,NOPLASTIC,LIGHT,FED,0.14,0.129,22,NA,,G6642.08.06.PDF,,
08/06/2021,35,A18,APO,94,6,O916,Tray,control,Tray,AMBIENT,NOPLASTIC,LIGHT,FED,0.364,0.311,22,SW,,O916.08.06.PLF,,
08/06/2021,36,A19,APO,95,1,O646,Tray,control,Tray,AMBIENT,NOPLASTIC,LIGHT,FED,0.351,0.334,22,EC,,O646.08.06.NDF,,
08/06/2021,36,A19,APO,89,3,B6947,Tray,control,Tray,AMBIENT,NOPLASTIC,LIGHT,FED,0.145,0.141,22,EC,,B6947.08.06.PDS,,
08/06/2021,36,A19,APO,90,4,G618,Tray,control,Tray,AMBIENT,NOPLASTIC,LIGHT,FED,0.167,0.147,22,NA,,G618.08.06.PLS,,
08/06/2021,36,A19,APO,91,5,G1899,Tray,control,Tray,AMBIENT,NOPLASTIC,LIGHT,FED,0.174,0.132,22,NA,,G1899.08.06.NDS,,
08/06/2021,36,A19,APO,92,6,G8677,Tray,control,Tray,AMBIENT,NOPLASTIC,LIGHT,FED,0.594,0.525,22,NA,,G8677.08.06.NLS,,
08/06/2021,36,A19,APO,93,7,G8180,Tray,control,Tray,AMBIENT,NOPLASTIC,LIGHT,FED,0.164,0.129,22,EC,,G8180.08.06.PDF,,
08/06/2021,36,A19,APO,94,8,O6661,Tray,control,Tray,AMBIENT,NOPLASTIC,LIGHT,FED,0.262,0.208,22,NA,,O6661.08.06.PLF,,
08/06/2021,36,A19,APO,95,9,O1618,Tray,control,Tray,AMBIENT,NOPLASTIC,LIGHT,FED,0.6,0.504,22,NA,,O1618.08.06.NDF,,
08/06/2021,37,A20,APO,89,2,B6334,Tray,control,Tray,AMBIENT,NOPLASTIC,LIGHT,FED,0.158,0.136,22,SW,,B6334.08.06.PDS,,
08/06/2021,37,A20,APO,90,3,G681,Tray,control,Tray,AMBIENT,NOPLASTIC,LIGHT,FED,0.176,0.166,22,NA,,G618.08.06.PLS,,
08/06/2021,37,A20,APO,91,4,G1991,Tray,control,Tray,AMBIENT,NOPLASTIC,LIGHT,FED,0.257,0.260,22,EC,,G1991.08.06.NDS,,
08/06/2021,37,A20,APO,92,5,G6775,Tray,control,Tray,AMBIENT,NOPLASTIC,LIGHT,FED,0.225,0.191,22,NA,,G6775.08.06.NLS,,
08/06/2021,37,A20,APO,93,6,G6991,Tray,control,Tray,AMBIENT,NOPLASTIC,LIGHT,FED,0.224,0.184,22,SW,,G6991.08.06.PDF,,
08/06/2021,37,A20,APO,94,7,O986,Tray,control,Tray,AMBIENT,NOPLASTIC,LIGHT,FED,0.306,0.297,22,EC,,O986.08.06.PLF,,
08/06/2021,37,A20,APO,95,8,O6719,Tray,control,Tray,AMBIENT,NOPLASTIC,LIGHT,FED,0.244,0.254,22,EC,,O6719.08.06.NDF,,
08/06/2021,38,A21,APO,89,2,B9658,Tray,control,Tray,AMBIENT,NOPLASTIC,LIGHT,FED,0.187,0.183,22,NA,,B9658.08.06.PDS,,
08/06/2021,38,A21,APO,90,3,G9868,Tray,control,Tray,AMBIENT,NOPLASTIC,LIGHT,FED,0.093,0.074,22,NA,,G9869.08.06.PLS,,
08/06/2021,38,A21,APO,91,4,G9669,Tray,control,Tray,AMBIENT,NOPLASTIC,LIGHT,FED,0.433,0.403,22,SW,,G9669.08.06.NDS,,
08/06/2021,38,A21,APO,92,5,G7673,Tray,control,Tray,AMBIENT,NOPLASTIC,LIGHT,FED,0.252,0.243,22,EC,,G7673.08.06.NLS,,
08/06/2021,38,A21,APO,93,6,G9877,Tray,control,Tray,AMBIENT,NOPLASTIC,LIGHT,FED,0.137,0.142,22,EC,,G9877.08.06.PDF,,
08/06/2021,38,A21,APO,94,7,O1962,Tray,control,Tray,AMBIENT,NOPLASTIC,LIGHT,FED,0.042,0.042,22,NA,,O1962.08.06.PLF,,
08/06/2021,39,A22,APO,95,1,O6968,Tray,control,Tray,AMBIENT,NOPLASTIC,LIGHT,FED,0.255,0.229,22,SW,,O6968.08.06.NDF,,
08/06/2021,39,A22,APO,89,3,B3366,Tray,control,Tray,AMBIENT,NOPLASTIC,LIGHT,FED,0.266,0.225,22,NA,,B3366.08.06.PDS,,
08/06/2021,39,A22,APO,90,4,G9116,Tray,control,Tray,AMBIENT,NOPLASTIC,LIGHT,FED,0.281,0.267,22,EC,,G9116.08.06.PLS,,
08/06/2021,39,A22,APO,91,5,G8965,Tray,control,Tray,AMBIENT,NOPLASTIC,LIGHT,FED,0.24,0.223,22,NA,,G8965.08.06.NDS,,
08/06/2021,40,A23,APO,92,1,G7472,Tray,control,Tray,AMBIENT,NOPLASTIC,LIGHT,FED,0.453,0.439,22,NA,,G7472.08.06.NLS,,
08/06/2021,40,A23,APO,93,2,G4161,Tray,control,Tray,AMBIENT,NOPLASTIC,LIGHT,FED,0.194,0.193,22,NA,,G4161.08.06.PDF,,
08/06/2021,40,A23,APO,94,3,O9659,Tray,control,Tray,AMBIENT,NOPLASTIC,LIGHT,FED,0.217,0.231,22,EC,,O9659.08.06.PLF,,
08/06/2021,41,A24,APO,95,1,O6566,Tray,control,Tray,AMBIENT,NOPLASTIC,LIGHT,FED,0.261,0.241,22,NA,,O6566.08.06.NDF,,
08/31/2021,52,A25,APO,76,1,O97,Tray,control,Tray,AMBIENT,NOPLASTIC,LIGHT,FED,0.225,0.224,22,NA,,O97.08.31.NLS,,replaced
08/03/2021,11,A4,APO,31,7,W3,Tray,control,Tray,AMBIENT,NOPLASTIC,LIGHT,FED,0.175,0.151,22,EC,,W3.08.03.NDF,,
08/03/2021,12,A5,APO,31,3,W4,Tray,control,Tray,AMBIENT,NOPLASTIC,LIGHT,FED,0.286,0.272,22,NA,,W4.08.03.NDF,,
08/04/2021,12,A5,APO,31,11,W5,Tray,control,Tray,AMBIENT,NOPLASTIC,LIGHT,FED,0.209,0.194,22,NA,,W5.08.04.NDF,,
08/04/2021,12,A5,APO,31,19,W7,Tray,control,Tray,AMBIENT,NOPLASTIC,LIGHT,FED,0.195,0.177,22,SW,,W7.08.04.NDF,,
08/04/2021,14,A7,APO,31,3,W8,Tray,control,Tray,AMBIENT,NOPLASTIC,LIGHT,FED,0.257,0.270,22,EC,,W8.08.04.NDF,,
08/05/2021,4,M1,SYM,72,9,O76,Tray,control,Tray,AMBIENT,NOPLASTIC,LIGHT,FED,0.08,0.074,22,NA,,O76.08.05.NLF,,
08/05/2021,29,S14,SYM,65,1,O33,Tray,control,Tray,AMBIENT,NOPLASTIC,LIGHT,FED,0.132,0.122,22,SW,,O33.08.05.PDS,,
08/05/2021,29,S14,SYM,66,2,O38,Tray,control,Tray,AMBIENT,NOPLASTIC,LIGHT,FED,0.149,0.149,22,SW,,O38.08.05.PLS,,
08/05/2021,29,S14,SYM,67,3,O43,Tray,control,Tray,AMBIENT,NOPLASTIC,LIGHT,FED,0.182,0.178,22,NA,,O43.08.05.NDS,,
08/05/2021,29,S14,SYM,68,4,O48,Tray,control,Tray,AMBIENT,NOPLASTIC,LIGHT,FED,0.297,0.290,22,NA,,O48.08.05.NLS,,
08/05/2021,29,S14,SYM,69,5,O53,Tray,control,Tray,AMBIENT,NOPLASTIC,LIGHT,FED,0.231,0.229,22,SW,,O53.08.05.PDF,,
08/05/2021,29,S14,SYM,70,6,O58,Tray,control,Tray,AMBIENT,NOPLASTIC,LIGHT,FED,0.337,0.332,22,SW,,O58.08.05.PLF,,
08/05/2021,29,S14,SYM,71,7,O70,Tray,control,Tray,AMBIENT,NOPLASTIC,LIGHT,FED,0.173,0.166,22,SW,,O70.08.05.NDF,,
08/05/2021,29,S14,SYM,72,8,O64,Tray,control,Tray,AMBIENT,NOPLASTIC,LIGHT,FED,0.076,0.072,22,NA,,O64.08.05.NLF,,
08/05/2021,29,S14,SYM,65,9,O34,Tray,control,Tray,AMBIENT,NOPLASTIC,LIGHT,FED,0.274,0.264,22,NA,,O34.08.05.PDS,,
08/05/2021,29,S14,SYM,66,10,O39,Tray,control,Tray,AMBIENT,NOPLASTIC,LIGHT,FED,0.302,,22,NA,,O39.08.05.PLS,,
08/05/2021,29,S14,SYM,68,12,O49,Tray,control,Tray,AMBIENT,NOPLASTIC,LIGHT,FED,0.11,0.110,22,EC,,O49.08.05.NLS,,
08/05/2021,29,S14,SYM,69,13,O54,Tray,control,Tray,AMBIENT,NOPLASTIC,LIGHT,FED,0.492,0.227,22,EC,,O54.08.05.PDF,,
08/05/2021,29,S14,SYM,70,14,O59,Tray,control,Tray,AMBIENT,NOPLASTIC,LIGHT,FED,0.4,0.349,22,NA,,O59.08.05.PLF,,
08/05/2021,29,S14,SYM,71,15,O71,Tray,control,Tray,AMBIENT,NOPLASTIC,LIGHT,FED,0.095,0.091,22,EC,,O71.08.05.NDF,,
08/05/2021,29,S14,SYM,72,16,O73,Tray,control,Tray,AMBIENT,NOPLASTIC,LIGHT,FED,0.077,0.069,22,EC,,O73.08.05.NLF,,
08/05/2021,29,S14,SYM,65,17,O35,Tray,control,Tray,AMBIENT,NOPLASTIC,LIGHT,FED,0.315,0.301,22,NA,,O35.08.05.PDS,,
08/05/2021,30,S15,SYM,66,1,O40,Tray,control,Tray,AMBIENT,NOPLASTIC,LIGHT,FED,0.186,,22,NA,,O40.08.05.PLS,,
08/05/2021,30,S15,SYM,67,2,O45,Tray,control,Tray,AMBIENT,NOPLASTIC,LIGHT,FED,0.2,0.190,22,NA,,O45.08.05.NDS,,
08/05/2021,30,S15,SYM,69,4,O55,Tray,control,Tray,AMBIENT,NOPLASTIC,LIGHT,FED,0.244,0.044,22,NA,,O55.08.05.PDF,,
08/05/2021,30,S15,SYM,70,5,O60,Tray,control,Tray,AMBIENT,NOPLASTIC,LIGHT,FED,0.198,0.197,22,NA,,O60.08.05.PLF,,
08/05/2021,30,S15,SYM,71,6,O72,Tray,control,Tray,AMBIENT,NOPLASTIC,LIGHT,FED,0.164,0.252,22,NA,,O72.08.05.NDF,,
08/05/2021,30,S15,SYM,72,7,O74,Tray,control,Tray,AMBIENT,NOPLASTIC,LIGHT,FED,0.13,0.130,22,NA,,O74.08.05.NLF,,
08/05/2021,30,S15,SYM,65,8,O36,Tray,control,Tray,AMBIENT,NOPLASTIC,LIGHT,FED,0.104,0.102,22,EC,,O36.08.05.PDS,,
08/05/2021,30,S15,SYM,66,9,O41,Tray,control,Tray,AMBIENT,NOPLASTIC,LIGHT,FED,0.155,0.157,22,EC,,O41.08.05.PLS,,
08/05/2021,30,S15,SYM,67,10,O46,Tray,control,Tray,AMBIENT,NOPLASTIC,LIGHT,FED,0.138,0.131,22,EC,,O46.08.05.NDS,,
08/05/2021,30,S15,SYM,68,11,O51,Tray,control,Tray,AMBIENT,NOPLASTIC,LIGHT,FED,0.165,0.156,22,NA,,O51.08.05.NLS,,
08/05/2021,30,S15,SYM,69,12,O56,Tray,control,Tray,AMBIENT,NOPLASTIC,LIGHT,FED,0.229,0.225,22,EC,,O56.08.05.PDF,,
08/05/2021,30,S15,SYM,70,13,O62,Tray,control,Tray,AMBIENT,NOPLASTIC,LIGHT,FED,0.157,0.143,22,NA,,O62.08.05.PLF,,
08/05/2021,31,S16,SYM,65,3,O37,Tray,control,Tray,AMBIENT,NOPLASTIC,LIGHT,FED,0.11,0.106,22,NA,,O37.08.05.PDS,,
08/05/2021,31,S16,SYM,66,4,O42,Tray,control,Tray,AMBIENT,NOPLASTIC,LIGHT,FED,0.1,0.092,22,NA,,O42.08.05.PLS,,
08/05/2021,31,S16,SYM,67,5,O47,Tray,control,Tray,AMBIENT,NOPLASTIC,LIGHT,FED,0.062,0.055,22,NA,,O47.08.05.NDS,,
08/05/2021,31,S16,SYM,68,6,O52,Tray,control,Tray,AMBIENT,NOPLASTIC,LIGHT,FED,0.254,0.236,22,NA,,O52.08.05.NLS,,
08/05/2021,31,S16,SYM,69,7,O57,Tray,control,Tray,AMBIENT,NOPLASTIC,LIGHT,FED,0.349,0.341,22,NA,,O57.08.05.PDF,,
08/05/2021,31,S16,SYM,70,8,O63,Tray,control,Tray,AMBIENT,NOPLASTIC,LIGHT,FED,0.374,0.340,22,EC,,O63.08.05.PLF,,
08/05/2021,31,S16,SYM,71,1,O65,Tray,control,Tray,AMBIENT,NOPLASTIC,LIGHT,FED,0.228,0.226,22,NA,,O65.08.05.NDF,,
08/05/2021,31,S16,SYM,71,9,O67,Tray,control,Tray,AMBIENT,NOPLASTIC,LIGHT,FED,0.26,0.258,22,NA,,O67.08.05.NDF,,
08/06/2021,31,S17,SYM,81,1,Y4940,Tray,control,Tray,AMBIENT,NOPLASTIC,LIGHT,FED,0.12,0.119,22,SW,,Y4940.08.06.PDS,,
08/06/2021,31,S17,SYM,82,2,Y7679,Tray,control,Tray,AMBIENT,NOPLASTIC,LIGHT,FED,0.131,0.129,22,SW,,Y7679.08.06.PLS,,
08/06/2021,31,S17,SYM,83,3,Y7071,Tray,control,Tray,AMBIENT,NOPLASTIC,LIGHT,FED,0.23,0.230,22,SW,,Y7071.08.06.NDS,,
08/06/2021,31,S17,SYM,84,4,Y9597,Tray,control,Tray,AMBIENT,NOPLASTIC,LIGHT,FED,0.192,0.186,22,NA,,Y9597.08.06.NLS,,
08/06/2021,31,S17,SYM,85,5,Y6688,Tray,control,Tray,AMBIENT,NOPLASTIC,LIGHT,FED,0.254,0.238,22,SW,,Y6688.08.06.PDF,,
08/06/2021,31,S17,SYM,86,6,B616,Tray,control,Tray,AMBIENT,NOPLASTIC,LIGHT,FED,0.308,0.309,22,NA,,B616.08.06.PLF,,
08/06/2021,31,S17,SYM,87,7,B266,Tray,control,Tray,AMBIENT,NOPLASTIC,LIGHT,FED,0.35,0.343,22,SW,,B266.08.06.NDF,,
08/06/2021,31,S17,SYM,88,8,B9940,Tray,control,Tray,AMBIENT,NOPLASTIC,LIGHT,FED,0.669,0.658,22,SW,,B9940.08.06.NLF,,
08/06/2021,31,S17,SYM,81,9,Y4738,Tray,control,Tray,AMBIENT,NOPLASTIC,LIGHT,FED,0.264,0.251,22,NA,,Y4738.08.06.PDS,,
08/06/2021,31,S17,SYM,82,10,Y5281,Tray,control,Tray,AMBIENT,NOPLASTIC,LIGHT,FED,0.204,0.194,22,EC,,Y5281.08.06.PLS,,
08/06/2021,31,S17,SYM,83,11,Y7409,Tray,control,Tray,AMBIENT,NOPLASTIC,LIGHT,FED,0.272,0.257,22,NA,,Y7409.08.06.NDS,,
08/06/2021,32,S18,SYM,84,1,Y8794,Tray,control,Tray,AMBIENT,NOPLASTIC,LIGHT,FED,0.081,0.067,22,EC,,Y8794.08.06.NLS,,
08/06/2021,32,S18,SYM,85,2,Y6806,Tray,control,Tray,AMBIENT,NOPLASTIC,LIGHT,FED,0.271,0.225,22,EC,,Y6806.08.06.PDF,,
08/06/2021,32,S18,SYM,86,3,B189,Tray,control,Tray,AMBIENT,NOPLASTIC,LIGHT,FED,0.291,0.282,22,EC,,B189.08.06.PLF,,
08/06/2021,32,S18,SYM,87,4,B233,Tray,control,Tray,AMBIENT,NOPLASTIC,LIGHT,FED,0.387,0.350,22,EC,,B233.08.06.NDF,,
08/06/2021,32,S18,SYM,88,5,B2759,Tray,control,Tray,AMBIENT,NOPLASTIC,LIGHT,FED,0.391,0.376,22,EC,,B2759.08.06.NLF,,
08/06/2021,32,S18,SYM,81,6,Y5755,Tray,control,Tray,AMBIENT,NOPLASTIC,LIGHT,FED,0.139,0.125,22,NA,,Y5755.08.06.PDS,,
08/06/2021,32,S18,SYM,82,7,Y6359,Tray,control,Tray,AMBIENT,NOPLASTIC,LIGHT,FED,0.202,0.176,22,NA,,Y6359.08.06.PLS,,
08/06/2021,32,S18,SYM,83,8,Y6908,Tray,control,Tray,AMBIENT,NOPLASTIC,LIGHT,FED,0.258,0.245,22,NA,,Y6908.08.06.NDS,,
08/06/2021,32,S18,SYM,84,9,Y9885,Tray,control,Tray,AMBIENT,NOPLASTIC,LIGHT,FED,0.104,0.091,22,SW,,Y9885.08.06.NLS,,
08/06/2021,32,S18,SYM,85,10,Y9278,Tray,control,Tray,AMBIENT,NOPLASTIC,LIGHT,FED,0.271,0.237,22,NA,,Y9278.08.06.PDF,,
08/06/2021,33,S19,SYM,86,1,B1938,Tray,control,Tray,AMBIENT,NOPLASTIC,LIGHT,FED,0.252,0.252,22,NA,,B1938.08.06.PLF,,
08/06/2021,33,S19,SYM,87,2,B919,Tray,control,Tray,AMBIENT,NOPLASTIC,LIGHT,FED,0.309,0.308,22,EC,,B919.08.06.NDF,,
08/06/2021,33,S19,SYM,88,3,B6232,Tray,control,Tray,AMBIENT,NOPLASTIC,LIGHT,FED,0.217,0.213,22,NA,,B6232.08.06.NLF,,
08/06/2021,33,S19,SYM,81,4,Y6599,Tray,control,Tray,AMBIENT,NOPLASTIC,LIGHT,FED,0.215,0.212,22,SW,,Y6599.08.06.PDS,,
08/06/2021,33,S19,SYM,82,5,Y6172,Tray,control,Tray,AMBIENT,NOPLASTIC,LIGHT,FED,0.28,0.275,22,SW,,Y6172.08.06.PLS,,
08/06/2021,33,S19,SYM,83,6,Y6758,Tray,control,Tray,AMBIENT,NOPLASTIC,LIGHT,FED,0.309,0.288,22,SW,,Y6758.08.06.NDS,,
08/06/2021,33,S19,SYM,84,7,Y8483,Tray,control,Tray,AMBIENT,NOPLASTIC,LIGHT,FED,0.418,0.398,22,NA,,Y8483.08.06.NLS,,
08/06/2021,33,S19,SYM,85,8,Y615,Tray,control,Tray,AMBIENT,NOPLASTIC,LIGHT,FED,0.26,0.243,22,EC,,Y615.08.09.PDF,,
08/06/2021,33,S19,SYM,87,10,B820,Tray,control,Tray,AMBIENT,NOPLASTIC,LIGHT,FED,0.396,0.380,22,NA,,B820.08.06.NDF,,
08/06/2021,33,S19,SYM,88,11,B5431,Tray,control,Tray,AMBIENT,NOPLASTIC,LIGHT,FED,0.17,0.150,22,EC,,B5431.08.06.NLF,,
08/06/2021,33,S19,SYM,81,12,Y4156,Tray,control,Tray,AMBIENT,NOPLASTIC,LIGHT,FED,0.157,0.150,22,EC,,Y4156.08.06.PDS,,
08/06/2021,33,S19,SYM,82,13,Y8975,Tray,control,Tray,AMBIENT,NOPLASTIC,LIGHT,FED,0.354,0.344,22,NA,,Y8975.08.06.PLS,,
08/06/2021,33,S19,SYM,83,14,Y7364,Tray,control,Tray,AMBIENT,NOPLASTIC,LIGHT,FED,0.533,0.497,22,EC,,Y7364.08.06.NDS,,
08/06/2021,33,S19,SYM,84,15,Y8291,Tray,control,Tray,AMBIENT,NOPLASTIC,LIGHT,FED,0.302,0.284,22,NA,,Y8291.08.06.NLS,,
08/06/2021,34,S20,SYM,85,1,Y9398,Tray,control,Tray,AMBIENT,NOPLASTIC,LIGHT,FED,0.106,0.100,22,NA,,Y9398.08.06.PDF,,
08/06/2021,34,S20,SYM,86,2,B3941,Tray,control,Tray,AMBIENT,NOPLASTIC,LIGHT,FED,0.167,0.162,22,EC,,B3941.08.06.PLF,,
08/06/2021,34,S20,SYM,87,3,B1315,Tray,control,Tray,AMBIENT,NOPLASTIC,LIGHT,FED,0.33,0.309,22,NA,,B1315.08.06.NDF,,
08/06/2021,34,S20,SYM,88,4,B5628,Tray,control,Tray,AMBIENT,NOPLASTIC,LIGHT,FED,0.16,0.153,22,NA,,B5628.08.06.NLF,,
08/31/2021,51,S30,SYM,67,3,O44,Tray,control,Tray,AMBIENT,NOPLASTIC,LIGHT,FED,0.136,0.136,22,SW,,O44.08.31.NDS,,replaced
08/31/2021,51,S30,SYM,68,4,O50,Tray,control,Tray,AMBIENT,NOPLASTIC,LIGHT,FED,0.168,0.161,22,SW,,O50.08.31.NLS,,replaced
08/31/2021,51,S30,SYM,72,7,O75,Tray,control,Tray,AMBIENT,NOPLASTIC,LIGHT,FED,0.223,0.200,22,SW,,O75.08.31.NLF,,replaced
08/31/2021,51,S30,SYM,86,5,B4037,Tray,control,Tray,AMBIENT,NOPLASTIC,LIGHT,FED,0.283,0.276,22,SW,,B4037.08.31.PLF,,replaced