Date,Colony#,Colony,Sym.State,Tile#,Frag#,B.TAG,TANK.ID,Treat.ID,Sump,Temperature,Plastic,Light,Food,Mass,Day,Days.In.Treatment
08/02/2021,5,A1,APO,9,8,G60,A1,PDS,Orange,ELEVATED,PLASTIC,DARK,STARVED,0.173,Initial,22
08/02/2021,6,A2,APO,9,4,G62,A1,PDS,Orange,ELEVATED,PLASTIC,DARK,STARVED,0.228,Initial,7
08/02/2021,6,A2,APO,9,12,G63,A1,PDS,Orange,ELEVATED,PLASTIC,DARK,STARVED,0.144,Initial,22
08/03/2021,7,A3,APO,9,6,G64,A1,PDS,Orange,ELEVATED,PLASTIC,DARK,STARVED,0.205,Initial,22
08/02/2021,4,M1,APO,9,8,G59,A1,PDS,Orange,ELEVATED,PLASTIC,DARK,STARVED,0.062,Initial,22
08/09/2021,42,S21,SYM,1,1,G4,A1,PDS,Orange,ELEVATED,PLASTIC,DARK,STARVED,0.160,Initial,22
08/09/2021,44,S23,SYM,1,2,G24,A1,PDS,Orange,ELEVATED,PLASTIC,DARK,STARVED,0.159,Initial,22
08/09/2021,47,S26,SYM,1,1,G25,A1,PDS,Orange,ELEVATED,PLASTIC,DARK,STARVED,0.364,Initial,22
08/09/2021,48,S27,SYM,1,6,G26,A1,PDS,Orange,ELEVATED,PLASTIC,DARK,STARVED,0.224,Initial,22
08/09/2021,50,S29,SYM,1,1,G27,A1,PDS,Orange,ELEVATED,PLASTIC,DARK,STARVED,0.193,Initial,22
08/03/2021,11,A4,APO,25,1,B63,A2,PDS,Orange,ELEVATED,PLASTIC,DARK,STARVED,0.173,Initial,22
08/03/2021,11,A4,APO,25,9,B64,A2,PDS,Orange,ELEVATED,PLASTIC,DARK,STARVED,0.193,Initial,22
08/03/2021,12,A5,APO,25,5,B65,A2,PDS,Orange,ELEVATED,PLASTIC,DARK,STARVED,0.311,Initial,22
08/04/2021,12,A5,APO,25,13,B67,A2,PDS,Orange,ELEVATED,PLASTIC,DARK,STARVED,0.172,Initial,22
08/04/2021,13,A6,APO,25,2,B70,A2,PDS,Orange,ELEVATED,PLASTIC,DARK,STARVED,0.122,Initial,22
08/03/2021,8,S4,SYM,17,1,B13,A2,PDS,Orange,ELEVATED,PLASTIC,DARK,STARVED,0.051,Initial,22
08/03/2021,9,S5,SYM,17,2,B20,A2,PDS,Orange,ELEVATED,PLASTIC,DARK,STARVED,0.116,Initial,22
08/03/2021,10,S6,SYM,17,3,B21,A2,PDS,Orange,ELEVATED,PLASTIC,DARK,STARVED,0.041,Initial,8
08/03/2021,8,S4,SYM,17,8,B14,A2,PDS,Orange,ELEVATED,PLASTIC,DARK,STARVED,0.119,Initial,22
08/03/2021,8,S4,SYM,17,17,B15,A2,PDS,Orange,ELEVATED,PLASTIC,DARK,STARVED,0.261,Initial,22
08/04/2021,19,A10,APO,41,7,W60,A3,PDS,Orange,ELEVATED,PLASTIC,DARK,STARVED,0.351,Initial,22
08/04/2021,20,A11,APO,41,5,W62,A3,PDS,Orange,ELEVATED,PLASTIC,DARK,STARVED,0.335,Initial,22
08/04/2021,20,A11,APO,41,13,W63,A3,PDS,Orange,ELEVATED,PLASTIC,DARK,STARVED,0.212,Initial,15
08/04/2021,18,A9,APO,41,1,W58,A3,PDS,Orange,ELEVATED,PLASTIC,DARK,STARVED,0.156,Initial,22
08/04/2021,18,A9,APO,41,9,W59,A3,PDS,Orange,ELEVATED,PLASTIC,DARK,STARVED,0.228,Initial,22
08/31/2021,51,S30,SYM,33,11,W15,A3,PDS,Orange,ELEVATED,PLASTIC,DARK,STARVED,0.125,Initial,22
08/04/2021,16,S7,SYM,33,9,W17,A3,PDS,Orange,ELEVATED,PLASTIC,DARK,STARVED,0.071,Initial,8
08/04/2021,16,S7,SYM,33,17,W20,A3,PDS,Orange,ELEVATED,PLASTIC,DARK,STARVED,0.167,Initial,22
08/04/2021,16,S7,SYM,33,25,W21,A3,PDS,Orange,ELEVATED,PLASTIC,DARK,STARVED,0.164,Initial,22
08/04/2021,16,S7,SYM,33,33,W22,A3,PDS,Orange,ELEVATED,PLASTIC,DARK,STARVED,0.375,Initial,22
08/05/2021,26,A12,APO,57,1,Y55,A4,PDS,Orange,ELEVATED,PLASTIC,DARK,STARVED,0.115,Initial,8
08/05/2021,26,A12,APO,57,17,Y57,A4,PDS,Orange,ELEVATED,PLASTIC,DARK,STARVED,0.191,Initial,8
08/05/2021,27,A13,APO,57,7,Y58,A4,PDS,Orange,ELEVATED,PLASTIC,DARK,STARVED,0.211,Initial,22
08/05/2021,27,A13,APO,57,14,Y59,A4,PDS,Orange,ELEVATED,PLASTIC,DARK,STARVED,0.164,Initial,22
08/31/2021,52,A25,APO,57,2,Y56,A4,PDS,Orange,ELEVATED,PLASTIC,DARK,STARVED,0.315,Initial,22
08/04/2021,22,S10,SYM,49,1,Y13,A4,PDS,Orange,ELEVATED,PLASTIC,DARK,STARVED,0.167,Initial,8
08/04/2021,23,S11,SYM,49,2,Y14,A4,PDS,Orange,ELEVATED,PLASTIC,DARK,STARVED,0.144,Initial,8
08/04/2021,23,S11,SYM,49,10,Y15,A4,PDS,Orange,ELEVATED,PLASTIC,DARK,STARVED,0.156,Initial,22
08/04/2021,24,S12,SYM,49,6,Y17,A4,PDS,Orange,ELEVATED,PLASTIC,DARK,STARVED,0.222,Initial,22
08/04/2021,21,S9,SYM,49,1,Y12,A4,PDS,Orange,ELEVATED,PLASTIC,DARK,STARVED,0.203,Initial,8
08/02/2021,5,A1,APO,10,1,G65,B1,PLS,Orange,ELEVATED,PLASTIC,LIGHT,STARVED,0.265,Initial,22
08/02/2021,5,A1,APO,10,9,G67,B1,PLS,Orange,ELEVATED,PLASTIC,LIGHT,STARVED,0.302,Initial,22
08/02/2021,6,A2,APO,10,5,G70,B1,PLS,Orange,ELEVATED,PLASTIC,LIGHT,STARVED,0.244,Initial,22
08/03/2021,6,A2,APO,10,13,G71,B1,PLS,Orange,ELEVATED,PLASTIC,LIGHT,STARVED,0.229,Initial,22
08/03/2021,7,A3,APO,10,7,G73,B1,PLS,Orange,ELEVATED,PLASTIC,LIGHT,STARVED,0.159,Initial,22
08/09/2021,42,S21,SYM,2,2,G28,B1,PLS,Orange,ELEVATED,PLASTIC,LIGHT,STARVED,0.302,Initial,22
08/09/2021,45,S24,SYM,2,1,G29,B1,PLS,Orange,ELEVATED,PLASTIC,LIGHT,STARVED,0.186,Initial,22
08/09/2021,47,S26,SYM,2,2,G30,B1,PLS,Orange,ELEVATED,PLASTIC,LIGHT,STARVED,0.315,Initial,22
08/09/2021,50,S29,SYM,2,2,G32,B1,PLS,Orange,ELEVATED,PLASTIC,LIGHT,STARVED,0.107,Initial,22
08/09/2021,48,S27,SYM,2,7,G31,B1,PLS,Orange,ELEVATED,PLASTIC,LIGHT,STARVED,0.249,Initial,22
08/03/2021,8,S4,SYM,18,2,B28,B2,PLS,Orange,ELEVATED,PLASTIC,LIGHT,STARVED,0.169,Initial,22
08/03/2021,11,A4,APO,26,2,B71,B2,PLS,Orange,ELEVATED,PLASTIC,LIGHT,STARVED,0.084,Initial,8
08/03/2021,11,A4,APO,26,10,B72,B2,PLS,Orange,ELEVATED,PLASTIC,LIGHT,STARVED,0.088,Initial,8
08/03/2021,12,A5,APO,26,6,B73,B2,PLS,Orange,ELEVATED,PLASTIC,LIGHT,STARVED,0.489,Initial,22
08/04/2021,12,A5,APO,26,14,B74,B2,PLS,Orange,ELEVATED,PLASTIC,LIGHT,STARVED,0.136,Initial,22
08/04/2021,13,A6,APO,26,3,B75,B2,PLS,Orange,ELEVATED,PLASTIC,LIGHT,STARVED,0.113,Initial,22
08/03/2021,9,S5,SYM,18,3,B30,B2,PLS,Orange,ELEVATED,PLASTIC,LIGHT,STARVED,0.173,Initial,22
08/03/2021,10,S6,SYM,18,4,B31,B2,PLS,Orange,ELEVATED,PLASTIC,LIGHT,STARVED,0.116,Initial,22
08/03/2021,8,S4,SYM,18,9,B29,B2,PLS,Orange,ELEVATED,PLASTIC,LIGHT,STARVED,0.175,Initial,8
08/03/2021,8,S4,SYM,18,18,B27,B2,PLS,Orange,ELEVATED,PLASTIC,LIGHT,STARVED,0.177,Initial,22
08/04/2021,19,A10,APO,42,8,W67,B3,PLS,Orange,ELEVATED,PLASTIC,LIGHT,STARVED,0.159,Initial,22
08/04/2021,20,A11,APO,42,6,W70,B3,PLS,Orange,ELEVATED,PLASTIC,LIGHT,STARVED,0.215,Initial,8
08/04/2021,20,A11,APO,42,14,W71,B3,PLS,Orange,ELEVATED,PLASTIC,LIGHT,STARVED,0.167,Initial,22
08/04/2021,18,A9,APO,42,2,W64,B3,PLS,Orange,ELEVATED,PLASTIC,LIGHT,STARVED,0.184,Initial,22
08/04/2021,18,A9,APO,42,10,W65,B3,PLS,Orange,ELEVATED,PLASTIC,LIGHT,STARVED,0.222,Initial,22
08/04/2021,16,S7,SYM,34,2,W23,B3,PLS,Orange,ELEVATED,PLASTIC,LIGHT,STARVED,0.126,Initial,22
08/04/2021,16,S7,SYM,34,10,W24,B3,PLS,Orange,ELEVATED,PLASTIC,LIGHT,STARVED,0.26,Initial,22
08/04/2021,16,S7,SYM,34,18,W25,B3,PLS,Orange,ELEVATED,PLASTIC,LIGHT,STARVED,0.193,Initial,22
08/04/2021,16,S7,SYM,34,26,W26,B3,PLS,Orange,ELEVATED,PLASTIC,LIGHT,STARVED,0.232,Initial,15
08/04/2021,16,S7,SYM,34,34,W27,B3,PLS,Orange,ELEVATED,PLASTIC,LIGHT,STARVED,0.235,Initial,22
08/05/2021,26,A12,APO,58,2,Y60,B4,PLS,Orange,ELEVATED,PLASTIC,LIGHT,STARVED,0.152,Initial,22
08/05/2021,26,A12,APO,58,10,Y62,B4,PLS,Orange,ELEVATED,PLASTIC,LIGHT,STARVED,0.307,Initial,8
08/05/2021,26,A12,APO,58,18,Y63,B4,PLS,Orange,ELEVATED,PLASTIC,LIGHT,STARVED,0.269,Initial,8
08/05/2021,27,A13,APO,58,8,Y64,B4,PLS,Orange,ELEVATED,PLASTIC,LIGHT,STARVED,0.162,Initial,22
08/05/2021,27,A13,APO,58,15,Y65,B4,PLS,Orange,ELEVATED,PLASTIC,LIGHT,STARVED,0.123,Initial,22
08/04/2021,22,S10,SYM,50,2,Y21,B4,PLS,Orange,ELEVATED,PLASTIC,LIGHT,STARVED,0.12,Initial,15
08/04/2021,23,S11,SYM,50,3,Y22,B4,PLS,Orange,ELEVATED,PLASTIC,LIGHT,STARVED,0.158,Initial,22
08/04/2021,23,S11,SYM,50,11,Y23,B4,PLS,Orange,ELEVATED,PLASTIC,LIGHT,STARVED,0.165,Initial,22
08/04/2021,24,S12,SYM,50,7,Y24,B4,PLS,Orange,ELEVATED,PLASTIC,LIGHT,STARVED,0.1,Initial,22
08/04/2021,21,S9,SYM,50,2,Y20,B4,PLS,Orange,ELEVATED,PLASTIC,LIGHT,STARVED,0.091,Initial,8
08/02/2021,5,A1,APO,11,2,G74,C1,NDS,Yellow,ELEVATED,NOPLASTIC,DARK,STARVED,0.225,Initial,8
08/02/2021,5,A1,APO,11,10,G75,C1,NDS,Yellow,ELEVATED,NOPLASTIC,DARK,STARVED,0.227,Initial,22
08/02/2021,6,A2,APO,11,6,G76,C1,NDS,Yellow,ELEVATED,NOPLASTIC,DARK,STARVED,0.091,Initial,22
08/03/2021,6,A2,APO,11,14,G77,C1,NDS,Yellow,ELEVATED,NOPLASTIC,DARK,STARVED,0.238,Initial,22
08/03/2021,7,A3,APO,11,8,G78,C1,NDS,Yellow,ELEVATED,NOPLASTIC,DARK,STARVED,0.155,Initial,22
08/09/2021,42,S21,SYM,3,3,G33,C1,NDS,Yellow,ELEVATED,NOPLASTIC,DARK,STARVED,0.458,Initial,22
08/09/2021,45,S24,SYM,3,2,G34,C1,NDS,Yellow,ELEVATED,NOPLASTIC,DARK,STARVED,0.039,Initial,8
08/09/2021,47,S26,SYM,3,3,G35,C1,NDS,Yellow,ELEVATED,NOPLASTIC,DARK,STARVED,0.174,Initial,22
08/09/2021,49,S28,SYM,3,1,G37,C1,NDS,Yellow,ELEVATED,NOPLASTIC,DARK,STARVED,0.218,Initial,22
08/09/2021,50,S29,SYM,3,3,G38,C1,NDS,Yellow,ELEVATED,NOPLASTIC,DARK,STARVED,0.175,Initial,22
08/03/2021,8,S4,SYM,19,3,B32,C2,NDS,Yellow,ELEVATED,NOPLASTIC,DARK,STARVED,0.094,Initial,8
08/31/2021,52,A25,APO,27,6,B76,C2,NDS,Yellow,ELEVATED,NOPLASTIC,DARK,STARVED,0.292,Initial,22
08/03/2021,11,A4,APO,27,11,B77,C2,NDS,Yellow,ELEVATED,NOPLASTIC,DARK,STARVED,0.201,Initial,22
08/04/2021,12,A5,APO,27,7,B78,C2,NDS,Yellow,ELEVATED,NOPLASTIC,DARK,STARVED,0.082,Initial,8
08/04/2021,12,A5,APO,27,15,B79,C2,NDS,Yellow,ELEVATED,NOPLASTIC,DARK,STARVED,0.163,Initial,22
08/04/2021,13,A6,APO,27,4,B80,C2,NDS,Yellow,ELEVATED,NOPLASTIC,DARK,STARVED,0.208,Initial,22
08/31/2021,51,S30,SYM,19,2,B34,C2,NDS,Yellow,ELEVATED,NOPLASTIC,DARK,STARVED,0.093,Initial,22
08/03/2021,9,S5,SYM,19,4,B35,C2,NDS,Yellow,ELEVATED,NOPLASTIC,DARK,STARVED,0.196,Initial,22
08/03/2021,10,S6,SYM,19,5,B36,C2,NDS,Yellow,ELEVATED,NOPLASTIC,DARK,STARVED,0.174,Initial,22
08/03/2021,8,S4,SYM,19,10,B33,C2,NDS,Yellow,ELEVATED,NOPLASTIC,DARK,STARVED,0.197,Initial,22
08/04/2021,19,A10,APO,43,1,W73,C3,NDS,Yellow,ELEVATED,NOPLASTIC,DARK,STARVED,0.14,Initial,22
08/04/2021,19,A10,APO,43,9,W74,C3,NDS,Yellow,ELEVATED,NOPLASTIC,DARK,STARVED,0.267,Initial,22
08/04/2021,20,A11,APO,43,7,W75,C3,NDS,Yellow,ELEVATED,NOPLASTIC,DARK,STARVED,0.128,Initial,22
08/04/2021,20,A11,APO,43,15,W76,C3,NDS,Yellow,ELEVATED,NOPLASTIC,DARK,STARVED,0.124,Initial,22
08/04/2021,18,A9,APO,43,3,W72,C3,NDS,Yellow,ELEVATED,NOPLASTIC,DARK,STARVED,0.165,Initial,22
08/04/2021,16,S7,SYM,35,3,W28,C3,NDS,Yellow,ELEVATED,NOPLASTIC,DARK,STARVED,0.204,Initial,22
08/04/2021,16,S7,SYM,35,11,W29,C3,NDS,Yellow,ELEVATED,NOPLASTIC,DARK,STARVED,0.287,Initial,22
08/04/2021,16,S7,SYM,35,19,W30,C3,NDS,Yellow,ELEVATED,NOPLASTIC,DARK,STARVED,0.137,Initial,22
08/04/2021,16,S7,SYM,35,27,W31,C3,NDS,Yellow,ELEVATED,NOPLASTIC,DARK,STARVED,0.201,Initial,22
08/04/2021,16,S7,SYM,35,35,W32,C3,NDS,Yellow,ELEVATED,NOPLASTIC,DARK,STARVED,0.224,Initial,22
08/05/2021,26,A12,APO,59,3,Y67,C4,NDS,Yellow,ELEVATED,NOPLASTIC,DARK,STARVED,0.173,Initial,22
08/05/2021,26,A12,APO,59,11,Y70,C4,NDS,Yellow,ELEVATED,NOPLASTIC,DARK,STARVED,0.193,Initial,22
08/05/2021,27,A13,APO,59,1,Y71,C4,NDS,Yellow,ELEVATED,NOPLASTIC,DARK,STARVED,0.213,Initial,22
08/05/2021,27,A13,APO,59,9,Y72,C4,NDS,Yellow,ELEVATED,NOPLASTIC,DARK,STARVED,0.149,Initial,22
08/05/2021,27,A13,APO,59,16,Y73,C4,NDS,Yellow,ELEVATED,NOPLASTIC,DARK,STARVED,0.265,Initial,22
08/04/2021,22,S10,SYM,51,3,Y26,C4,NDS,Yellow,ELEVATED,NOPLASTIC,DARK,STARVED,0.165,Initial,22
08/04/2021,23,S11,SYM,51,4,Y27,C4,NDS,Yellow,ELEVATED,NOPLASTIC,DARK,STARVED,0.153,Initial,22
08/04/2021,23,S11,SYM,51,12,Y28,C4,NDS,Yellow,ELEVATED,NOPLASTIC,DARK,STARVED,0.171,Initial,22
08/04/2021,24,S12,SYM,51,8,Y29,C4,NDS,Yellow,ELEVATED,NOPLASTIC,DARK,STARVED,0.144,Initial,22
08/04/2021,21,S9,SYM,51,3,Y25,C4,NDS,Yellow,ELEVATED,NOPLASTIC,DARK,STARVED,0.45,Initial,22
08/09/2021,48,S27,SYM,4,1,G41,D1,NLS,Yellow,ELEVATED,NOPLASTIC,LIGHT,STARVED,0.088,Initial,22
08/02/2021,5,A1,APO,12,3,G79,D1,NLS,Yellow,ELEVATED,NOPLASTIC,LIGHT,STARVED,0.177,Initial,22
08/02/2021,5,A1,APO,12,11,G80,D1,NLS,Yellow,ELEVATED,NOPLASTIC,LIGHT,STARVED,0.228,Initial,22
08/02/2021,6,A2,APO,12,7,G82,D1,NLS,Yellow,ELEVATED,NOPLASTIC,LIGHT,STARVED,0.12,Initial,8
08/03/2021,7,A3,APO,12,1,G83,D1,NLS,Yellow,ELEVATED,NOPLASTIC,LIGHT,STARVED,0.194,Initial,22
08/03/2021,7,A3,APO,12,9,G84,D1,NLS,Yellow,ELEVATED,NOPLASTIC,LIGHT,STARVED,0.199,Initial,22
08/09/2021,43,S22,SYM,4,1,G39,D1,NLS,Yellow,ELEVATED,NOPLASTIC,LIGHT,STARVED,0.108,Initial,22
08/09/2021,45,S24,SYM,4,3,G40,D1,NLS,Yellow,ELEVATED,NOPLASTIC,LIGHT,STARVED,0.331,Initial,22
08/09/2021,49,S28,SYM,4,2,G42,D1,NLS,Yellow,ELEVATED,NOPLASTIC,LIGHT,STARVED,0.178,Initial,22
08/09/2021,50,S29,SYM,4,4,G43,D1,NLS,Yellow,ELEVATED,NOPLASTIC,LIGHT,STARVED,0.179,Initial,22
08/03/2021,8,S4,SYM,20,4,B37,D2,NLS,Yellow,ELEVATED,NOPLASTIC,LIGHT,STARVED,0.090,Initial,22
08/03/2021,11,A4,APO,28,4,B82,D2,NLS,Yellow,ELEVATED,NOPLASTIC,LIGHT,STARVED,0.124,Initial,22
08/03/2021,11,A4,APO,28,12,B83,D2,NLS,Yellow,ELEVATED,NOPLASTIC,LIGHT,STARVED,0.144,Initial,22
08/04/2021,12,A5,APO,28,8,B84,D2,NLS,Yellow,ELEVATED,NOPLASTIC,LIGHT,STARVED,0.207,Initial,22
08/04/2021,12,A5,APO,28,16,B85,D2,NLS,Yellow,ELEVATED,NOPLASTIC,LIGHT,STARVED,0.154,Initial,22
08/04/2021,13,A6,APO,28,5,B87,D2,NLS,Yellow,ELEVATED,NOPLASTIC,LIGHT,STARVED,0.215,Initial,22
08/03/2021,8,S4,SYM,20,11,B38,D2,NLS,Yellow,ELEVATED,NOPLASTIC,LIGHT,STARVED,0.184,Initial,22
08/03/2021,9,S5,SYM,20,5,B40,D2,NLS,Yellow,ELEVATED,NOPLASTIC,LIGHT,STARVED,0.126,Initial,22
08/03/2021,10,S6,SYM,20,6,B41,D2,NLS,Yellow,ELEVATED,NOPLASTIC,LIGHT,STARVED,0.294,Initial,22
08/03/2021,8,S4,SYM,20,20,B39,D2,NLS,Yellow,ELEVATED,NOPLASTIC,LIGHT,STARVED,0.144,Initial,22
08/04/2021,19,A10,APO,44,2,W78,D3,NLS,Yellow,ELEVATED,NOPLASTIC,LIGHT,STARVED,0.227,Initial,22
08/04/2021,19,A10,APO,44,10,W79,D3,NLS,Yellow,ELEVATED,NOPLASTIC,LIGHT,STARVED,0.223,Initial,8
08/04/2021,20,A11,APO,44,8,W80,D3,NLS,Yellow,ELEVATED,NOPLASTIC,LIGHT,STARVED,0.185,Initial,22
08/04/2021,20,A11,APO,44,16,W82,D3,NLS,Yellow,ELEVATED,NOPLASTIC,LIGHT,STARVED,0.132,Initial,22
08/04/2021,18,A9,APO,44,4,W77,D3,NLS,Yellow,ELEVATED,NOPLASTIC,LIGHT,STARVED,0.077,Initial,22
08/31/2021,51,S30,SYM,36,6,W35,D3,NLS,Yellow,ELEVATED,NOPLASTIC,LIGHT,STARVED,0.127,Initial,22
08/04/2021,16,S7,SYM,36,4,W33,D3,NLS,Yellow,ELEVATED,NOPLASTIC,LIGHT,STARVED,0.163,Initial,22
08/04/2021,16,S7,SYM,36,12,W34,D3,NLS,Yellow,ELEVATED,NOPLASTIC,LIGHT,STARVED,0.109,Initial,22
08/04/2021,16,S7,SYM,36,28,W36,D3,NLS,Yellow,ELEVATED,NOPLASTIC,LIGHT,STARVED,0.126,Initial,22
08/04/2021,16,S7,SYM,36,36,W37,D3,NLS,Yellow,ELEVATED,NOPLASTIC,LIGHT,STARVED,0.293,Initial,22
08/05/2021,26,A12,APO,60,4,Y74,D4,NLS,Yellow,ELEVATED,NOPLASTIC,LIGHT,STARVED,0.159,Initial,22
08/05/2021,26,A12,APO,60,12,Y75,D4,NLS,Yellow,ELEVATED,NOPLASTIC,LIGHT,STARVED,0.191,Initial,22
08/05/2021,27,A13,APO,60,2,Y76,D4,NLS,Yellow,ELEVATED,NOPLASTIC,LIGHT,STARVED,0.163,Initial,22
08/05/2021,27,A13,APO,60,10,Y77,D4,NLS,Yellow,ELEVATED,NOPLASTIC,LIGHT,STARVED,0.103,Initial,22
08/05/2021,27,A13,APO,60,17,Y78,D4,NLS,Yellow,ELEVATED,NOPLASTIC,LIGHT,STARVED,0.308,Initial,22
08/04/2021,22,S10,SYM,52,4,Y31,D4,NLS,Yellow,ELEVATED,NOPLASTIC,LIGHT,STARVED,0.225,Initial,22
08/04/2021,23,S11,SYM,52,5,Y32,D4,NLS,Yellow,ELEVATED,NOPLASTIC,LIGHT,STARVED,0.193,Initial,22
08/04/2021,24,S12,SYM,52,1,Y33,D4,NLS,Yellow,ELEVATED,NOPLASTIC,LIGHT,STARVED,0.206,Initial,22
08/04/2021,24,S12,SYM,52,9,Y34,D4,NLS,Yellow,ELEVATED,NOPLASTIC,LIGHT,STARVED,0.292,Initial,22
08/04/2021,21,S9,SYM,52,4,Y30,D4,NLS,Yellow,ELEVATED,NOPLASTIC,LIGHT,STARVED,0.426,Initial,15
08/02/2021,5,A1,APO,13,4,G85,E1,PDF,Green,ELEVATED,PLASTIC,DARK,FED,0.071,Initial,22
08/02/2021,5,A1,APO,13,12,G87,E1,PDF,Green,ELEVATED,PLASTIC,DARK,FED,0.271,Initial,22
08/02/2021,6,A2,APO,13,8,G88,E1,PDF,Green,ELEVATED,PLASTIC,DARK,FED,0.145,Initial,15
08/03/2021,7,A3,APO,13,2,G90,E1,PDF,Green,ELEVATED,PLASTIC,DARK,FED,0.108,Initial,22
08/03/2021,7,A3,APO,13,10,G92,E1,PDF,Green,ELEVATED,PLASTIC,DARK,FED,0.134,Initial,22
08/09/2021,43,S22,SYM,5,2,B1,E1,PDF,Green,ELEVATED,PLASTIC,DARK,FED,0.242,Initial,22
08/09/2021,46,S25,SYM,5,1,B2,E1,PDF,Green,ELEVATED,PLASTIC,DARK,FED,0.286,Initial,22
08/09/2021,48,S27,SYM,5,2,B3,E1,PDF,Green,ELEVATED,PLASTIC,DARK,FED,0.071,Initial,22
08/09/2021,49,S28,SYM,5,3,B4,E1,PDF,Green,ELEVATED,PLASTIC,DARK,FED,0.19,Initial,22
08/09/2021,50,S29,SYM,5,5,B5,E1,PDF,Green,ELEVATED,PLASTIC,DARK,FED,0.148,Initial,22
08/03/2021,11,A4,APO,29,5,B88,E2,PDF,Green,ELEVATED,PLASTIC,DARK,FED,0.078,Initial,8
08/03/2021,12,A5,APO,29,1,B90,E2,PDF,Green,ELEVATED,PLASTIC,DARK,FED,0.345,Initial,7
08/04/2021,12,A5,APO,29,9,B92,E2,PDF,Green,ELEVATED,PLASTIC,DARK,FED,0.21,Initial,22
08/04/2021,12,A5,APO,29,17,B93,E2,PDF,Green,ELEVATED,PLASTIC,DARK,FED,0.184,Initial,22
08/04/2021,14,A7,APO,29,1,B94,E2,PDF,Green,ELEVATED,PLASTIC,DARK,FED,0.109,Initial,22
08/03/2021,8,S4,SYM,21,5,B42,E2,PDF,Green,ELEVATED,PLASTIC,DARK,FED,0.209,Initial,15
08/03/2021,8,S4,SYM,21,12,B43,E2,PDF,Green,ELEVATED,PLASTIC,DARK,FED,0.164,Initial,22
08/03/2021,8,S4,SYM,21,21,B44,E2,PDF,Green,ELEVATED,PLASTIC,DARK,FED,0.176,Initial,22
08/03/2021,9,S5,SYM,21,6,B45,E2,PDF,Green,ELEVATED,PLASTIC,DARK,FED,0.283,Initial,8
08/03/2021,10,S6,SYM,21,7,B46,E2,PDF,Green,ELEVATED,PLASTIC,DARK,FED,0.113,Initial,22
08/04/2021,19,A10,APO,45,3,W84,E3,PDF,Green,ELEVATED,PLASTIC,DARK,FED,0.306,Initial,22
08/04/2021,20,A11,APO,45,1,W85,E3,PDF,Green,ELEVATED,PLASTIC,DARK,FED,0.092,Initial,22
08/04/2021,20,A11,APO,45,9,W87,E3,PDF,Green,ELEVATED,PLASTIC,DARK,FED,0.203,Initial,22
08/04/2021,20,A11,APO,45,17,W90,E3,PDF,Green,ELEVATED,PLASTIC,DARK,FED,0.02,Initial,7
08/04/2021,18,A9,APO,45,5,W83,E3,PDF,Green,ELEVATED,PLASTIC,DARK,FED,0.141,Initial,22
08/04/2021,16,S7,SYM,37,5,W38,E3,PDF,Green,ELEVATED,PLASTIC,DARK,FED,0.255,Initial,22
08/04/2021,16,S7,SYM,37,13,W39,E3,PDF,Green,ELEVATED,PLASTIC,DARK,FED,0.127,Initial,22
08/04/2021,16,S7,SYM,37,21,W40,E3,PDF,Green,ELEVATED,PLASTIC,DARK,FED,0.23,Initial,22
08/04/2021,16,S7,SYM,37,29,W41,E3,PDF,Green,ELEVATED,PLASTIC,DARK,FED,0.119,Initial,22
08/04/2021,16,S7,SYM,37,37,W42,E3,PDF,Green,ELEVATED,PLASTIC,DARK,FED,0.3,Initial,22
08/05/2021,26,A12,APO,61,5,Y79,E4,PDF,Green,ELEVATED,PLASTIC,DARK,FED,0.057,Initial,22
08/05/2021,26,A12,APO,61,13,Y80,E4,PDF,Green,ELEVATED,PLASTIC,DARK,FED,0.295,Initial,7
08/05/2021,27,A13,APO,61,3,Y82,E4,PDF,Green,ELEVATED,PLASTIC,DARK,FED,0.119,Initial,22
08/05/2021,27,A13,APO,61,11,Y83,E4,PDF,Green,ELEVATED,PLASTIC,DARK,FED,0.254,Initial,22
08/05/2021,27,A13,APO,61,18,Y84,E4,PDF,Green,ELEVATED,PLASTIC,DARK,FED,0.186,Initial,22
08/04/2021,22,S10,SYM,53,5,Y36,E4,PDF,Green,ELEVATED,PLASTIC,DARK,FED,0.163,Initial,22
08/04/2021,23,S11,SYM,53,6,Y37,E4,PDF,Green,ELEVATED,PLASTIC,DARK,FED,0.184,Initial,22
08/04/2021,24,S12,SYM,53,2,Y38,E4,PDF,Green,ELEVATED,PLASTIC,DARK,FED,0.157,Initial,22
08/04/2021,25,S13,SYM,53,1,Y39,E4,PDF,Green,ELEVATED,PLASTIC,DARK,FED,0.252,Initial,22
08/04/2021,21,S9,SYM,53,5,Y35,E4,PDF,Green,ELEVATED,PLASTIC,DARK,FED,0.137,Initial,22
08/02/2021,5,A1,APO,14,5,G93,F1,PLF,Green,ELEVATED,PLASTIC,LIGHT,FED,0.128,Initial,22
08/02/2021,6,A2,APO,14,1,G94,F1,PLF,Green,ELEVATED,PLASTIC,LIGHT,FED,0.078,Initial,8
08/02/2021,6,A2,APO,14,9,G95,F1,PLF,Green,ELEVATED,PLASTIC,LIGHT,FED,0.167,Initial,22
08/03/2021,7,A3,APO,14,3,G97,F1,PLF,Green,ELEVATED,PLASTIC,LIGHT,FED,0.174,Initial,22
08/03/2021,7,A3,APO,14,11,G98,F1,PLF,Green,ELEVATED,PLASTIC,LIGHT,FED,0.212,Initial,22
08/09/2021,43,S22,SYM,6,3,G44,F1,PLF,Green,ELEVATED,PLASTIC,LIGHT,FED,0.355,Initial,22
08/09/2021,46,S25,SYM,6,2,G45,F1,PLF,Green,ELEVATED,PLASTIC,LIGHT,FED,0.213,Initial,22
08/09/2021,48,S27,SYM,6,3,G46,F1,PLF,Green,ELEVATED,PLASTIC,LIGHT,FED,0.164,Initial,22
08/09/2021,49,S28,SYM,6,4,G47,F1,PLF,Green,ELEVATED,PLASTIC,LIGHT,FED,0.319,Initial,22
08/09/2021,50,S29,SYM,6,6,G48,F1,PLF,Green,ELEVATED,PLASTIC,LIGHT,FED,0.107,Initial,22
08/03/2021,11,A4,APO,30,6,W1,F2,PLF,Green,ELEVATED,PLASTIC,LIGHT,FED,0.095,Initial,5
08/03/2021,12,A5,APO,30,2,W2,F2,PLF,Green,ELEVATED,PLASTIC,LIGHT,FED,0.229,Initial,22
08/04/2021,12,A5,APO,30,10,B95,F2,PLF,Green,ELEVATED,PLASTIC,LIGHT,FED,0.102,Initial,7
08/04/2021,12,A5,APO,30,18,B97,F2,PLF,Green,ELEVATED,PLASTIC,LIGHT,FED,0.081,Initial,15
08/04/2021,14,A7,APO,30,2,B98,F2,PLF,Green,ELEVATED,PLASTIC,LIGHT,FED,0.223,Initial,7
08/31/2021,51,S30,SYM,22,1,B50,F2,PLF,Green,ELEVATED,PLASTIC,LIGHT,FED,0.226,Initial,22
08/31/2021,51,S30,SYM,22,8,B47,F2,PLF,Green,ELEVATED,PLASTIC,LIGHT,FED,0.161,Initial,22
08/03/2021,8,S4,SYM,22,13,B48,F2,PLF,Green,ELEVATED,PLASTIC,LIGHT,FED,0.196,Initial,8
08/03/2021,8,S4,SYM,22,22,B49,F2,PLF,Green,ELEVATED,PLASTIC,LIGHT,FED,0.147,Initial,22
08/03/2021,10,S6,SYM,22,8,B51,F2,PLF,Green,ELEVATED,PLASTIC,LIGHT,FED,0.086,Initial,15
08/04/2021,19,A10,APO,46,4,W93,F3,PLF,Green,ELEVATED,PLASTIC,LIGHT,FED,0.294,Initial,22
08/04/2021,20,A11,APO,46,2,W94,F3,PLF,Green,ELEVATED,PLASTIC,LIGHT,FED,0.08,Initial,22
08/04/2021,20,A11,APO,46,10,W95,F3,PLF,Green,ELEVATED,PLASTIC,LIGHT,FED,0.145,Initial,22
08/04/2021,20,A11,APO,46,18,W97,F3,PLF,Green,ELEVATED,PLASTIC,LIGHT,FED,0.208,Initial,6
08/04/2021,18,A9,APO,46,6,W92,F3,PLF,Green,ELEVATED,PLASTIC,LIGHT,FED,0.123,Initial,22
08/04/2021,16,S7,SYM,38,6,W43,F3,PLF,Green,ELEVATED,PLASTIC,LIGHT,FED,0.145,Initial,22
08/04/2021,16,S7,SYM,38,14,W44,F3,PLF,Green,ELEVATED,PLASTIC,LIGHT,FED,0.164,Initial,22
08/04/2021,16,S7,SYM,38,22,W45,F3,PLF,Green,ELEVATED,PLASTIC,LIGHT,FED,0.113,Initial,22
08/04/2021,16,S7,SYM,38,30,W46,F3,PLF,Green,ELEVATED,PLASTIC,LIGHT,FED,0.185,Initial,22
08/04/2021,17,S8,SYM,38,1,W47,F3,PLF,Green,ELEVATED,PLASTIC,LIGHT,FED,0.195,Initial,15
08/05/2021,26,A12,APO,62,6,Y85,F4,PLF,Green,ELEVATED,PLASTIC,LIGHT,FED,0.279,Initial,6
08/05/2021,26,A12,APO,62,14,Y87,F4,PLF,Green,ELEVATED,PLASTIC,LIGHT,FED,0.416,Initial,6
08/05/2021,27,A13,APO,62,4,Y88,F4,PLF,Green,ELEVATED,PLASTIC,LIGHT,FED,0.178,Initial,22
08/05/2021,27,A13,APO,62,19,Y92,F4,PLF,Green,ELEVATED,PLASTIC,LIGHT,FED,0.331,Initial,22
08/05/2021,27,A13,APO,62,20,Y93,F4,PLF,Green,ELEVATED,PLASTIC,LIGHT,FED,0.278,Initial,22
08/04/2021,22,S10,SYM,54,6,Y41,F4,PLF,Green,ELEVATED,PLASTIC,LIGHT,FED,0.359,Initial,22
08/04/2021,23,S11,SYM,54,7,Y42,F4,PLF,Green,ELEVATED,PLASTIC,LIGHT,FED,0.159,Initial,22
08/04/2021,24,S12,SYM,54,3,Y43,F4,PLF,Green,ELEVATED,PLASTIC,LIGHT,FED,0.245,Initial,22
08/04/2021,25,S13,SYM,54,2,Y44,F4,PLF,Green,ELEVATED,PLASTIC,LIGHT,FED,0.127,Initial,22
08/04/2021,21,S9,SYM,54,6,Y40,F4,PLF,Green,ELEVATED,PLASTIC,LIGHT,FED,0.104,Initial,8
08/02/2021,5,A1,APO,15,6,B7,G1,NDF,Blue,ELEVATED,NOPLASTIC,DARK,FED,0.154,Initial,22
08/02/2021,6,A2,APO,15,10,B10,G1,NDF,Blue,ELEVATED,NOPLASTIC,DARK,FED,0.177,Initial,8
08/31/2021,52,A25,APO,15,3,B8,G1,NDF,Blue,ELEVATED,NOPLASTIC,DARK,FED,0.084,Initial,8
08/03/2021,7,A3,APO,15,4,B11,G1,NDF,Blue,ELEVATED,NOPLASTIC,DARK,FED,0.299,Initial,15
08/03/2021,7,A3,APO,15,12,B12,G1,NDF,Blue,ELEVATED,NOPLASTIC,DARK,FED,0.196,Initial,15
08/09/2021,43,S22,SYM,7,4,G49,G1,NDF,Blue,ELEVATED,NOPLASTIC,DARK,FED,0.341,Initial,15
08/09/2021,46,S25,SYM,7,3,G50,G1,NDF,Blue,ELEVATED,NOPLASTIC,DARK,FED,0.356,Initial,15
08/09/2021,48,S27,SYM,7,4,G51,G1,NDF,Blue,ELEVATED,NOPLASTIC,DARK,FED,0.147,Initial,8
08/09/2021,49,S28,SYM,7,5,G52,G1,NDF,Blue,ELEVATED,NOPLASTIC,DARK,FED,0.193,Initial,22
08/09/2021,50,S29,SYM,7,7,G53,G1,NDF,Blue,ELEVATED,NOPLASTIC,DARK,FED,0.149,Initial,8
08/06/2021,36,A19,APO,96,2,O9975,G2,NDF,Blue,ELEVATED,NOPLASTIC,DARK,FED,0.22,Initial,8
08/06/2021,37,A20,APO,96,1,O7681,G2,NDF,Blue,ELEVATED,NOPLASTIC,DARK,FED,0.303,Initial,15
08/06/2021,38,A21,APO,96,1,O7096,G2,NDF,Blue,ELEVATED,NOPLASTIC,DARK,FED,0.186,Initial,15
08/06/2021,39,A22,APO,96,2,O9174,G2,NDF,Blue,ELEVATED,NOPLASTIC,DARK,FED,0.234,Initial,15
08/06/2021,41,A24,APO,96,2,O7398,G2,NDF,Blue,ELEVATED,NOPLASTIC,DARK,FED,0.13,Initial,22
08/03/2021,8,S4,SYM,23,7,B52,G2,NDF,Blue,ELEVATED,NOPLASTIC,DARK,FED,0.151,Initial,15
08/03/2021,8,S4,SYM,23,14,B53,G2,NDF,Blue,ELEVATED,NOPLASTIC,DARK,FED,0.262,Initial,15
08/03/2021,8,S4,SYM,23,23,B54,G2,NDF,Blue,ELEVATED,NOPLASTIC,DARK,FED,0.102,Initial,8
08/03/2021,10,S6,SYM,23,1,B55,G2,NDF,Blue,ELEVATED,NOPLASTIC,DARK,FED,0.143,Initial,15
08/03/2021,10,S6,SYM,23,9,B56,G2,NDF,Blue,ELEVATED,NOPLASTIC,DARK,FED,0.136,Initial,15
08/04/2021,19,A10,APO,47,5,Y1,G3,NDF,Blue,ELEVATED,NOPLASTIC,DARK,FED,0.208,Initial,22
08/04/2021,20,A11,APO,47,3,Y2,G3,NDF,Blue,ELEVATED,NOPLASTIC,DARK,FED,0.156,Initial,15
08/04/2021,20,A11,APO,47,11,Y3,G3,NDF,Blue,ELEVATED,NOPLASTIC,DARK,FED,0.193,Initial,15
08/04/2021,20,A11,APO,47,19,Y4,G3,NDF,Blue,ELEVATED,NOPLASTIC,DARK,FED,0.363,Initial,8
08/04/2021,18,A9,APO,47,7,W98,G3,NDF,Blue,ELEVATED,NOPLASTIC,DARK,FED,0.277,Initial,8
08/04/2021,16,S7,SYM,39,7,W48,G3,NDF,Blue,ELEVATED,NOPLASTIC,DARK,FED,0.103,Initial,22
08/04/2021,16,S7,SYM,39,15,W49,G3,NDF,Blue,ELEVATED,NOPLASTIC,DARK,FED,0.114,Initial,15
08/04/2021,16,S7,SYM,39,23,W50,G3,NDF,Blue,ELEVATED,NOPLASTIC,DARK,FED,0.242,Initial,8
08/04/2021,16,S7,SYM,39,31,W51,G3,NDF,Blue,ELEVATED,NOPLASTIC,DARK,FED,0.301,Initial,22
08/04/2021,17,S8,SYM,39,2,W52,G3,NDF,Blue,ELEVATED,NOPLASTIC,DARK,FED,0.211,Initial,22
08/05/2021,26,A12,APO,63,7,Y90,G4,NDF,Blue,ELEVATED,NOPLASTIC,DARK,FED,0.074,Initial,6
08/05/2021,26,A12,APO,63,15,Y94,G4,NDF,Blue,ELEVATED,NOPLASTIC,DARK,FED,0.152,Initial,6
08/05/2021,27,A13,APO,63,5,Y95,G4,NDF,Blue,ELEVATED,NOPLASTIC,DARK,FED,0.176,Initial,8
08/05/2021,27,A13,APO,63,12,Y97,G4,NDF,Blue,ELEVATED,NOPLASTIC,DARK,FED,0.389,Initial,8
08/05/2021,27,A13,APO,63,21,O26,G4,NDF,Blue,ELEVATED,NOPLASTIC,DARK,FED,0.21,Initial,8
08/04/2021,22,S10,SYM,55,7,Y46,G4,NDF,Blue,ELEVATED,NOPLASTIC,DARK,FED,0.303,Initial,8
08/04/2021,23,S11,SYM,55,8,Y47,G4,NDF,Blue,ELEVATED,NOPLASTIC,DARK,FED,0.165,Initial,15
08/04/2021,24,S12,SYM,55,4,Y48,G4,NDF,Blue,ELEVATED,NOPLASTIC,DARK,FED,0.281,Initial,22
08/04/2021,25,S13,SYM,55,3,Y49,G4,NDF,Blue,ELEVATED,NOPLASTIC,DARK,FED,0.142,Initial,15
08/04/2021,21,S9,SYM,55,7,Y45,G4,NDF,Blue,ELEVATED,NOPLASTIC,DARK,FED,0.277,Initial,8
08/09/2021,48,S27,SYM,8,5,G56,H1,NLF,Blue,ELEVATED,NOPLASTIC,LIGHT,FED,0.226,Initial,22
08/02/2021,5,A1,APO,16,7,B22,H1,NLF,Blue,ELEVATED,NOPLASTIC,LIGHT,FED,0.114,Initial,22
08/02/2021,6,A2,APO,16,3,B23,H1,NLF,Blue,ELEVATED,NOPLASTIC,LIGHT,FED,0.162,Initial,15
08/02/2021,6,A2,APO,16,11,B24,H1,NLF,Blue,ELEVATED,NOPLASTIC,LIGHT,FED,0.239,Initial,22
08/03/2021,7,A3,APO,16,5,B25,H1,NLF,Blue,ELEVATED,NOPLASTIC,LIGHT,FED,0.083,Initial,22
08/03/2021,7,A3,APO,16,13,B26,H1,NLF,Blue,ELEVATED,NOPLASTIC,LIGHT,FED,0.298,Initial,22
08/09/2021,44,S23,SYM,8,1,G54,H1,NLF,Blue,ELEVATED,NOPLASTIC,LIGHT,FED,0.267,Initial,22
08/09/2021,46,S25,SYM,8,4,G55,H1,NLF,Blue,ELEVATED,NOPLASTIC,LIGHT,FED,0.341,Initial,22
08/09/2021,49,S28,SYM,8,6,G57,H1,NLF,Blue,ELEVATED,NOPLASTIC,LIGHT,FED,0.125,Initial,15
08/09/2021,50,S29,SYM,8,8,G58,H1,NLF,Blue,ELEVATED,NOPLASTIC,LIGHT,FED,0.228,Initial,22
08/03/2021,8,S4,SYM,24,15,B57,H2,NLF,Blue,ELEVATED,NOPLASTIC,LIGHT,FED,0.202,Initial,22
08/03/2021,8,S4,SYM,24,16,B58,H2,NLF,Blue,ELEVATED,NOPLASTIC,LIGHT,FED,0.091,Initial,22
08/31/2021,52,A25,APO,32,10,W12,H2,NLF,Blue,ELEVATED,NOPLASTIC,LIGHT,FED,0.323,Initial,4
08/03/2021,11,A4,APO,32,8,W10,H2,NLF,Blue,ELEVATED,NOPLASTIC,LIGHT,FED,0.087,Initial,15
08/03/2021,12,A5,APO,32,4,W11,H2,NLF,Blue,ELEVATED,NOPLASTIC,LIGHT,FED,0.079,Initial,8
08/04/2021,13,A6,APO,32,1,W13,H2,NLF,Blue,ELEVATED,NOPLASTIC,LIGHT,FED,0.134,Initial,22
08/04/2021,15,A8,APO,32,1,W14,H2,NLF,Blue,ELEVATED,NOPLASTIC,LIGHT,FED,0.211,Initial,15
08/03/2021,9,S5,SYM,24,1,B59,H2,NLF,Blue,ELEVATED,NOPLASTIC,LIGHT,FED,0.177,Initial,22
08/03/2021,10,S6,SYM,24,2,B60,H2,NLF,Blue,ELEVATED,NOPLASTIC,LIGHT,FED,0.139,Initial,22
08/03/2021,10,S6,SYM,24,10,B62,H2,NLF,Blue,ELEVATED,NOPLASTIC,LIGHT,FED,0.074,Initial,22
08/04/2021,20,A11,APO,48,4,Y8,H3,NLF,Blue,ELEVATED,NOPLASTIC,LIGHT,FED,0.147,Initial,22
08/04/2021,20,A11,APO,48,12,Y10,H3,NLF,Blue,ELEVATED,NOPLASTIC,LIGHT,FED,0.109,Initial,8
08/04/2021,20,A11,APO,48,20,Y11,H3,NLF,Blue,ELEVATED,NOPLASTIC,LIGHT,FED,0.234,Initial,22
08/31/2021,52,A25,APO,48,7,Y7,H3,NLF,Blue,ELEVATED,NOPLASTIC,LIGHT,FED,0.394,Initial,4
08/04/2021,18,A9,APO,48,8,Y5,H3,NLF,Blue,ELEVATED,NOPLASTIC,LIGHT,FED,0.312,Initial,22
08/04/2021,16,S7,SYM,40,8,W53,H3,NLF,Blue,ELEVATED,NOPLASTIC,LIGHT,FED,0.208,Initial,22
08/04/2021,16,S7,SYM,40,16,W54,H3,NLF,Blue,ELEVATED,NOPLASTIC,LIGHT,FED,0.148,Initial,22
08/04/2021,16,S7,SYM,40,24,W55,H3,NLF,Blue,ELEVATED,NOPLASTIC,LIGHT,FED,0.285,Initial,22
08/04/2021,16,S7,SYM,40,32,W56,H3,NLF,Blue,ELEVATED,NOPLASTIC,LIGHT,FED,0.301,Initial,22
08/04/2021,17,S8,SYM,40,3,W57,H3,NLF,Blue,ELEVATED,NOPLASTIC,LIGHT,FED,0.251,Initial,22
08/05/2021,26,A12,APO,64,8,O27,H4,NLF,Blue,ELEVATED,NOPLASTIC,LIGHT,FED,0.442,Initial,22
08/05/2021,26,A12,APO,64,16,O29,H4,NLF,Blue,ELEVATED,NOPLASTIC,LIGHT,FED,0.178,Initial,22
08/05/2021,27,A13,APO,64,6,O30,H4,NLF,Blue,ELEVATED,NOPLASTIC,LIGHT,FED,0.178,Initial,8
08/05/2021,28,A14,APO,64,1,O32,H4,NLF,Blue,ELEVATED,NOPLASTIC,LIGHT,FED,0.332,Initial,5
08/31/2021,52,A25,APO,64,4,O31,H4,NLF,Blue,ELEVATED,NOPLASTIC,LIGHT,FED,0.335,Initial,8
08/04/2021,23,S11,SYM,56,1,Y51,H4,NLF,Blue,ELEVATED,NOPLASTIC,LIGHT,FED,0.103,Initial,22
08/04/2021,23,S11,SYM,56,9,Y52,H4,NLF,Blue,ELEVATED,NOPLASTIC,LIGHT,FED,0.176,Initial,15
08/04/2021,24,S12,SYM,56,5,Y53,H4,NLF,Blue,ELEVATED,NOPLASTIC,LIGHT,FED,0.328,Initial,22
08/04/2021,25,S13,SYM,56,4,Y54,H4,NLF,Blue,ELEVATED,NOPLASTIC,LIGHT,FED,0.234,Initial,15
08/04/2021,21,S9,SYM,56,8,Y50,H4,NLF,Blue,ELEVATED,NOPLASTIC,LIGHT,FED,0.273,Initial,8
08/05/2021,28,A14,APO,73,2,O77,Tray,control,Tray,AMBIENT,NOPLASTIC,LIGHT,FED,0.161,Initial,22
08/05/2021,28,A14,APO,74,3,O83,Tray,control,Tray,AMBIENT,NOPLASTIC,LIGHT,FED,0.163,Initial,22
08/05/2021,28,A14,APO,75,4,O89,Tray,control,Tray,AMBIENT,NOPLASTIC,LIGHT,FED,0.181,Initial,22
08/05/2021,28,A14,APO,76,5,O95,Tray,control,Tray,AMBIENT,NOPLASTIC,LIGHT,FED,0.194,Initial,22
08/05/2021,28,A14,APO,77,6,Y137,Tray,control,Tray,AMBIENT,NOPLASTIC,LIGHT,FED,0.325,Initial,22
08/05/2021,28,A14,APO,78,7,Y517,Tray,control,Tray,AMBIENT,NOPLASTIC,LIGHT,FED,0.452,Initial,22
08/05/2021,29,A15,APO,79,1,Y2223,Tray,control,Tray,AMBIENT,NOPLASTIC,LIGHT,FED,0.186,Initial,22
08/05/2021,29,A15,APO,80,2,Y4839,Tray,control,Tray,AMBIENT,NOPLASTIC,LIGHT,FED,0.146,Initial,22
08/05/2021,29,A15,APO,73,3,O78,Tray,control,Tray,AMBIENT,NOPLASTIC,LIGHT,FED,0.116,Initial,22
08/05/2021,29,A15,APO,74,4,O84,Tray,control,Tray,AMBIENT,NOPLASTIC,LIGHT,FED,0.378,Initial,22
08/05/2021,29,A15,APO,75,5,O90,Tray,control,Tray,AMBIENT,NOPLASTIC,LIGHT,FED,0.106,Initial,22
08/05/2021,29,A15,APO,77,7,Y914,Tray,control,Tray,AMBIENT,NOPLASTIC,LIGHT,FED,0.078,Initial,22
08/05/2021,29,A15,APO,78,8,Y1819,Tray,control,Tray,AMBIENT,NOPLASTIC,LIGHT,FED,0.251,Initial,22
08/05/2021,29,A15,APO,79,9,Y3635,Tray,control,Tray,AMBIENT,NOPLASTIC,LIGHT,FED,0.134,Initial,22
08/05/2021,29,A15,APO,80,10,Y5354,Tray,control,Tray,AMBIENT,NOPLASTIC,LIGHT,FED,0.159,Initial,22
08/05/2021,30,A16,APO,73,1,O79,Tray,control,Tray,AMBIENT,NOPLASTIC,LIGHT,FED,0.461,Initial,22
08/05/2021,30,A16,APO,74,2,O85,Tray,control,Tray,AMBIENT,NOPLASTIC,LIGHT,FED,0.257,Initial,22
08/05/2021,30,A16,APO,75,3,O92,Tray,control,Tray,AMBIENT,NOPLASTIC,LIGHT,FED,0.144,Initial,22
08/05/2021,30,A16,APO,76,4,O98,Tray,control,Tray,AMBIENT,NOPLASTIC,LIGHT,FED,0.456,Initial,22
08/05/2021,30,A16,APO,77,5,Y156,Tray,control,Tray,AMBIENT,NOPLASTIC,LIGHT,FED,0.185,Initial,22
08/05/2021,30,A16,APO,78,6,Y2820,Tray,control,Tray,AMBIENT,NOPLASTIC,LIGHT,FED,0.106,Initial,22
08/05/2021,30,A16,APO,79,7,Y3433,Tray,control,Tray,AMBIENT,NOPLASTIC,LIGHT,FED,0.392,Initial,22
08/05/2021,30,A16,APO,80,8,Y4350,Tray,control,Tray,AMBIENT,NOPLASTIC,LIGHT,FED,0.247,Initial,22
08/05/2021,30,A16,APO,73,9,O80,Tray,control,Tray,AMBIENT,NOPLASTIC,LIGHT,FED,0.132,Initial,22
08/05/2021,30,A16,APO,74,10,O87,Tray,control,Tray,AMBIENT,NOPLASTIC,LIGHT,FED,0.114,Initial,22
08/05/2021,30,A16,APO,75,11,O93,Tray,control,Tray,AMBIENT,NOPLASTIC,LIGHT,FED,0.33,Initial,22
08/05/2021,30,A16,APO,76,12,Y210,Tray,control,Tray,AMBIENT,NOPLASTIC,LIGHT,FED,0.547,Initial,22
08/05/2021,30,A16,APO,77,13,Y164,Tray,control,Tray,AMBIENT,NOPLASTIC,LIGHT,FED,0.41,Initial,22
08/05/2021,30,A16,APO,78,14,Y2129,Tray,control,Tray,AMBIENT,NOPLASTIC,LIGHT,FED,0.276,Initial,22
08/05/2021,30,A16,APO,79,15,Y3225,Tray,control,Tray,AMBIENT,NOPLASTIC,LIGHT,FED,0.11,Initial,22
08/05/2021,30,A16,APO,80,16,Y4451,Tray,control,Tray,AMBIENT,NOPLASTIC,LIGHT,FED,0.174,Initial,22
08/05/2021,30,A16,APO,73,17,O82,Tray,control,Tray,AMBIENT,NOPLASTIC,LIGHT,FED,0.13,Initial,22
08/05/2021,30,A16,APO,74,18,O88,Tray,control,Tray,AMBIENT,NOPLASTIC,LIGHT,FED,0.291,Initial,22
08/05/2021,30,A16,APO,75,19,O94,Tray,control,Tray,AMBIENT,NOPLASTIC,LIGHT,FED,0.248,Initial,22
08/05/2021,30,A16,APO,76,20,Y113,Tray,control,Tray,AMBIENT,NOPLASTIC,LIGHT,FED,0.19,Initial,22
08/05/2021,30,A16,APO,77,21,Y128,Tray,control,Tray,AMBIENT,NOPLASTIC,LIGHT,FED,0.353,Initial,22
08/05/2021,30,A17,APO,79,2,Y2437,Tray,control,Tray,AMBIENT,NOPLASTIC,LIGHT,FED,0.226,Initial,22
08/05/2021,30,A17,APO,80,3,Y4542,Tray,control,Tray,AMBIENT,NOPLASTIC,LIGHT,FED,0.405,Initial,22
08/05/2021,31,A17,APO,78,1,Y3130,Tray,control,Tray,AMBIENT,NOPLASTIC,LIGHT,FED,0.268,Initial,22
08/06/2021,35,A18,APO,89,1,B3998,Tray,control,Tray,AMBIENT,NOPLASTIC,LIGHT,FED,0.315,Initial,22
08/06/2021,35,A18,APO,90,2,G6961,Tray,control,Tray,AMBIENT,NOPLASTIC,LIGHT,FED,0.176,Initial,22
08/06/2021,35,A18,APO,91,3,G6166,Tray,control,Tray,AMBIENT,NOPLASTIC,LIGHT,FED,0.093,Initial,22
08/06/2021,35,A18,APO,92,4,G8171,Tray,control,Tray,AMBIENT,NOPLASTIC,LIGHT,FED,0.133,Initial,22
08/06/2021,35,A18,APO,93,5,G6642,Tray,control,Tray,AMBIENT,NOPLASTIC,LIGHT,FED,0.14,Initial,22
08/06/2021,35,A18,APO,94,6,O916,Tray,control,Tray,AMBIENT,NOPLASTIC,LIGHT,FED,0.364,Initial,22
08/06/2021,36,A19,APO,95,1,O646,Tray,control,Tray,AMBIENT,NOPLASTIC,LIGHT,FED,0.351,Initial,22
08/06/2021,36,A19,APO,89,3,B6947,Tray,control,Tray,AMBIENT,NOPLASTIC,LIGHT,FED,0.145,Initial,22
08/06/2021,36,A19,APO,90,4,G618,Tray,control,Tray,AMBIENT,NOPLASTIC,LIGHT,FED,0.167,Initial,22
08/06/2021,36,A19,APO,91,5,G1899,Tray,control,Tray,AMBIENT,NOPLASTIC,LIGHT,FED,0.174,Initial,22
08/06/2021,36,A19,APO,92,6,G8677,Tray,control,Tray,AMBIENT,NOPLASTIC,LIGHT,FED,0.594,Initial,22
08/06/2021,36,A19,APO,93,7,G8180,Tray,control,Tray,AMBIENT,NOPLASTIC,LIGHT,FED,0.164,Initial,22
08/06/2021,36,A19,APO,94,8,O6661,Tray,control,Tray,AMBIENT,NOPLASTIC,LIGHT,FED,0.262,Initial,22
08/06/2021,36,A19,APO,95,9,O1618,Tray,control,Tray,AMBIENT,NOPLASTIC,LIGHT,FED,0.6,Initial,22
08/06/2021,37,A20,APO,89,2,B6334,Tray,control,Tray,AMBIENT,NOPLASTIC,LIGHT,FED,0.158,Initial,22
08/06/2021,37,A20,APO,90,3,G681,Tray,control,Tray,AMBIENT,NOPLASTIC,LIGHT,FED,0.176,Initial,22
08/06/2021,37,A20,APO,91,4,G1991,Tray,control,Tray,AMBIENT,NOPLASTIC,LIGHT,FED,0.257,Initial,22
08/06/2021,37,A20,APO,92,5,G6775,Tray,control,Tray,AMBIENT,NOPLASTIC,LIGHT,FED,0.225,Initial,22
08/06/2021,37,A20,APO,93,6,G6991,Tray,control,Tray,AMBIENT,NOPLASTIC,LIGHT,FED,0.224,Initial,22
08/06/2021,37,A20,APO,94,7,O986,Tray,control,Tray,AMBIENT,NOPLASTIC,LIGHT,FED,0.306,Initial,22
08/06/2021,37,A20,APO,95,8,O6719,Tray,control,Tray,AMBIENT,NOPLASTIC,LIGHT,FED,0.244,Initial,22
08/06/2021,38,A21,APO,89,2,B9658,Tray,control,Tray,AMBIENT,NOPLASTIC,LIGHT,FED,0.187,Initial,22
08/06/2021,38,A21,APO,90,3,G9868,Tray,control,Tray,AMBIENT,NOPLASTIC,LIGHT,FED,0.093,Initial,22
08/06/2021,38,A21,APO,91,4,G9669,Tray,control,Tray,AMBIENT,NOPLASTIC,LIGHT,FED,0.433,Initial,22
08/06/2021,38,A21,APO,92,5,G7673,Tray,control,Tray,AMBIENT,NOPLASTIC,LIGHT,FED,0.252,Initial,22
08/06/2021,38,A21,APO,93,6,G9877,Tray,control,Tray,AMBIENT,NOPLASTIC,LIGHT,FED,0.137,Initial,22
08/06/2021,38,A21,APO,94,7,O1962,Tray,control,Tray,AMBIENT,NOPLASTIC,LIGHT,FED,0.042,Initial,22
08/06/2021,39,A22,APO,95,1,O6968,Tray,control,Tray,AMBIENT,NOPLASTIC,LIGHT,FED,0.255,Initial,22
08/06/2021,39,A22,APO,89,3,B3366,Tray,control,Tray,AMBIENT,NOPLASTIC,LIGHT,FED,0.266,Initial,22
08/06/2021,39,A22,APO,90,4,G9116,Tray,control,Tray,AMBIENT,NOPLASTIC,LIGHT,FED,0.281,Initial,22
08/06/2021,39,A22,APO,91,5,G8965,Tray,control,Tray,AMBIENT,NOPLASTIC,LIGHT,FED,0.24,Initial,22
08/06/2021,40,A23,APO,92,1,G7472,Tray,control,Tray,AMBIENT,NOPLASTIC,LIGHT,FED,0.453,Initial,22
08/06/2021,40,A23,APO,93,2,G4161,Tray,control,Tray,AMBIENT,NOPLASTIC,LIGHT,FED,0.194,Initial,22
08/06/2021,40,A23,APO,94,3,O9659,Tray,control,Tray,AMBIENT,NOPLASTIC,LIGHT,FED,0.217,Initial,22
08/06/2021,41,A24,APO,95,1,O6566,Tray,control,Tray,AMBIENT,NOPLASTIC,LIGHT,FED,0.261,Initial,22
08/31/2021,52,A25,APO,76,1,O97,Tray,control,Tray,AMBIENT,NOPLASTIC,LIGHT,FED,0.225,Initial,22
08/03/2021,11,A4,APO,31,7,W3,Tray,control,Tray,AMBIENT,NOPLASTIC,LIGHT,FED,0.175,Initial,22
08/03/2021,12,A5,APO,31,3,W4,Tray,control,Tray,AMBIENT,NOPLASTIC,LIGHT,FED,0.286,Initial,22
08/04/2021,12,A5,APO,31,11,W5,Tray,control,Tray,AMBIENT,NOPLASTIC,LIGHT,FED,0.209,Initial,22
08/04/2021,12,A5,APO,31,19,W7,Tray,control,Tray,AMBIENT,NOPLASTIC,LIGHT,FED,0.195,Initial,22
08/04/2021,14,A7,APO,31,3,W8,Tray,control,Tray,AMBIENT,NOPLASTIC,LIGHT,FED,0.257,Initial,22
08/05/2021,4,M1,SYM,72,9,O76,Tray,control,Tray,AMBIENT,NOPLASTIC,LIGHT,FED,0.08,Initial,22
08/05/2021,29,S14,SYM,65,1,O33,Tray,control,Tray,AMBIENT,NOPLASTIC,LIGHT,FED,0.132,Initial,22
08/05/2021,29,S14,SYM,66,2,O38,Tray,control,Tray,AMBIENT,NOPLASTIC,LIGHT,FED,0.149,Initial,22
08/05/2021,29,S14,SYM,67,3,O43,Tray,control,Tray,AMBIENT,NOPLASTIC,LIGHT,FED,0.182,Initial,22
08/05/2021,29,S14,SYM,68,4,O48,Tray,control,Tray,AMBIENT,NOPLASTIC,LIGHT,FED,0.297,Initial,22
08/05/2021,29,S14,SYM,69,5,O53,Tray,control,Tray,AMBIENT,NOPLASTIC,LIGHT,FED,0.231,Initial,22
08/05/2021,29,S14,SYM,70,6,O58,Tray,control,Tray,AMBIENT,NOPLASTIC,LIGHT,FED,0.337,Initial,22
08/05/2021,29,S14,SYM,71,7,O70,Tray,control,Tray,AMBIENT,NOPLASTIC,LIGHT,FED,0.173,Initial,22
08/05/2021,29,S14,SYM,72,8,O64,Tray,control,Tray,AMBIENT,NOPLASTIC,LIGHT,FED,0.076,Initial,22
08/05/2021,29,S14,SYM,65,9,O34,Tray,control,Tray,AMBIENT,NOPLASTIC,LIGHT,FED,0.274,Initial,22
08/05/2021,29,S14,SYM,66,10,O39,Tray,control,Tray,AMBIENT,NOPLASTIC,LIGHT,FED,0.302,Initial,22
08/05/2021,29,S14,SYM,68,12,O49,Tray,control,Tray,AMBIENT,NOPLASTIC,LIGHT,FED,0.11,Initial,22
08/05/2021,29,S14,SYM,69,13,O54,Tray,control,Tray,AMBIENT,NOPLASTIC,LIGHT,FED,0.492,Initial,22
08/05/2021,29,S14,SYM,70,14,O59,Tray,control,Tray,AMBIENT,NOPLASTIC,LIGHT,FED,0.4,Initial,22
08/05/2021,29,S14,SYM,71,15,O71,Tray,control,Tray,AMBIENT,NOPLASTIC,LIGHT,FED,0.095,Initial,22
08/05/2021,29,S14,SYM,72,16,O73,Tray,control,Tray,AMBIENT,NOPLASTIC,LIGHT,FED,0.077,Initial,22
08/05/2021,29,S14,SYM,65,17,O35,Tray,control,Tray,AMBIENT,NOPLASTIC,LIGHT,FED,0.315,Initial,22
08/05/2021,30,S15,SYM,66,1,O40,Tray,control,Tray,AMBIENT,NOPLASTIC,LIGHT,FED,0.186,Initial,22
08/05/2021,30,S15,SYM,67,2,O45,Tray,control,Tray,AMBIENT,NOPLASTIC,LIGHT,FED,0.2,Initial,22
08/05/2021,30,S15,SYM,69,4,O55,Tray,control,Tray,AMBIENT,NOPLASTIC,LIGHT,FED,0.244,Initial,22
08/05/2021,30,S15,SYM,70,5,O60,Tray,control,Tray,AMBIENT,NOPLASTIC,LIGHT,FED,0.198,Initial,22
08/05/2021,30,S15,SYM,71,6,O72,Tray,control,Tray,AMBIENT,NOPLASTIC,LIGHT,FED,0.164,Initial,22
08/05/2021,30,S15,SYM,72,7,O74,Tray,control,Tray,AMBIENT,NOPLASTIC,LIGHT,FED,0.13,Initial,22
08/05/2021,30,S15,SYM,65,8,O36,Tray,control,Tray,AMBIENT,NOPLASTIC,LIGHT,FED,0.104,Initial,22
08/05/2021,30,S15,SYM,66,9,O41,Tray,control,Tray,AMBIENT,NOPLASTIC,LIGHT,FED,0.155,Initial,22
08/05/2021,30,S15,SYM,67,10,O46,Tray,control,Tray,AMBIENT,NOPLASTIC,LIGHT,FED,0.138,Initial,22
08/05/2021,30,S15,SYM,68,11,O51,Tray,control,Tray,AMBIENT,NOPLASTIC,LIGHT,FED,0.165,Initial,22
08/05/2021,30,S15,SYM,69,12,O56,Tray,control,Tray,AMBIENT,NOPLASTIC,LIGHT,FED,0.229,Initial,22
08/05/2021,30,S15,SYM,70,13,O62,Tray,control,Tray,AMBIENT,NOPLASTIC,LIGHT,FED,0.157,Initial,22
08/05/2021,31,S16,SYM,65,3,O37,Tray,control,Tray,AMBIENT,NOPLASTIC,LIGHT,FED,0.11,Initial,22
08/05/2021,31,S16,SYM,66,4,O42,Tray,control,Tray,AMBIENT,NOPLASTIC,LIGHT,FED,0.1,Initial,22
08/05/2021,31,S16,SYM,67,5,O47,Tray,control,Tray,AMBIENT,NOPLASTIC,LIGHT,FED,0.062,Initial,22
08/05/2021,31,S16,SYM,68,6,O52,Tray,control,Tray,AMBIENT,NOPLASTIC,LIGHT,FED,0.254,Initial,22
08/05/2021,31,S16,SYM,69,7,O57,Tray,control,Tray,AMBIENT,NOPLASTIC,LIGHT,FED,0.349,Initial,22
08/05/2021,31,S16,SYM,70,8,O63,Tray,control,Tray,AMBIENT,NOPLASTIC,LIGHT,FED,0.374,Initial,22
08/05/2021,31,S16,SYM,71,1,O65,Tray,control,Tray,AMBIENT,NOPLASTIC,LIGHT,FED,0.228,Initial,22
08/05/2021,31,S16,SYM,71,9,O67,Tray,control,Tray,AMBIENT,NOPLASTIC,LIGHT,FED,0.26,Initial,22
08/06/2021,31,S17,SYM,81,1,Y4940,Tray,control,Tray,AMBIENT,NOPLASTIC,LIGHT,FED,0.12,Initial,22
08/06/2021,31,S17,SYM,82,2,Y7679,Tray,control,Tray,AMBIENT,NOPLASTIC,LIGHT,FED,0.131,Initial,22
08/06/2021,31,S17,SYM,83,3,Y7071,Tray,control,Tray,AMBIENT,NOPLASTIC,LIGHT,FED,0.23,Initial,22
08/06/2021,31,S17,SYM,84,4,Y9597,Tray,control,Tray,AMBIENT,NOPLASTIC,LIGHT,FED,0.192,Initial,22
08/06/2021,31,S17,SYM,85,5,Y6688,Tray,control,Tray,AMBIENT,NOPLASTIC,LIGHT,FED,0.254,Initial,22
08/06/2021,31,S17,SYM,86,6,B616,Tray,control,Tray,AMBIENT,NOPLASTIC,LIGHT,FED,0.308,Initial,22
08/06/2021,31,S17,SYM,87,7,B266,Tray,control,Tray,AMBIENT,NOPLASTIC,LIGHT,FED,0.35,Initial,22
08/06/2021,31,S17,SYM,88,8,B9940,Tray,control,Tray,AMBIENT,NOPLASTIC,LIGHT,FED,0.669,Initial,22
08/06/2021,31,S17,SYM,81,9,Y4738,Tray,control,Tray,AMBIENT,NOPLASTIC,LIGHT,FED,0.264,Initial,22
08/06/2021,31,S17,SYM,82,10,Y5281,Tray,control,Tray,AMBIENT,NOPLASTIC,LIGHT,FED,0.204,Initial,22
08/06/2021,31,S17,SYM,83,11,Y7409,Tray,control,Tray,AMBIENT,NOPLASTIC,LIGHT,FED,0.272,Initial,22
08/06/2021,32,S18,SYM,84,1,Y8794,Tray,control,Tray,AMBIENT,NOPLASTIC,LIGHT,FED,0.081,Initial,22
08/06/2021,32,S18,SYM,85,2,Y6806,Tray,control,Tray,AMBIENT,NOPLASTIC,LIGHT,FED,0.271,Initial,22
08/06/2021,32,S18,SYM,86,3,B189,Tray,control,Tray,AMBIENT,NOPLASTIC,LIGHT,FED,0.291,Initial,22
08/06/2021,32,S18,SYM,87,4,B233,Tray,control,Tray,AMBIENT,NOPLASTIC,LIGHT,FED,0.387,Initial,22
08/06/2021,32,S18,SYM,88,5,B2759,Tray,control,Tray,AMBIENT,NOPLASTIC,LIGHT,FED,0.391,Initial,22
08/06/2021,32,S18,SYM,81,6,Y5755,Tray,control,Tray,AMBIENT,NOPLASTIC,LIGHT,FED,0.139,Initial,22
08/06/2021,32,S18,SYM,82,7,Y6359,Tray,control,Tray,AMBIENT,NOPLASTIC,LIGHT,FED,0.202,Initial,22
08/06/2021,32,S18,SYM,83,8,Y6908,Tray,control,Tray,AMBIENT,NOPLASTIC,LIGHT,FED,0.258,Initial,22
08/06/2021,32,S18,SYM,84,9,Y9885,Tray,control,Tray,AMBIENT,NOPLASTIC,LIGHT,FED,0.104,Initial,22
08/06/2021,32,S18,SYM,85,10,Y9278,Tray,control,Tray,AMBIENT,NOPLASTIC,LIGHT,FED,0.271,Initial,22
08/06/2021,33,S19,SYM,86,1,B1938,Tray,control,Tray,AMBIENT,NOPLASTIC,LIGHT,FED,0.252,Initial,22
08/06/2021,33,S19,SYM,87,2,B919,Tray,control,Tray,AMBIENT,NOPLASTIC,LIGHT,FED,0.309,Initial,22
08/06/2021,33,S19,SYM,88,3,B6232,Tray,control,Tray,AMBIENT,NOPLASTIC,LIGHT,FED,0.217,Initial,22
08/06/2021,33,S19,SYM,81,4,Y6599,Tray,control,Tray,AMBIENT,NOPLASTIC,LIGHT,FED,0.215,Initial,22
08/06/2021,33,S19,SYM,82,5,Y6172,Tray,control,Tray,AMBIENT,NOPLASTIC,LIGHT,FED,0.28,Initial,22
08/06/2021,33,S19,SYM,83,6,Y6758,Tray,control,Tray,AMBIENT,NOPLASTIC,LIGHT,FED,0.309,Initial,22
08/06/2021,33,S19,SYM,84,7,Y8483,Tray,control,Tray,AMBIENT,NOPLASTIC,LIGHT,FED,0.418,Initial,22
08/06/2021,33,S19,SYM,85,8,Y615,Tray,control,Tray,AMBIENT,NOPLASTIC,LIGHT,FED,0.26,Initial,22
08/06/2021,33,S19,SYM,87,10,B820,Tray,control,Tray,AMBIENT,NOPLASTIC,LIGHT,FED,0.396,Initial,22
08/06/2021,33,S19,SYM,88,11,B5431,Tray,control,Tray,AMBIENT,NOPLASTIC,LIGHT,FED,0.17,Initial,22
08/06/2021,33,S19,SYM,81,12,Y4156,Tray,control,Tray,AMBIENT,NOPLASTIC,LIGHT,FED,0.157,Initial,22
08/06/2021,33,S19,SYM,82,13,Y8975,Tray,control,Tray,AMBIENT,NOPLASTIC,LIGHT,FED,0.354,Initial,22
08/06/2021,33,S19,SYM,83,14,Y7364,Tray,control,Tray,AMBIENT,NOPLASTIC,LIGHT,FED,0.533,Initial,22
08/06/2021,33,S19,SYM,84,15,Y8291,Tray,control,Tray,AMBIENT,NOPLASTIC,LIGHT,FED,0.302,Initial,22
08/06/2021,34,S20,SYM,85,1,Y9398,Tray,control,Tray,AMBIENT,NOPLASTIC,LIGHT,FED,0.106,Initial,22
08/06/2021,34,S20,SYM,86,2,B3941,Tray,control,Tray,AMBIENT,NOPLASTIC,LIGHT,FED,0.167,Initial,22
08/06/2021,34,S20,SYM,87,3,B1315,Tray,control,Tray,AMBIENT,NOPLASTIC,LIGHT,FED,0.33,Initial,22
08/06/2021,34,S20,SYM,88,4,B5628,Tray,control,Tray,AMBIENT,NOPLASTIC,LIGHT,FED,0.16,Initial,22
08/31/2021,51,S30,SYM,67,3,O44,Tray,control,Tray,AMBIENT,NOPLASTIC,LIGHT,FED,0.136,Initial,22
08/31/2021,51,S30,SYM,68,4,O50,Tray,control,Tray,AMBIENT,NOPLASTIC,LIGHT,FED,0.168,Initial,22
08/31/2021,51,S30,SYM,72,7,O75,Tray,control,Tray,AMBIENT,NOPLASTIC,LIGHT,FED,0.223,Initial,22
08/31/2021,51,S30,SYM,86,5,B4037,Tray,control,Tray,AMBIENT,NOPLASTIC,LIGHT,FED,0.283,Initial,22
08/02/2021,5,A1,APO,9,8,G60,A1,PDS,Orange,ELEVATED,PLASTIC,DARK,STARVED,0.149,Final,22
08/02/2021,6,A2,APO,9,4,G62,A1,PDS,Orange,ELEVATED,PLASTIC,DARK,STARVED,NA,Final,7
08/02/2021,6,A2,APO,9,12,G63,A1,PDS,Orange,ELEVATED,PLASTIC,DARK,STARVED,0.104,Final,22
08/03/2021,7,A3,APO,9,6,G64,A1,PDS,Orange,ELEVATED,PLASTIC,DARK,STARVED,0.161,Final,22
08/02/2021,4,M1,APO,9,8,G59,A1,PDS,Orange,ELEVATED,PLASTIC,DARK,STARVED,0.051,Final,22
08/09/2021,42,S21,SYM,1,1,G4,A1,PDS,Orange,ELEVATED,PLASTIC,DARK,STARVED,0.147,Final,22
08/09/2021,44,S23,SYM,1,2,G24,A1,PDS,Orange,ELEVATED,PLASTIC,DARK,STARVED,0.137,Final,22
08/09/2021,47,S26,SYM,1,1,G25,A1,PDS,Orange,ELEVATED,PLASTIC,DARK,STARVED,0.348,Final,22
08/09/2021,48,S27,SYM,1,6,G26,A1,PDS,Orange,ELEVATED,PLASTIC,DARK,STARVED,0.184,Final,22
08/09/2021,50,S29,SYM,1,1,G27,A1,PDS,Orange,ELEVATED,PLASTIC,DARK,STARVED,0.190,Final,22
08/03/2021,11,A4,APO,25,1,B63,A2,PDS,Orange,ELEVATED,PLASTIC,DARK,STARVED,0.150,Final,22
08/03/2021,11,A4,APO,25,9,B64,A2,PDS,Orange,ELEVATED,PLASTIC,DARK,STARVED,0.175,Final,22
08/03/2021,12,A5,APO,25,5,B65,A2,PDS,Orange,ELEVATED,PLASTIC,DARK,STARVED,0.267,Final,22
08/04/2021,12,A5,APO,25,13,B67,A2,PDS,Orange,ELEVATED,PLASTIC,DARK,STARVED,0.160,Final,22
08/04/2021,13,A6,APO,25,2,B70,A2,PDS,Orange,ELEVATED,PLASTIC,DARK,STARVED,0.110,Final,22
08/03/2021,8,S4,SYM,17,1,B13,A2,PDS,Orange,ELEVATED,PLASTIC,DARK,STARVED,0.033,Final,22
08/03/2021,9,S5,SYM,17,2,B20,A2,PDS,Orange,ELEVATED,PLASTIC,DARK,STARVED,0.101,Final,22
08/03/2021,10,S6,SYM,17,3,B21,A2,PDS,Orange,ELEVATED,PLASTIC,DARK,STARVED,0.038,Final,8
08/03/2021,8,S4,SYM,17,8,B14,A2,PDS,Orange,ELEVATED,PLASTIC,DARK,STARVED,0.089,Final,22
08/03/2021,8,S4,SYM,17,17,B15,A2,PDS,Orange,ELEVATED,PLASTIC,DARK,STARVED,0.236,Final,22
08/04/2021,19,A10,APO,41,7,W60,A3,PDS,Orange,ELEVATED,PLASTIC,DARK,STARVED,0.329,Final,22
08/04/2021,20,A11,APO,41,5,W62,A3,PDS,Orange,ELEVATED,PLASTIC,DARK,STARVED,0.285,Final,22
08/04/2021,20,A11,APO,41,13,W63,A3,PDS,Orange,ELEVATED,PLASTIC,DARK,STARVED,0.131,Final,15
08/04/2021,18,A9,APO,41,1,W58,A3,PDS,Orange,ELEVATED,PLASTIC,DARK,STARVED,0.150,Final,22
08/04/2021,18,A9,APO,41,9,W59,A3,PDS,Orange,ELEVATED,PLASTIC,DARK,STARVED,0.203,Final,22
08/31/2021,51,S30,SYM,33,11,W15,A3,PDS,Orange,ELEVATED,PLASTIC,DARK,STARVED,0.106,Final,22
08/04/2021,16,S7,SYM,33,9,W17,A3,PDS,Orange,ELEVATED,PLASTIC,DARK,STARVED,0.062,Final,8
08/04/2021,16,S7,SYM,33,17,W20,A3,PDS,Orange,ELEVATED,PLASTIC,DARK,STARVED,0.156,Final,22
08/04/2021,16,S7,SYM,33,25,W21,A3,PDS,Orange,ELEVATED,PLASTIC,DARK,STARVED,0.174,Final,22
08/04/2021,16,S7,SYM,33,33,W22,A3,PDS,Orange,ELEVATED,PLASTIC,DARK,STARVED,0.264,Final,22
08/05/2021,26,A12,APO,57,1,Y55,A4,PDS,Orange,ELEVATED,PLASTIC,DARK,STARVED,0.098,Final,8
08/05/2021,26,A12,APO,57,17,Y57,A4,PDS,Orange,ELEVATED,PLASTIC,DARK,STARVED,0.177,Final,8
08/05/2021,27,A13,APO,57,7,Y58,A4,PDS,Orange,ELEVATED,PLASTIC,DARK,STARVED,0.183,Final,22
08/05/2021,27,A13,APO,57,14,Y59,A4,PDS,Orange,ELEVATED,PLASTIC,DARK,STARVED,0.148,Final,22
08/31/2021,52,A25,APO,57,2,Y56,A4,PDS,Orange,ELEVATED,PLASTIC,DARK,STARVED,0.269,Final,22
08/04/2021,22,S10,SYM,49,1,Y13,A4,PDS,Orange,ELEVATED,PLASTIC,DARK,STARVED,0.148,Final,8
08/04/2021,23,S11,SYM,49,2,Y14,A4,PDS,Orange,ELEVATED,PLASTIC,DARK,STARVED,0.131,Final,8
08/04/2021,23,S11,SYM,49,10,Y15,A4,PDS,Orange,ELEVATED,PLASTIC,DARK,STARVED,0.129,Final,22
08/04/2021,24,S12,SYM,49,6,Y17,A4,PDS,Orange,ELEVATED,PLASTIC,DARK,STARVED,0.196,Final,22
08/04/2021,21,S9,SYM,49,1,Y12,A4,PDS,Orange,ELEVATED,PLASTIC,DARK,STARVED,0.186,Final,8
08/02/2021,5,A1,APO,10,1,G65,B1,PLS,Orange,ELEVATED,PLASTIC,LIGHT,STARVED,0.232,Final,22
08/02/2021,5,A1,APO,10,9,G67,B1,PLS,Orange,ELEVATED,PLASTIC,LIGHT,STARVED,0.258,Final,22
08/02/2021,6,A2,APO,10,5,G70,B1,PLS,Orange,ELEVATED,PLASTIC,LIGHT,STARVED,0.216,Final,22
08/03/2021,6,A2,APO,10,13,G71,B1,PLS,Orange,ELEVATED,PLASTIC,LIGHT,STARVED,0.165,Final,22
08/03/2021,7,A3,APO,10,7,G73,B1,PLS,Orange,ELEVATED,PLASTIC,LIGHT,STARVED,0.112,Final,22
08/09/2021,42,S21,SYM,2,2,G28,B1,PLS,Orange,ELEVATED,PLASTIC,LIGHT,STARVED,0.272,Final,22
08/09/2021,45,S24,SYM,2,1,G29,B1,PLS,Orange,ELEVATED,PLASTIC,LIGHT,STARVED,0.185,Final,22
08/09/2021,47,S26,SYM,2,2,G30,B1,PLS,Orange,ELEVATED,PLASTIC,LIGHT,STARVED,0.284,Final,22
08/09/2021,50,S29,SYM,2,2,G32,B1,PLS,Orange,ELEVATED,PLASTIC,LIGHT,STARVED,0.099,Final,22
08/09/2021,48,S27,SYM,2,7,G31,B1,PLS,Orange,ELEVATED,PLASTIC,LIGHT,STARVED,0.229,Final,22
08/03/2021,8,S4,SYM,18,2,B28,B2,PLS,Orange,ELEVATED,PLASTIC,LIGHT,STARVED,0.147,Final,22
08/03/2021,11,A4,APO,26,2,B71,B2,PLS,Orange,ELEVATED,PLASTIC,LIGHT,STARVED,0.190,Final,8
08/03/2021,11,A4,APO,26,10,B72,B2,PLS,Orange,ELEVATED,PLASTIC,LIGHT,STARVED,0.088,Final,8
08/03/2021,12,A5,APO,26,6,B73,B2,PLS,Orange,ELEVATED,PLASTIC,LIGHT,STARVED,0.406,Final,22
08/04/2021,12,A5,APO,26,14,B74,B2,PLS,Orange,ELEVATED,PLASTIC,LIGHT,STARVED,0.127,Final,22
08/04/2021,13,A6,APO,26,3,B75,B2,PLS,Orange,ELEVATED,PLASTIC,LIGHT,STARVED,0.111,Final,22
08/03/2021,9,S5,SYM,18,3,B30,B2,PLS,Orange,ELEVATED,PLASTIC,LIGHT,STARVED,0.098,Final,22
08/03/2021,10,S6,SYM,18,4,B31,B2,PLS,Orange,ELEVATED,PLASTIC,LIGHT,STARVED,0.107,Final,22
08/03/2021,8,S4,SYM,18,9,B29,B2,PLS,Orange,ELEVATED,PLASTIC,LIGHT,STARVED,NA,Final,8
08/03/2021,8,S4,SYM,18,18,B27,B2,PLS,Orange,ELEVATED,PLASTIC,LIGHT,STARVED,0.169,Final,22
08/04/2021,19,A10,APO,42,8,W67,B3,PLS,Orange,ELEVATED,PLASTIC,LIGHT,STARVED,0.158,Final,22
08/04/2021,20,A11,APO,42,6,W70,B3,PLS,Orange,ELEVATED,PLASTIC,LIGHT,STARVED,0.192,Final,8
08/04/2021,20,A11,APO,42,14,W71,B3,PLS,Orange,ELEVATED,PLASTIC,LIGHT,STARVED,0.154,Final,22
08/04/2021,18,A9,APO,42,2,W64,B3,PLS,Orange,ELEVATED,PLASTIC,LIGHT,STARVED,0.161,Final,22
08/04/2021,18,A9,APO,42,10,W65,B3,PLS,Orange,ELEVATED,PLASTIC,LIGHT,STARVED,0.204,Final,22
08/04/2021,16,S7,SYM,34,2,W23,B3,PLS,Orange,ELEVATED,PLASTIC,LIGHT,STARVED,0.120,Final,22
08/04/2021,16,S7,SYM,34,10,W24,B3,PLS,Orange,ELEVATED,PLASTIC,LIGHT,STARVED,0.242,Final,22
08/04/2021,16,S7,SYM,34,18,W25,B3,PLS,Orange,ELEVATED,PLASTIC,LIGHT,STARVED,0.173,Final,22
08/04/2021,16,S7,SYM,34,26,W26,B3,PLS,Orange,ELEVATED,PLASTIC,LIGHT,STARVED,0.215,Final,15
08/04/2021,16,S7,SYM,34,34,W27,B3,PLS,Orange,ELEVATED,PLASTIC,LIGHT,STARVED,0.229,Final,22
08/05/2021,26,A12,APO,58,2,Y60,B4,PLS,Orange,ELEVATED,PLASTIC,LIGHT,STARVED,0.133,Final,22
08/05/2021,26,A12,APO,58,10,Y62,B4,PLS,Orange,ELEVATED,PLASTIC,LIGHT,STARVED,0.305,Final,8
08/05/2021,26,A12,APO,58,18,Y63,B4,PLS,Orange,ELEVATED,PLASTIC,LIGHT,STARVED,0.270,Final,8
08/05/2021,27,A13,APO,58,8,Y64,B4,PLS,Orange,ELEVATED,PLASTIC,LIGHT,STARVED,0.131,Final,22
08/05/2021,27,A13,APO,58,15,Y65,B4,PLS,Orange,ELEVATED,PLASTIC,LIGHT,STARVED,0.115,Final,22
08/04/2021,22,S10,SYM,50,2,Y21,B4,PLS,Orange,ELEVATED,PLASTIC,LIGHT,STARVED,0.108,Final,15
08/04/2021,23,S11,SYM,50,3,Y22,B4,PLS,Orange,ELEVATED,PLASTIC,LIGHT,STARVED,0.149,Final,22
08/04/2021,23,S11,SYM,50,11,Y23,B4,PLS,Orange,ELEVATED,PLASTIC,LIGHT,STARVED,0.151,Final,22
08/04/2021,24,S12,SYM,50,7,Y24,B4,PLS,Orange,ELEVATED,PLASTIC,LIGHT,STARVED,0.096,Final,22
08/04/2021,21,S9,SYM,50,2,Y20,B4,PLS,Orange,ELEVATED,PLASTIC,LIGHT,STARVED,NA,Final,8
08/02/2021,5,A1,APO,11,2,G74,C1,NDS,Yellow,ELEVATED,NOPLASTIC,DARK,STARVED,NA,Final,8
08/02/2021,5,A1,APO,11,10,G75,C1,NDS,Yellow,ELEVATED,NOPLASTIC,DARK,STARVED,0.201,Final,22
08/02/2021,6,A2,APO,11,6,G76,C1,NDS,Yellow,ELEVATED,NOPLASTIC,DARK,STARVED,0.074,Final,22
08/03/2021,6,A2,APO,11,14,G77,C1,NDS,Yellow,ELEVATED,NOPLASTIC,DARK,STARVED,0.207,Final,22
08/03/2021,7,A3,APO,11,8,G78,C1,NDS,Yellow,ELEVATED,NOPLASTIC,DARK,STARVED,0.136,Final,22
08/09/2021,42,S21,SYM,3,3,G33,C1,NDS,Yellow,ELEVATED,NOPLASTIC,DARK,STARVED,0.420,Final,22
08/09/2021,45,S24,SYM,3,2,G34,C1,NDS,Yellow,ELEVATED,NOPLASTIC,DARK,STARVED,0.214,Final,8
08/09/2021,47,S26,SYM,3,3,G35,C1,NDS,Yellow,ELEVATED,NOPLASTIC,DARK,STARVED,0.152,Final,22
08/09/2021,49,S28,SYM,3,1,G37,C1,NDS,Yellow,ELEVATED,NOPLASTIC,DARK,STARVED,0.201,Final,22
08/09/2021,50,S29,SYM,3,3,G38,C1,NDS,Yellow,ELEVATED,NOPLASTIC,DARK,STARVED,0.165,Final,22
08/03/2021,8,S4,SYM,19,3,B32,C2,NDS,Yellow,ELEVATED,NOPLASTIC,DARK,STARVED,NA,Final,8
08/31/2021,52,A25,APO,27,6,B76,C2,NDS,Yellow,ELEVATED,NOPLASTIC,DARK,STARVED,0.240,Final,22
08/03/2021,11,A4,APO,27,11,B77,C2,NDS,Yellow,ELEVATED,NOPLASTIC,DARK,STARVED,0.172,Final,22
08/04/2021,12,A5,APO,27,7,B78,C2,NDS,Yellow,ELEVATED,NOPLASTIC,DARK,STARVED,NA,Final,8
08/04/2021,12,A5,APO,27,15,B79,C2,NDS,Yellow,ELEVATED,NOPLASTIC,DARK,STARVED,0.149,Final,22
08/04/2021,13,A6,APO,27,4,B80,C2,NDS,Yellow,ELEVATED,NOPLASTIC,DARK,STARVED,0.194,Final,22
08/31/2021,51,S30,SYM,19,2,B34,C2,NDS,Yellow,ELEVATED,NOPLASTIC,DARK,STARVED,0.056,Final,22
08/03/2021,9,S5,SYM,19,4,B35,C2,NDS,Yellow,ELEVATED,NOPLASTIC,DARK,STARVED,0.177,Final,22
08/03/2021,10,S6,SYM,19,5,B36,C2,NDS,Yellow,ELEVATED,NOPLASTIC,DARK,STARVED,0.146,Final,22
08/03/2021,8,S4,SYM,19,10,B33,C2,NDS,Yellow,ELEVATED,NOPLASTIC,DARK,STARVED,0.183,Final,22
08/04/2021,19,A10,APO,43,1,W73,C3,NDS,Yellow,ELEVATED,NOPLASTIC,DARK,STARVED,0.129,Final,22
08/04/2021,19,A10,APO,43,9,W74,C3,NDS,Yellow,ELEVATED,NOPLASTIC,DARK,STARVED,0.151,Final,22
08/04/2021,20,A11,APO,43,7,W75,C3,NDS,Yellow,ELEVATED,NOPLASTIC,DARK,STARVED,0.097,Final,22
08/04/2021,20,A11,APO,43,15,W76,C3,NDS,Yellow,ELEVATED,NOPLASTIC,DARK,STARVED,0.197,Final,22
08/04/2021,18,A9,APO,43,3,W72,C3,NDS,Yellow,ELEVATED,NOPLASTIC,DARK,STARVED,0.261,Final,22
08/04/2021,16,S7,SYM,35,3,W28,C3,NDS,Yellow,ELEVATED,NOPLASTIC,DARK,STARVED,0.179,Final,22
08/04/2021,16,S7,SYM,35,11,W29,C3,NDS,Yellow,ELEVATED,NOPLASTIC,DARK,STARVED,0.250,Final,22
08/04/2021,16,S7,SYM,35,19,W30,C3,NDS,Yellow,ELEVATED,NOPLASTIC,DARK,STARVED,0.135,Final,22
08/04/2021,16,S7,SYM,35,27,W31,C3,NDS,Yellow,ELEVATED,NOPLASTIC,DARK,STARVED,0.177,Final,22
08/04/2021,16,S7,SYM,35,35,W32,C3,NDS,Yellow,ELEVATED,NOPLASTIC,DARK,STARVED,0.192,Final,22
08/05/2021,26,A12,APO,59,3,Y67,C4,NDS,Yellow,ELEVATED,NOPLASTIC,DARK,STARVED,0.153,Final,22
08/05/2021,26,A12,APO,59,11,Y70,C4,NDS,Yellow,ELEVATED,NOPLASTIC,DARK,STARVED,0.173,Final,22
08/05/2021,27,A13,APO,59,1,Y71,C4,NDS,Yellow,ELEVATED,NOPLASTIC,DARK,STARVED,0.178,Final,22
08/05/2021,27,A13,APO,59,9,Y72,C4,NDS,Yellow,ELEVATED,NOPLASTIC,DARK,STARVED,0.108,Final,22
08/05/2021,27,A13,APO,59,16,Y73,C4,NDS,Yellow,ELEVATED,NOPLASTIC,DARK,STARVED,0.232,Final,22
08/04/2021,22,S10,SYM,51,3,Y26,C4,NDS,Yellow,ELEVATED,NOPLASTIC,DARK,STARVED,0.151,Final,22
08/04/2021,23,S11,SYM,51,4,Y27,C4,NDS,Yellow,ELEVATED,NOPLASTIC,DARK,STARVED,0.134,Final,22
08/04/2021,23,S11,SYM,51,12,Y28,C4,NDS,Yellow,ELEVATED,NOPLASTIC,DARK,STARVED,0.154,Final,22
08/04/2021,24,S12,SYM,51,8,Y29,C4,NDS,Yellow,ELEVATED,NOPLASTIC,DARK,STARVED,0.130,Final,22
08/04/2021,21,S9,SYM,51,3,Y25,C4,NDS,Yellow,ELEVATED,NOPLASTIC,DARK,STARVED,0.372,Final,22
08/09/2021,48,S27,SYM,4,1,G41,D1,NLS,Yellow,ELEVATED,NOPLASTIC,LIGHT,STARVED,0.061,Final,22
08/02/2021,5,A1,APO,12,3,G79,D1,NLS,Yellow,ELEVATED,NOPLASTIC,LIGHT,STARVED,0.165,Final,22
08/02/2021,5,A1,APO,12,11,G80,D1,NLS,Yellow,ELEVATED,NOPLASTIC,LIGHT,STARVED,0.218,Final,22
08/02/2021,6,A2,APO,12,7,G82,D1,NLS,Yellow,ELEVATED,NOPLASTIC,LIGHT,STARVED,NA,Final,8
08/03/2021,7,A3,APO,12,1,G83,D1,NLS,Yellow,ELEVATED,NOPLASTIC,LIGHT,STARVED,0.200,Final,22
08/03/2021,7,A3,APO,12,9,G84,D1,NLS,Yellow,ELEVATED,NOPLASTIC,LIGHT,STARVED,0.279,Final,22
08/09/2021,43,S22,SYM,4,1,G39,D1,NLS,Yellow,ELEVATED,NOPLASTIC,LIGHT,STARVED,0.076,Final,22
08/09/2021,45,S24,SYM,4,3,G40,D1,NLS,Yellow,ELEVATED,NOPLASTIC,LIGHT,STARVED,0.347,Final,22
08/09/2021,49,S28,SYM,4,2,G42,D1,NLS,Yellow,ELEVATED,NOPLASTIC,LIGHT,STARVED,0.175,Final,22
08/09/2021,50,S29,SYM,4,4,G43,D1,NLS,Yellow,ELEVATED,NOPLASTIC,LIGHT,STARVED,0.184,Final,22
08/03/2021,8,S4,SYM,20,4,B37,D2,NLS,Yellow,ELEVATED,NOPLASTIC,LIGHT,STARVED,0.052,Final,22
08/03/2021,11,A4,APO,28,4,B82,D2,NLS,Yellow,ELEVATED,NOPLASTIC,LIGHT,STARVED,0.140,Final,22
08/03/2021,11,A4,APO,28,12,B83,D2,NLS,Yellow,ELEVATED,NOPLASTIC,LIGHT,STARVED,0.137,Final,22
08/04/2021,12,A5,APO,28,8,B84,D2,NLS,Yellow,ELEVATED,NOPLASTIC,LIGHT,STARVED,0.198,Final,22
08/04/2021,12,A5,APO,28,16,B85,D2,NLS,Yellow,ELEVATED,NOPLASTIC,LIGHT,STARVED,0.124,Final,22
08/04/2021,13,A6,APO,28,5,B87,D2,NLS,Yellow,ELEVATED,NOPLASTIC,LIGHT,STARVED,0.201,Final,22
08/03/2021,8,S4,SYM,20,11,B38,D2,NLS,Yellow,ELEVATED,NOPLASTIC,LIGHT,STARVED,0.172,Final,22
08/03/2021,9,S5,SYM,20,5,B40,D2,NLS,Yellow,ELEVATED,NOPLASTIC,LIGHT,STARVED,0.105,Final,22
08/03/2021,10,S6,SYM,20,6,B41,D2,NLS,Yellow,ELEVATED,NOPLASTIC,LIGHT,STARVED,0.309,Final,22
08/03/2021,8,S4,SYM,20,20,B39,D2,NLS,Yellow,ELEVATED,NOPLASTIC,LIGHT,STARVED,0.139,Final,22
08/04/2021,19,A10,APO,44,2,W78,D3,NLS,Yellow,ELEVATED,NOPLASTIC,LIGHT,STARVED,0.225,Final,22
08/04/2021,19,A10,APO,44,10,W79,D3,NLS,Yellow,ELEVATED,NOPLASTIC,LIGHT,STARVED,NA,Final,8
08/04/2021,20,A11,APO,44,8,W80,D3,NLS,Yellow,ELEVATED,NOPLASTIC,LIGHT,STARVED,0.126,Final,22
08/04/2021,20,A11,APO,44,16,W82,D3,NLS,Yellow,ELEVATED,NOPLASTIC,LIGHT,STARVED,0.140,Final,22
08/04/2021,18,A9,APO,44,4,W77,D3,NLS,Yellow,ELEVATED,NOPLASTIC,LIGHT,STARVED,0.073,Final,22
08/31/2021,51,S30,SYM,36,6,W35,D3,NLS,Yellow,ELEVATED,NOPLASTIC,LIGHT,STARVED,0.127,Final,22
08/04/2021,16,S7,SYM,36,4,W33,D3,NLS,Yellow,ELEVATED,NOPLASTIC,LIGHT,STARVED,0.137,Final,22
08/04/2021,16,S7,SYM,36,12,W34,D3,NLS,Yellow,ELEVATED,NOPLASTIC,LIGHT,STARVED,0.115,Final,22
08/04/2021,16,S7,SYM,36,28,W36,D3,NLS,Yellow,ELEVATED,NOPLASTIC,LIGHT,STARVED,0.121,Final,22
08/04/2021,16,S7,SYM,36,36,W37,D3,NLS,Yellow,ELEVATED,NOPLASTIC,LIGHT,STARVED,0.194,Final,22
08/05/2021,26,A12,APO,60,4,Y74,D4,NLS,Yellow,ELEVATED,NOPLASTIC,LIGHT,STARVED,0.151,Final,22
08/05/2021,26,A12,APO,60,12,Y75,D4,NLS,Yellow,ELEVATED,NOPLASTIC,LIGHT,STARVED,0.138,Final,22
08/05/2021,27,A13,APO,60,2,Y76,D4,NLS,Yellow,ELEVATED,NOPLASTIC,LIGHT,STARVED,0.192,Final,22
08/05/2021,27,A13,APO,60,10,Y77,D4,NLS,Yellow,ELEVATED,NOPLASTIC,LIGHT,STARVED,0.099,Final,22
08/05/2021,27,A13,APO,60,17,Y78,D4,NLS,Yellow,ELEVATED,NOPLASTIC,LIGHT,STARVED,0.247,Final,22
08/04/2021,22,S10,SYM,52,4,Y31,D4,NLS,Yellow,ELEVATED,NOPLASTIC,LIGHT,STARVED,0.229,Final,22
08/04/2021,23,S11,SYM,52,5,Y32,D4,NLS,Yellow,ELEVATED,NOPLASTIC,LIGHT,STARVED,0.194,Final,22
08/04/2021,24,S12,SYM,52,1,Y33,D4,NLS,Yellow,ELEVATED,NOPLASTIC,LIGHT,STARVED,0.198,Final,22
08/04/2021,24,S12,SYM,52,9,Y34,D4,NLS,Yellow,ELEVATED,NOPLASTIC,LIGHT,STARVED,0.270,Final,22
08/04/2021,21,S9,SYM,52,4,Y30,D4,NLS,Yellow,ELEVATED,NOPLASTIC,LIGHT,STARVED,0.386,Final,15
08/02/2021,5,A1,APO,13,4,G85,E1,PDF,Green,ELEVATED,PLASTIC,DARK,FED,0.040,Final,22
08/02/2021,5,A1,APO,13,12,G87,E1,PDF,Green,ELEVATED,PLASTIC,DARK,FED,0.244,Final,22
08/02/2021,6,A2,APO,13,8,G88,E1,PDF,Green,ELEVATED,PLASTIC,DARK,FED,0.124,Final,15
08/03/2021,7,A3,APO,13,2,G90,E1,PDF,Green,ELEVATED,PLASTIC,DARK,FED,0.097,Final,22
08/03/2021,7,A3,APO,13,10,G92,E1,PDF,Green,ELEVATED,PLASTIC,DARK,FED,0.119,Final,22
08/09/2021,43,S22,SYM,5,2,B1,E1,PDF,Green,ELEVATED,PLASTIC,DARK,FED,0.241,Final,22
08/09/2021,46,S25,SYM,5,1,B2,E1,PDF,Green,ELEVATED,PLASTIC,DARK,FED,0.261,Final,22
08/09/2021,48,S27,SYM,5,2,B3,E1,PDF,Green,ELEVATED,PLASTIC,DARK,FED,0.049,Final,22
08/09/2021,49,S28,SYM,5,3,B4,E1,PDF,Green,ELEVATED,PLASTIC,DARK,FED,0.175,Final,22
08/09/2021,50,S29,SYM,5,5,B5,E1,PDF,Green,ELEVATED,PLASTIC,DARK,FED,0.108,Final,22
08/03/2021,11,A4,APO,29,5,B88,E2,PDF,Green,ELEVATED,PLASTIC,DARK,FED,0.074,Final,8
08/03/2021,12,A5,APO,29,1,B90,E2,PDF,Green,ELEVATED,PLASTIC,DARK,FED,NA,Final,7
08/04/2021,12,A5,APO,29,9,B92,E2,PDF,Green,ELEVATED,PLASTIC,DARK,FED,0.188,Final,22
08/04/2021,12,A5,APO,29,17,B93,E2,PDF,Green,ELEVATED,PLASTIC,DARK,FED,0.158,Final,22
08/04/2021,14,A7,APO,29,1,B94,E2,PDF,Green,ELEVATED,PLASTIC,DARK,FED,0.096,Final,22
08/03/2021,8,S4,SYM,21,5,B42,E2,PDF,Green,ELEVATED,PLASTIC,DARK,FED,0.194,Final,15
08/03/2021,8,S4,SYM,21,12,B43,E2,PDF,Green,ELEVATED,PLASTIC,DARK,FED,0.149,Final,22
08/03/2021,8,S4,SYM,21,21,B44,E2,PDF,Green,ELEVATED,PLASTIC,DARK,FED,0.169,Final,22
08/03/2021,9,S5,SYM,21,6,B45,E2,PDF,Green,ELEVATED,PLASTIC,DARK,FED,NA,Final,8
08/03/2021,10,S6,SYM,21,7,B46,E2,PDF,Green,ELEVATED,PLASTIC,DARK,FED,0.098,Final,22
08/04/2021,19,A10,APO,45,3,W84,E3,PDF,Green,ELEVATED,PLASTIC,DARK,FED,0.295,Final,22
08/04/2021,20,A11,APO,45,1,W85,E3,PDF,Green,ELEVATED,PLASTIC,DARK,FED,0.151,Final,22
08/04/2021,20,A11,APO,45,9,W87,E3,PDF,Green,ELEVATED,PLASTIC,DARK,FED,0.066,Final,22
08/04/2021,20,A11,APO,45,17,W90,E3,PDF,Green,ELEVATED,PLASTIC,DARK,FED,NA,Final,7
08/04/2021,18,A9,APO,45,5,W83,E3,PDF,Green,ELEVATED,PLASTIC,DARK,FED,0.124,Final,22
08/04/2021,16,S7,SYM,37,5,W38,E3,PDF,Green,ELEVATED,PLASTIC,DARK,FED,0.185,Final,22
08/04/2021,16,S7,SYM,37,13,W39,E3,PDF,Green,ELEVATED,PLASTIC,DARK,FED,0.123,Final,22
08/04/2021,16,S7,SYM,37,21,W40,E3,PDF,Green,ELEVATED,PLASTIC,DARK,FED,0.217,Final,22
08/04/2021,16,S7,SYM,37,29,W41,E3,PDF,Green,ELEVATED,PLASTIC,DARK,FED,0.104,Final,22
08/04/2021,16,S7,SYM,37,37,W42,E3,PDF,Green,ELEVATED,PLASTIC,DARK,FED,0.281,Final,22
08/05/2021,26,A12,APO,61,5,Y79,E4,PDF,Green,ELEVATED,PLASTIC,DARK,FED,0.034,Final,22
08/05/2021,26,A12,APO,61,13,Y80,E4,PDF,Green,ELEVATED,PLASTIC,DARK,FED,NA,Final,7
08/05/2021,27,A13,APO,61,3,Y82,E4,PDF,Green,ELEVATED,PLASTIC,DARK,FED,0.092,Final,22
08/05/2021,27,A13,APO,61,11,Y83,E4,PDF,Green,ELEVATED,PLASTIC,DARK,FED,0.203,Final,22
08/05/2021,27,A13,APO,61,18,Y84,E4,PDF,Green,ELEVATED,PLASTIC,DARK,FED,0.161,Final,22
08/04/2021,22,S10,SYM,53,5,Y36,E4,PDF,Green,ELEVATED,PLASTIC,DARK,FED,0.128,Final,22
08/04/2021,23,S11,SYM,53,6,Y37,E4,PDF,Green,ELEVATED,PLASTIC,DARK,FED,0.166,Final,22
08/04/2021,24,S12,SYM,53,2,Y38,E4,PDF,Green,ELEVATED,PLASTIC,DARK,FED,0.119,Final,22
08/04/2021,25,S13,SYM,53,1,Y39,E4,PDF,Green,ELEVATED,PLASTIC,DARK,FED,0.240,Final,22
08/04/2021,21,S9,SYM,53,5,Y35,E4,PDF,Green,ELEVATED,PLASTIC,DARK,FED,0.118,Final,22
08/02/2021,5,A1,APO,14,5,G93,F1,PLF,Green,ELEVATED,PLASTIC,LIGHT,FED,0.087,Final,22
08/02/2021,6,A2,APO,14,1,G94,F1,PLF,Green,ELEVATED,PLASTIC,LIGHT,FED,NA,Final,8
08/02/2021,6,A2,APO,14,9,G95,F1,PLF,Green,ELEVATED,PLASTIC,LIGHT,FED,0.149,Final,22
08/03/2021,7,A3,APO,14,3,G97,F1,PLF,Green,ELEVATED,PLASTIC,LIGHT,FED,0.164,Final,22
08/03/2021,7,A3,APO,14,11,G98,F1,PLF,Green,ELEVATED,PLASTIC,LIGHT,FED,0.200,Final,22
08/09/2021,43,S22,SYM,6,3,G44,F1,PLF,Green,ELEVATED,PLASTIC,LIGHT,FED,0.255,Final,22
08/09/2021,46,S25,SYM,6,2,G45,F1,PLF,Green,ELEVATED,PLASTIC,LIGHT,FED,0.201,Final,22
08/09/2021,48,S27,SYM,6,3,G46,F1,PLF,Green,ELEVATED,PLASTIC,LIGHT,FED,0.138,Final,22
08/09/2021,49,S28,SYM,6,4,G47,F1,PLF,Green,ELEVATED,PLASTIC,LIGHT,FED,0.311,Final,22
08/09/2021,50,S29,SYM,6,6,G48,F1,PLF,Green,ELEVATED,PLASTIC,LIGHT,FED,0.085,Final,22
08/03/2021,11,A4,APO,30,6,W1,F2,PLF,Green,ELEVATED,PLASTIC,LIGHT,FED,NA,Final,5
08/03/2021,12,A5,APO,30,2,W2,F2,PLF,Green,ELEVATED,PLASTIC,LIGHT,FED,0.209,Final,22
08/04/2021,12,A5,APO,30,10,B95,F2,PLF,Green,ELEVATED,PLASTIC,LIGHT,FED,NA,Final,7
08/04/2021,12,A5,APO,30,18,B97,F2,PLF,Green,ELEVATED,PLASTIC,LIGHT,FED,0.072,Final,15
08/04/2021,14,A7,APO,30,2,B98,F2,PLF,Green,ELEVATED,PLASTIC,LIGHT,FED,NA,Final,7
08/31/2021,51,S30,SYM,22,1,B50,F2,PLF,Green,ELEVATED,PLASTIC,LIGHT,FED,0.217,Final,22
08/31/2021,51,S30,SYM,22,8,B47,F2,PLF,Green,ELEVATED,PLASTIC,LIGHT,FED,0.150,Final,22
08/03/2021,8,S4,SYM,22,13,B48,F2,PLF,Green,ELEVATED,PLASTIC,LIGHT,FED,0.183,Final,8
08/03/2021,8,S4,SYM,22,22,B49,F2,PLF,Green,ELEVATED,PLASTIC,LIGHT,FED,0.127,Final,22
08/03/2021,10,S6,SYM,22,8,B51,F2,PLF,Green,ELEVATED,PLASTIC,LIGHT,FED,0.067,Final,15
08/04/2021,19,A10,APO,46,4,W93,F3,PLF,Green,ELEVATED,PLASTIC,LIGHT,FED,0.264,Final,22
08/04/2021,20,A11,APO,46,2,W94,F3,PLF,Green,ELEVATED,PLASTIC,LIGHT,FED,0.059,Final,22
08/04/2021,20,A11,APO,46,10,W95,F3,PLF,Green,ELEVATED,PLASTIC,LIGHT,FED,0.115,Final,22
08/04/2021,20,A11,APO,46,18,W97,F3,PLF,Green,ELEVATED,PLASTIC,LIGHT,FED,NA,Final,6
08/04/2021,18,A9,APO,46,6,W92,F3,PLF,Green,ELEVATED,PLASTIC,LIGHT,FED,0.108,Final,22
08/04/2021,16,S7,SYM,38,6,W43,F3,PLF,Green,ELEVATED,PLASTIC,LIGHT,FED,0.124,Final,22
08/04/2021,16,S7,SYM,38,14,W44,F3,PLF,Green,ELEVATED,PLASTIC,LIGHT,FED,0.148,Final,22
08/04/2021,16,S7,SYM,38,22,W45,F3,PLF,Green,ELEVATED,PLASTIC,LIGHT,FED,0.088,Final,22
08/04/2021,16,S7,SYM,38,30,W46,F3,PLF,Green,ELEVATED,PLASTIC,LIGHT,FED,0.166,Final,22
08/04/2021,17,S8,SYM,38,1,W47,F3,PLF,Green,ELEVATED,PLASTIC,LIGHT,FED,0.179,Final,15
08/05/2021,26,A12,APO,62,6,Y85,F4,PLF,Green,ELEVATED,PLASTIC,LIGHT,FED,NA,Final,6
08/05/2021,26,A12,APO,62,14,Y87,F4,PLF,Green,ELEVATED,PLASTIC,LIGHT,FED,NA,Final,6
08/05/2021,27,A13,APO,62,4,Y88,F4,PLF,Green,ELEVATED,PLASTIC,LIGHT,FED,0.149,Final,22
08/05/2021,27,A13,APO,62,19,Y92,F4,PLF,Green,ELEVATED,PLASTIC,LIGHT,FED,0.253,Final,22
08/05/2021,27,A13,APO,62,20,Y93,F4,PLF,Green,ELEVATED,PLASTIC,LIGHT,FED,0.250,Final,22
08/04/2021,22,S10,SYM,54,6,Y41,F4,PLF,Green,ELEVATED,PLASTIC,LIGHT,FED,0.337,Final,22
08/04/2021,23,S11,SYM,54,7,Y42,F4,PLF,Green,ELEVATED,PLASTIC,LIGHT,FED,0.144,Final,22
08/04/2021,24,S12,SYM,54,3,Y43,F4,PLF,Green,ELEVATED,PLASTIC,LIGHT,FED,0.223,Final,22
08/04/2021,25,S13,SYM,54,2,Y44,F4,PLF,Green,ELEVATED,PLASTIC,LIGHT,FED,0.119,Final,22
08/04/2021,21,S9,SYM,54,6,Y40,F4,PLF,Green,ELEVATED,PLASTIC,LIGHT,FED,0.093,Final,8
08/02/2021,5,A1,APO,15,6,B7,G1,NDF,Blue,ELEVATED,NOPLASTIC,DARK,FED,0.113,Final,22
08/02/2021,6,A2,APO,15,10,B10,G1,NDF,Blue,ELEVATED,NOPLASTIC,DARK,FED,0.147,Final,8
08/31/2021,52,A25,APO,15,3,B8,G1,NDF,Blue,ELEVATED,NOPLASTIC,DARK,FED,0.073,Final,8
08/03/2021,7,A3,APO,15,4,B11,G1,NDF,Blue,ELEVATED,NOPLASTIC,DARK,FED,0.281,Final,15
08/03/2021,7,A3,APO,15,12,B12,G1,NDF,Blue,ELEVATED,NOPLASTIC,DARK,FED,0.173,Final,15
08/09/2021,43,S22,SYM,7,4,G49,G1,NDF,Blue,ELEVATED,NOPLASTIC,DARK,FED,0.297,Final,15
08/09/2021,46,S25,SYM,7,3,G50,G1,NDF,Blue,ELEVATED,NOPLASTIC,DARK,FED,0.347,Final,15
08/09/2021,48,S27,SYM,7,4,G51,G1,NDF,Blue,ELEVATED,NOPLASTIC,DARK,FED,0.132,Final,8
08/09/2021,49,S28,SYM,7,5,G52,G1,NDF,Blue,ELEVATED,NOPLASTIC,DARK,FED,0.160,Final,22
08/09/2021,50,S29,SYM,7,7,G53,G1,NDF,Blue,ELEVATED,NOPLASTIC,DARK,FED,0.132,Final,8
08/06/2021,36,A19,APO,96,2,O9975,G2,NDF,Blue,ELEVATED,NOPLASTIC,DARK,FED,0.180,Final,8
08/06/2021,37,A20,APO,96,1,O7681,G2,NDF,Blue,ELEVATED,NOPLASTIC,DARK,FED,0.228,Final,15
08/06/2021,38,A21,APO,96,1,O7096,G2,NDF,Blue,ELEVATED,NOPLASTIC,DARK,FED,0.171,Final,15
08/06/2021,39,A22,APO,96,2,O9174,G2,NDF,Blue,ELEVATED,NOPLASTIC,DARK,FED,0.198,Final,15
08/06/2021,41,A24,APO,96,2,O7398,G2,NDF,Blue,ELEVATED,NOPLASTIC,DARK,FED,0.106,Final,22
08/03/2021,8,S4,SYM,23,7,B52,G2,NDF,Blue,ELEVATED,NOPLASTIC,DARK,FED,0.131,Final,15
08/03/2021,8,S4,SYM,23,14,B53,G2,NDF,Blue,ELEVATED,NOPLASTIC,DARK,FED,0.231,Final,15
08/03/2021,8,S4,SYM,23,23,B54,G2,NDF,Blue,ELEVATED,NOPLASTIC,DARK,FED,NA,Final,8
08/03/2021,10,S6,SYM,23,1,B55,G2,NDF,Blue,ELEVATED,NOPLASTIC,DARK,FED,0.125,Final,15
08/03/2021,10,S6,SYM,23,9,B56,G2,NDF,Blue,ELEVATED,NOPLASTIC,DARK,FED,0.118,Final,15
08/04/2021,19,A10,APO,47,5,Y1,G3,NDF,Blue,ELEVATED,NOPLASTIC,DARK,FED,0.188,Final,22
08/04/2021,20,A11,APO,47,3,Y2,G3,NDF,Blue,ELEVATED,NOPLASTIC,DARK,FED,0.126,Final,15
08/04/2021,20,A11,APO,47,11,Y3,G3,NDF,Blue,ELEVATED,NOPLASTIC,DARK,FED,0.158,Final,15
08/04/2021,20,A11,APO,47,19,Y4,G3,NDF,Blue,ELEVATED,NOPLASTIC,DARK,FED,0.282,Final,8
08/04/2021,18,A9,APO,47,7,W98,G3,NDF,Blue,ELEVATED,NOPLASTIC,DARK,FED,0.150,Final,8
08/04/2021,16,S7,SYM,39,7,W48,G3,NDF,Blue,ELEVATED,NOPLASTIC,DARK,FED,0.073,Final,22
08/04/2021,16,S7,SYM,39,15,W49,G3,NDF,Blue,ELEVATED,NOPLASTIC,DARK,FED,0.099,Final,15
08/04/2021,16,S7,SYM,39,23,W50,G3,NDF,Blue,ELEVATED,NOPLASTIC,DARK,FED,0.211,Final,8
08/04/2021,16,S7,SYM,39,31,W51,G3,NDF,Blue,ELEVATED,NOPLASTIC,DARK,FED,0.282,Final,22
08/04/2021,17,S8,SYM,39,2,W52,G3,NDF,Blue,ELEVATED,NOPLASTIC,DARK,FED,0.147,Final,22
08/05/2021,26,A12,APO,63,7,Y90,G4,NDF,Blue,ELEVATED,NOPLASTIC,DARK,FED,NA,Final,6
08/05/2021,26,A12,APO,63,15,Y94,G4,NDF,Blue,ELEVATED,NOPLASTIC,DARK,FED,NA,Final,6
08/05/2021,27,A13,APO,63,5,Y95,G4,NDF,Blue,ELEVATED,NOPLASTIC,DARK,FED,0.155,Final,8
08/05/2021,27,A13,APO,63,12,Y97,G4,NDF,Blue,ELEVATED,NOPLASTIC,DARK,FED,0.321,Final,8
08/05/2021,27,A13,APO,63,21,O26,G4,NDF,Blue,ELEVATED,NOPLASTIC,DARK,FED,0.182,Final,8
08/04/2021,22,S10,SYM,55,7,Y46,G4,NDF,Blue,ELEVATED,NOPLASTIC,DARK,FED,0.276,Final,8
08/04/2021,23,S11,SYM,55,8,Y47,G4,NDF,Blue,ELEVATED,NOPLASTIC,DARK,FED,0.129,Final,15
08/04/2021,24,S12,SYM,55,4,Y48,G4,NDF,Blue,ELEVATED,NOPLASTIC,DARK,FED,0.263,Final,22
08/04/2021,25,S13,SYM,55,3,Y49,G4,NDF,Blue,ELEVATED,NOPLASTIC,DARK,FED,0.152,Final,15
08/04/2021,21,S9,SYM,55,7,Y45,G4,NDF,Blue,ELEVATED,NOPLASTIC,DARK,FED,0.278,Final,8
08/09/2021,48,S27,SYM,8,5,G56,H1,NLF,Blue,ELEVATED,NOPLASTIC,LIGHT,FED,0.207,Final,22
08/02/2021,5,A1,APO,16,7,B22,H1,NLF,Blue,ELEVATED,NOPLASTIC,LIGHT,FED,0.141,Final,22
08/02/2021,6,A2,APO,16,3,B23,H1,NLF,Blue,ELEVATED,NOPLASTIC,LIGHT,FED,0.098,Final,15
08/02/2021,6,A2,APO,16,11,B24,H1,NLF,Blue,ELEVATED,NOPLASTIC,LIGHT,FED,0.198,Final,22
08/03/2021,7,A3,APO,16,5,B25,H1,NLF,Blue,ELEVATED,NOPLASTIC,LIGHT,FED,0.073,Final,22
08/03/2021,7,A3,APO,16,13,B26,H1,NLF,Blue,ELEVATED,NOPLASTIC,LIGHT,FED,0.299,Final,22
08/09/2021,44,S23,SYM,8,1,G54,H1,NLF,Blue,ELEVATED,NOPLASTIC,LIGHT,FED,0.243,Final,22
08/09/2021,46,S25,SYM,8,4,G55,H1,NLF,Blue,ELEVATED,NOPLASTIC,LIGHT,FED,0.256,Final,22
08/09/2021,49,S28,SYM,8,6,G57,H1,NLF,Blue,ELEVATED,NOPLASTIC,LIGHT,FED,0.127,Final,15
08/09/2021,50,S29,SYM,8,8,G58,H1,NLF,Blue,ELEVATED,NOPLASTIC,LIGHT,FED,0.217,Final,22
08/03/2021,8,S4,SYM,24,15,B57,H2,NLF,Blue,ELEVATED,NOPLASTIC,LIGHT,FED,0.194,Final,22
08/03/2021,8,S4,SYM,24,16,B58,H2,NLF,Blue,ELEVATED,NOPLASTIC,LIGHT,FED,0.073,Final,22
08/03/2021,9,S5,SYM,24,1,B59,H2,NLF,Blue,ELEVATED,NOPLASTIC,LIGHT,FED,0.170,Final,22
08/03/2021,10,S6,SYM,24,2,B60,H2,NLF,Blue,ELEVATED,NOPLASTIC,LIGHT,FED,0.140,Final,22
08/03/2021,10,S6,SYM,24,10,B62,H2,NLF,Blue,ELEVATED,NOPLASTIC,LIGHT,FED,0.072,Final,22
08/31/2021,52,A25,APO,32,10,W12,H2,NLF,Blue,ELEVATED,NOPLASTIC,LIGHT,FED,NA,Final,4
08/03/2021,11,A4,APO,32,8,W10,H2,NLF,Blue,ELEVATED,NOPLASTIC,LIGHT,FED,0.114,Final,15
08/03/2021,12,A5,APO,32,4,W11,H2,NLF,Blue,ELEVATED,NOPLASTIC,LIGHT,FED,0.071,Final,8
08/04/2021,13,A6,APO,32,1,W13,H2,NLF,Blue,ELEVATED,NOPLASTIC,LIGHT,FED,0.125,Final,22
08/04/2021,15,A8,APO,32,1,W14,H2,NLF,Blue,ELEVATED,NOPLASTIC,LIGHT,FED,0.196,Final,15
08/04/2021,20,A11,APO,48,4,Y8,H3,NLF,Blue,ELEVATED,NOPLASTIC,LIGHT,FED,0.129,Final,22
08/04/2021,20,A11,APO,48,12,Y10,H3,NLF,Blue,ELEVATED,NOPLASTIC,LIGHT,FED,0.090,Final,8
08/04/2021,20,A11,APO,48,20,Y11,H3,NLF,Blue,ELEVATED,NOPLASTIC,LIGHT,FED,0.214,Final,22
08/31/2021,52,A25,APO,48,7,Y7,H3,NLF,Blue,ELEVATED,NOPLASTIC,LIGHT,FED,NA,Final,4
08/04/2021,18,A9,APO,48,8,Y5,H3,NLF,Blue,ELEVATED,NOPLASTIC,LIGHT,FED,0.277,Final,22
08/04/2021,16,S7,SYM,40,8,W53,H3,NLF,Blue,ELEVATED,NOPLASTIC,LIGHT,FED,0.199,Final,22
08/04/2021,16,S7,SYM,40,16,W54,H3,NLF,Blue,ELEVATED,NOPLASTIC,LIGHT,FED,0.151,Final,22
08/04/2021,16,S7,SYM,40,24,W55,H3,NLF,Blue,ELEVATED,NOPLASTIC,LIGHT,FED,0.290,Final,22
08/04/2021,16,S7,SYM,40,32,W56,H3,NLF,Blue,ELEVATED,NOPLASTIC,LIGHT,FED,0.249,Final,22
08/04/2021,17,S8,SYM,40,3,W57,H3,NLF,Blue,ELEVATED,NOPLASTIC,LIGHT,FED,0.253,Final,22
08/05/2021,26,A12,APO,64,8,O27,H4,NLF,Blue,ELEVATED,NOPLASTIC,LIGHT,FED,0.415,Final,22
08/05/2021,26,A12,APO,64,16,O29,H4,NLF,Blue,ELEVATED,NOPLASTIC,LIGHT,FED,0.177,Final,22
08/05/2021,27,A13,APO,64,6,O30,H4,NLF,Blue,ELEVATED,NOPLASTIC,LIGHT,FED,0.155,Final,8
08/05/2021,28,A14,APO,64,1,O32,H4,NLF,Blue,ELEVATED,NOPLASTIC,LIGHT,FED,NA,Final,5
08/31/2021,52,A25,APO,64,4,O31,H4,NLF,Blue,ELEVATED,NOPLASTIC,LIGHT,FED,0.281,Final,8
08/04/2021,23,S11,SYM,56,1,Y51,H4,NLF,Blue,ELEVATED,NOPLASTIC,LIGHT,FED,0.097,Final,22
08/04/2021,23,S11,SYM,56,9,Y52,H4,NLF,Blue,ELEVATED,NOPLASTIC,LIGHT,FED,0.186,Final,15
08/04/2021,24,S12,SYM,56,5,Y53,H4,NLF,Blue,ELEVATED,NOPLASTIC,LIGHT,FED,0.279,Final,22
08/04/2021,25,S13,SYM,56,4,Y54,H4,NLF,Blue,ELEVATED,NOPLASTIC,LIGHT,FED,0.230,Final,15
08/04/2021,21,S9,SYM,56,8,Y50,H4,NLF,Blue,ELEVATED,NOPLASTIC,LIGHT,FED,0.259,Final,8
08/05/2021,28,A14,APO,73,2,O77,Tray,control,Tray,AMBIENT,NOPLASTIC,LIGHT,FED,0.143,Final,22
08/05/2021,28,A14,APO,74,3,O83,Tray,control,Tray,AMBIENT,NOPLASTIC,LIGHT,FED,0.153,Final,22
08/05/2021,28,A14,APO,75,4,O89,Tray,control,Tray,AMBIENT,NOPLASTIC,LIGHT,FED,0.160,Final,22
08/05/2021,28,A14,APO,76,5,O95,Tray,control,Tray,AMBIENT,NOPLASTIC,LIGHT,FED,0.177,Final,22
08/05/2021,28,A14,APO,77,6,Y137,Tray,control,Tray,AMBIENT,NOPLASTIC,LIGHT,FED,0.303,Final,22
08/05/2021,28,A14,APO,78,7,Y517,Tray,control,Tray,AMBIENT,NOPLASTIC,LIGHT,FED,0.391,Final,22
08/05/2021,29,A15,APO,79,1,Y2223,Tray,control,Tray,AMBIENT,NOPLASTIC,LIGHT,FED,0.204,Final,22
08/05/2021,29,A15,APO,80,2,Y4839,Tray,control,Tray,AMBIENT,NOPLASTIC,LIGHT,FED,0.133,Final,22
08/05/2021,29,A15,APO,73,3,O78,Tray,control,Tray,AMBIENT,NOPLASTIC,LIGHT,FED,0.098,Final,22
08/05/2021,29,A15,APO,74,4,O84,Tray,control,Tray,AMBIENT,NOPLASTIC,LIGHT,FED,0.356,Final,22
08/05/2021,29,A15,APO,75,5,O90,Tray,control,Tray,AMBIENT,NOPLASTIC,LIGHT,FED,,Final,22
08/05/2021,29,A15,APO,77,7,Y914,Tray,control,Tray,AMBIENT,NOPLASTIC,LIGHT,FED,0.069,Final,22
08/05/2021,29,A15,APO,78,8,Y1819,Tray,control,Tray,AMBIENT,NOPLASTIC,LIGHT,FED,0.218,Final,22
08/05/2021,29,A15,APO,79,9,Y3635,Tray,control,Tray,AMBIENT,NOPLASTIC,LIGHT,FED,0.116,Final,22
08/05/2021,29,A15,APO,80,10,Y5354,Tray,control,Tray,AMBIENT,NOPLASTIC,LIGHT,FED,0.152,Final,22
08/05/2021,30,A16,APO,73,1,O79,Tray,control,Tray,AMBIENT,NOPLASTIC,LIGHT,FED,0.429,Final,22
08/05/2021,30,A16,APO,74,2,O85,Tray,control,Tray,AMBIENT,NOPLASTIC,LIGHT,FED,0.239,Final,22
08/05/2021,30,A16,APO,75,3,O92,Tray,control,Tray,AMBIENT,NOPLASTIC,LIGHT,FED,0.126,Final,22
08/05/2021,30,A16,APO,76,4,O98,Tray,control,Tray,AMBIENT,NOPLASTIC,LIGHT,FED,0.383,Final,22
08/05/2021,30,A16,APO,77,5,Y156,Tray,control,Tray,AMBIENT,NOPLASTIC,LIGHT,FED,0.184,Final,22
08/05/2021,30,A16,APO,78,6,Y2820,Tray,control,Tray,AMBIENT,NOPLASTIC,LIGHT,FED,0.100,Final,22
08/05/2021,30,A16,APO,79,7,Y3433,Tray,control,Tray,AMBIENT,NOPLASTIC,LIGHT,FED,0.395,Final,22
08/05/2021,30,A16,APO,80,8,Y4350,Tray,control,Tray,AMBIENT,NOPLASTIC,LIGHT,FED,0.249,Final,22
08/05/2021,30,A16,APO,73,9,O80,Tray,control,Tray,AMBIENT,NOPLASTIC,LIGHT,FED,0.156,Final,22
08/05/2021,30,A16,APO,74,10,O87,Tray,control,Tray,AMBIENT,NOPLASTIC,LIGHT,FED,0.101,Final,22
08/05/2021,30,A16,APO,75,11,O93,Tray,control,Tray,AMBIENT,NOPLASTIC,LIGHT,FED,0.314,Final,22
08/05/2021,30,A16,APO,76,12,Y210,Tray,control,Tray,AMBIENT,NOPLASTIC,LIGHT,FED,0.520,Final,22
08/05/2021,30,A16,APO,77,13,Y164,Tray,control,Tray,AMBIENT,NOPLASTIC,LIGHT,FED,0.395,Final,22
08/05/2021,30,A16,APO,78,14,Y2129,Tray,control,Tray,AMBIENT,NOPLASTIC,LIGHT,FED,0.260,Final,22
08/05/2021,30,A16,APO,79,15,Y3225,Tray,control,Tray,AMBIENT,NOPLASTIC,LIGHT,FED,0.099,Final,22
08/05/2021,30,A16,APO,80,16,Y4451,Tray,control,Tray,AMBIENT,NOPLASTIC,LIGHT,FED,0.160,Final,22
08/05/2021,30,A16,APO,73,17,O82,Tray,control,Tray,AMBIENT,NOPLASTIC,LIGHT,FED,0.122,Final,22
08/05/2021,30,A16,APO,74,18,O88,Tray,control,Tray,AMBIENT,NOPLASTIC,LIGHT,FED,0.279,Final,22
08/05/2021,30,A16,APO,75,19,O94,Tray,control,Tray,AMBIENT,NOPLASTIC,LIGHT,FED,0.234,Final,22
08/05/2021,30,A16,APO,76,20,Y113,Tray,control,Tray,AMBIENT,NOPLASTIC,LIGHT,FED,0.169,Final,22
08/05/2021,30,A16,APO,77,21,Y128,Tray,control,Tray,AMBIENT,NOPLASTIC,LIGHT,FED,0.358,Final,22
08/05/2021,30,A17,APO,79,2,Y2437,Tray,control,Tray,AMBIENT,NOPLASTIC,LIGHT,FED,0.203,Final,22
08/05/2021,30,A17,APO,80,3,Y4542,Tray,control,Tray,AMBIENT,NOPLASTIC,LIGHT,FED,0.363,Final,22
08/05/2021,31,A17,APO,78,1,Y3130,Tray,control,Tray,AMBIENT,NOPLASTIC,LIGHT,FED,0.228,Final,22
08/06/2021,35,A18,APO,89,1,B3998,Tray,control,Tray,AMBIENT,NOPLASTIC,LIGHT,FED,0.290,Final,22
08/06/2021,35,A18,APO,90,2,G6961,Tray,control,Tray,AMBIENT,NOPLASTIC,LIGHT,FED,0.164,Final,22
08/06/2021,35,A18,APO,91,3,G6166,Tray,control,Tray,AMBIENT,NOPLASTIC,LIGHT,FED,0.074,Final,22
08/06/2021,35,A18,APO,92,4,G8171,Tray,control,Tray,AMBIENT,NOPLASTIC,LIGHT,FED,0.114,Final,22
08/06/2021,35,A18,APO,93,5,G6642,Tray,control,Tray,AMBIENT,NOPLASTIC,LIGHT,FED,0.129,Final,22
08/06/2021,35,A18,APO,94,6,O916,Tray,control,Tray,AMBIENT,NOPLASTIC,LIGHT,FED,0.311,Final,22
08/06/2021,36,A19,APO,95,1,O646,Tray,control,Tray,AMBIENT,NOPLASTIC,LIGHT,FED,0.334,Final,22
08/06/2021,36,A19,APO,89,3,B6947,Tray,control,Tray,AMBIENT,NOPLASTIC,LIGHT,FED,0.141,Final,22
08/06/2021,36,A19,APO,90,4,G618,Tray,control,Tray,AMBIENT,NOPLASTIC,LIGHT,FED,0.147,Final,22
08/06/2021,36,A19,APO,91,5,G1899,Tray,control,Tray,AMBIENT,NOPLASTIC,LIGHT,FED,0.132,Final,22
08/06/2021,36,A19,APO,92,6,G8677,Tray,control,Tray,AMBIENT,NOPLASTIC,LIGHT,FED,0.525,Final,22
08/06/2021,36,A19,APO,93,7,G8180,Tray,control,Tray,AMBIENT,NOPLASTIC,LIGHT,FED,0.129,Final,22
08/06/2021,36,A19,APO,94,8,O6661,Tray,control,Tray,AMBIENT,NOPLASTIC,LIGHT,FED,0.208,Final,22
08/06/2021,36,A19,APO,95,9,O1618,Tray,control,Tray,AMBIENT,NOPLASTIC,LIGHT,FED,0.504,Final,22
08/06/2021,37,A20,APO,89,2,B6334,Tray,control,Tray,AMBIENT,NOPLASTIC,LIGHT,FED,0.136,Final,22
08/06/2021,37,A20,APO,90,3,G681,Tray,control,Tray,AMBIENT,NOPLASTIC,LIGHT,FED,0.166,Final,22
08/06/2021,37,A20,APO,91,4,G1991,Tray,control,Tray,AMBIENT,NOPLASTIC,LIGHT,FED,0.260,Final,22
08/06/2021,37,A20,APO,92,5,G6775,Tray,control,Tray,AMBIENT,NOPLASTIC,LIGHT,FED,0.191,Final,22
08/06/2021,37,A20,APO,93,6,G6991,Tray,control,Tray,AMBIENT,NOPLASTIC,LIGHT,FED,0.184,Final,22
08/06/2021,37,A20,APO,94,7,O986,Tray,control,Tray,AMBIENT,NOPLASTIC,LIGHT,FED,0.297,Final,22
08/06/2021,37,A20,APO,95,8,O6719,Tray,control,Tray,AMBIENT,NOPLASTIC,LIGHT,FED,0.254,Final,22
08/06/2021,38,A21,APO,89,2,B9658,Tray,control,Tray,AMBIENT,NOPLASTIC,LIGHT,FED,0.183,Final,22
08/06/2021,38,A21,APO,90,3,G9868,Tray,control,Tray,AMBIENT,NOPLASTIC,LIGHT,FED,0.074,Final,22
08/06/2021,38,A21,APO,91,4,G9669,Tray,control,Tray,AMBIENT,NOPLASTIC,LIGHT,FED,0.403,Final,22
08/06/2021,38,A21,APO,92,5,G7673,Tray,control,Tray,AMBIENT,NOPLASTIC,LIGHT,FED,0.243,Final,22
08/06/2021,38,A21,APO,93,6,G9877,Tray,control,Tray,AMBIENT,NOPLASTIC,LIGHT,FED,0.142,Final,22
08/06/2021,38,A21,APO,94,7,O1962,Tray,control,Tray,AMBIENT,NOPLASTIC,LIGHT,FED,0.042,Final,22
08/06/2021,39,A22,APO,95,1,O6968,Tray,control,Tray,AMBIENT,NOPLASTIC,LIGHT,FED,0.229,Final,22
08/06/2021,39,A22,APO,89,3,B3366,Tray,control,Tray,AMBIENT,NOPLASTIC,LIGHT,FED,0.225,Final,22
08/06/2021,39,A22,APO,90,4,G9116,Tray,control,Tray,AMBIENT,NOPLASTIC,LIGHT,FED,0.267,Final,22
08/06/2021,39,A22,APO,91,5,G8965,Tray,control,Tray,AMBIENT,NOPLASTIC,LIGHT,FED,0.223,Final,22
08/06/2021,40,A23,APO,92,1,G7472,Tray,control,Tray,AMBIENT,NOPLASTIC,LIGHT,FED,0.439,Final,22
08/06/2021,40,A23,APO,93,2,G4161,Tray,control,Tray,AMBIENT,NOPLASTIC,LIGHT,FED,0.193,Final,22
08/06/2021,40,A23,APO,94,3,O9659,Tray,control,Tray,AMBIENT,NOPLASTIC,LIGHT,FED,0.231,Final,22
08/06/2021,41,A24,APO,95,1,O6566,Tray,control,Tray,AMBIENT,NOPLASTIC,LIGHT,FED,0.241,Final,22
08/31/2021,52,A25,APO,76,1,O97,Tray,control,Tray,AMBIENT,NOPLASTIC,LIGHT,FED,0.224,Final,22
08/03/2021,11,A4,APO,31,7,W3,Tray,control,Tray,AMBIENT,NOPLASTIC,LIGHT,FED,0.151,Final,22
08/03/2021,12,A5,APO,31,3,W4,Tray,control,Tray,AMBIENT,NOPLASTIC,LIGHT,FED,0.272,Final,22
08/04/2021,12,A5,APO,31,11,W5,Tray,control,Tray,AMBIENT,NOPLASTIC,LIGHT,FED,0.194,Final,22
08/04/2021,12,A5,APO,31,19,W7,Tray,control,Tray,AMBIENT,NOPLASTIC,LIGHT,FED,0.177,Final,22
08/04/2021,14,A7,APO,31,3,W8,Tray,control,Tray,AMBIENT,NOPLASTIC,LIGHT,FED,0.270,Final,22
08/05/2021,4,M1,SYM,72,9,O76,Tray,control,Tray,AMBIENT,NOPLASTIC,LIGHT,FED,0.074,Final,22
08/05/2021,29,S14,SYM,65,1,O33,Tray,control,Tray,AMBIENT,NOPLASTIC,LIGHT,FED,0.122,Final,22
08/05/2021,29,S14,SYM,66,2,O38,Tray,control,Tray,AMBIENT,NOPLASTIC,LIGHT,FED,0.149,Final,22
08/05/2021,29,S14,SYM,67,3,O43,Tray,control,Tray,AMBIENT,NOPLASTIC,LIGHT,FED,0.178,Final,22
08/05/2021,29,S14,SYM,68,4,O48,Tray,control,Tray,AMBIENT,NOPLASTIC,LIGHT,FED,0.290,Final,22
08/05/2021,29,S14,SYM,69,5,O53,Tray,control,Tray,AMBIENT,NOPLASTIC,LIGHT,FED,0.229,Final,22
08/05/2021,29,S14,SYM,70,6,O58,Tray,control,Tray,AMBIENT,NOPLASTIC,LIGHT,FED,0.332,Final,22
08/05/2021,29,S14,SYM,71,7,O70,Tray,control,Tray,AMBIENT,NOPLASTIC,LIGHT,FED,0.166,Final,22
08/05/2021,29,S14,SYM,72,8,O64,Tray,control,Tray,AMBIENT,NOPLASTIC,LIGHT,FED,0.072,Final,22
08/05/2021,29,S14,SYM,65,9,O34,Tray,control,Tray,AMBIENT,NOPLASTIC,LIGHT,FED,0.264,Final,22
08/05/2021,29,S14,SYM,66,10,O39,Tray,control,Tray,AMBIENT,NOPLASTIC,LIGHT,FED,,Final,22
08/05/2021,29,S14,SYM,68,12,O49,Tray,control,Tray,AMBIENT,NOPLASTIC,LIGHT,FED,0.110,Final,22
08/05/2021,29,S14,SYM,69,13,O54,Tray,control,Tray,AMBIENT,NOPLASTIC,LIGHT,FED,0.227,Final,22
08/05/2021,29,S14,SYM,70,14,O59,Tray,control,Tray,AMBIENT,NOPLASTIC,LIGHT,FED,0.349,Final,22
08/05/2021,29,S14,SYM,71,15,O71,Tray,control,Tray,AMBIENT,NOPLASTIC,LIGHT,FED,0.091,Final,22
08/05/2021,29,S14,SYM,72,16,O73,Tray,control,Tray,AMBIENT,NOPLASTIC,LIGHT,FED,0.069,Final,22
08/05/2021,29,S14,SYM,65,17,O35,Tray,control,Tray,AMBIENT,NOPLASTIC,LIGHT,FED,0.301,Final,22
08/05/2021,30,S15,SYM,66,1,O40,Tray,control,Tray,AMBIENT,NOPLASTIC,LIGHT,FED,,Final,22
08/05/2021,30,S15,SYM,67,2,O45,Tray,control,Tray,AMBIENT,NOPLASTIC,LIGHT,FED,0.190,Final,22
08/05/2021,30,S15,SYM,69,4,O55,Tray,control,Tray,AMBIENT,NOPLASTIC,LIGHT,FED,0.044,Final,22
08/05/2021,30,S15,SYM,70,5,O60,Tray,control,Tray,AMBIENT,NOPLASTIC,LIGHT,FED,0.197,Final,22
08/05/2021,30,S15,SYM,71,6,O72,Tray,control,Tray,AMBIENT,NOPLASTIC,LIGHT,FED,0.252,Final,22
08/05/2021,30,S15,SYM,72,7,O74,Tray,control,Tray,AMBIENT,NOPLASTIC,LIGHT,FED,0.130,Final,22
08/05/2021,30,S15,SYM,65,8,O36,Tray,control,Tray,AMBIENT,NOPLASTIC,LIGHT,FED,0.102,Final,22
08/05/2021,30,S15,SYM,66,9,O41,Tray,control,Tray,AMBIENT,NOPLASTIC,LIGHT,FED,0.157,Final,22
08/05/2021,30,S15,SYM,67,10,O46,Tray,control,Tray,AMBIENT,NOPLASTIC,LIGHT,FED,0.131,Final,22
08/05/2021,30,S15,SYM,68,11,O51,Tray,control,Tray,AMBIENT,NOPLASTIC,LIGHT,FED,0.156,Final,22
08/05/2021,30,S15,SYM,69,12,O56,Tray,control,Tray,AMBIENT,NOPLASTIC,LIGHT,FED,0.225,Final,22
08/05/2021,30,S15,SYM,70,13,O62,Tray,control,Tray,AMBIENT,NOPLASTIC,LIGHT,FED,0.143,Final,22
08/05/2021,31,S16,SYM,65,3,O37,Tray,control,Tray,AMBIENT,NOPLASTIC,LIGHT,FED,0.106,Final,22
08/05/2021,31,S16,SYM,66,4,O42,Tray,control,Tray,AMBIENT,NOPLASTIC,LIGHT,FED,0.092,Final,22
08/05/2021,31,S16,SYM,67,5,O47,Tray,control,Tray,AMBIENT,NOPLASTIC,LIGHT,FED,0.055,Final,22
08/05/2021,31,S16,SYM,68,6,O52,Tray,control,Tray,AMBIENT,NOPLASTIC,LIGHT,FED,0.236,Final,22
08/05/2021,31,S16,SYM,69,7,O57,Tray,control,Tray,AMBIENT,NOPLASTIC,LIGHT,FED,0.341,Final,22
08/05/2021,31,S16,SYM,70,8,O63,Tray,control,Tray,AMBIENT,NOPLASTIC,LIGHT,FED,0.340,Final,22
08/05/2021,31,S16,SYM,71,1,O65,Tray,control,Tray,AMBIENT,NOPLASTIC,LIGHT,FED,0.226,Final,22
08/05/2021,31,S16,SYM,71,9,O67,Tray,control,Tray,AMBIENT,NOPLASTIC,LIGHT,FED,0.258,Final,22
08/06/2021,31,S17,SYM,81,1,Y4940,Tray,control,Tray,AMBIENT,NOPLASTIC,LIGHT,FED,0.119,Final,22
08/06/2021,31,S17,SYM,82,2,Y7679,Tray,control,Tray,AMBIENT,NOPLASTIC,LIGHT,FED,0.129,Final,22
08/06/2021,31,S17,SYM,83,3,Y7071,Tray,control,Tray,AMBIENT,NOPLASTIC,LIGHT,FED,0.230,Final,22
08/06/2021,31,S17,SYM,84,4,Y9597,Tray,control,Tray,AMBIENT,NOPLASTIC,LIGHT,FED,0.186,Final,22
08/06/2021,31,S17,SYM,85,5,Y6688,Tray,control,Tray,AMBIENT,NOPLASTIC,LIGHT,FED,0.238,Final,22
08/06/2021,31,S17,SYM,86,6,B616,Tray,control,Tray,AMBIENT,NOPLASTIC,LIGHT,FED,0.309,Final,22
08/06/2021,31,S17,SYM,87,7,B266,Tray,control,Tray,AMBIENT,NOPLASTIC,LIGHT,FED,0.343,Final,22
08/06/2021,31,S17,SYM,88,8,B9940,Tray,control,Tray,AMBIENT,NOPLASTIC,LIGHT,FED,0.658,Final,22
08/06/2021,31,S17,SYM,81,9,Y4738,Tray,control,Tray,AMBIENT,NOPLASTIC,LIGHT,FED,0.251,Final,22
08/06/2021,31,S17,SYM,82,10,Y5281,Tray,control,Tray,AMBIENT,NOPLASTIC,LIGHT,FED,0.194,Final,22
08/06/2021,31,S17,SYM,83,11,Y7409,Tray,control,Tray,AMBIENT,NOPLASTIC,LIGHT,FED,0.257,Final,22
08/06/2021,32,S18,SYM,84,1,Y8794,Tray,control,Tray,AMBIENT,NOPLASTIC,LIGHT,FED,0.067,Final,22
08/06/2021,32,S18,SYM,85,2,Y6806,Tray,control,Tray,AMBIENT,NOPLASTIC,LIGHT,FED,0.225,Final,22
08/06/2021,32,S18,SYM,86,3,B189,Tray,control,Tray,AMBIENT,NOPLASTIC,LIGHT,FED,0.282,Final,22
08/06/2021,32,S18,SYM,87,4,B233,Tray,control,Tray,AMBIENT,NOPLASTIC,LIGHT,FED,0.350,Final,22
08/06/2021,32,S18,SYM,88,5,B2759,Tray,control,Tray,AMBIENT,NOPLASTIC,LIGHT,FED,0.376,Final,22
08/06/2021,32,S18,SYM,81,6,Y5755,Tray,control,Tray,AMBIENT,NOPLASTIC,LIGHT,FED,0.125,Final,22
08/06/2021,32,S18,SYM,82,7,Y6359,Tray,control,Tray,AMBIENT,NOPLASTIC,LIGHT,FED,0.176,Final,22
08/06/2021,32,S18,SYM,83,8,Y6908,Tray,control,Tray,AMBIENT,NOPLASTIC,LIGHT,FED,0.245,Final,22
08/06/2021,32,S18,SYM,84,9,Y9885,Tray,control,Tray,AMBIENT,NOPLASTIC,LIGHT,FED,0.091,Final,22
08/06/2021,32,S18,SYM,85,10,Y9278,Tray,control,Tray,AMBIENT,NOPLASTIC,LIGHT,FED,0.237,Final,22
08/06/2021,33,S19,SYM,86,1,B1938,Tray,control,Tray,AMBIENT,NOPLASTIC,LIGHT,FED,0.252,Final,22
08/06/2021,33,S19,SYM,87,2,B919,Tray,control,Tray,AMBIENT,NOPLASTIC,LIGHT,FED,0.308,Final,22
08/06/2021,33,S19,SYM,88,3,B6232,Tray,control,Tray,AMBIENT,NOPLASTIC,LIGHT,FED,0.213,Final,22
08/06/2021,33,S19,SYM,81,4,Y6599,Tray,control,Tray,AMBIENT,NOPLASTIC,LIGHT,FED,0.212,Final,22
08/06/2021,33,S19,SYM,82,5,Y6172,Tray,control,Tray,AMBIENT,NOPLASTIC,LIGHT,FED,0.275,Final,22
08/06/2021,33,S19,SYM,83,6,Y6758,Tray,control,Tray,AMBIENT,NOPLASTIC,LIGHT,FED,0.288,Final,22
08/06/2021,33,S19,SYM,84,7,Y8483,Tray,control,Tray,AMBIENT,NOPLASTIC,LIGHT,FED,0.398,Final,22
08/06/2021,33,S19,SYM,85,8,Y615,Tray,control,Tray,AMBIENT,NOPLASTIC,LIGHT,FED,0.243,Final,22
08/06/2021,33,S19,SYM,87,10,B820,Tray,control,Tray,AMBIENT,NOPLASTIC,LIGHT,FED,0.380,Final,22
08/06/2021,33,S19,SYM,88,11,B5431,Tray,control,Tray,AMBIENT,NOPLASTIC,LIGHT,FED,0.150,Final,22
08/06/2021,33,S19,SYM,81,12,Y4156,Tray,control,Tray,AMBIENT,NOPLASTIC,LIGHT,FED,0.150,Final,22
08/06/2021,33,S19,SYM,82,13,Y8975,Tray,control,Tray,AMBIENT,NOPLASTIC,LIGHT,FED,0.344,Final,22
08/06/2021,33,S19,SYM,83,14,Y7364,Tray,control,Tray,AMBIENT,NOPLASTIC,LIGHT,FED,0.497,Final,22
08/06/2021,33,S19,SYM,84,15,Y8291,Tray,control,Tray,AMBIENT,NOPLASTIC,LIGHT,FED,0.284,Final,22
08/06/2021,34,S20,SYM,85,1,Y9398,Tray,control,Tray,AMBIENT,NOPLASTIC,LIGHT,FED,0.100,Final,22
08/06/2021,34,S20,SYM,86,2,B3941,Tray,control,Tray,AMBIENT,NOPLASTIC,LIGHT,FED,0.162,Final,22
08/06/2021,34,S20,SYM,87,3,B1315,Tray,control,Tray,AMBIENT,NOPLASTIC,LIGHT,FED,0.309,Final,22
08/06/2021,34,S20,SYM,88,4,B5628,Tray,control,Tray,AMBIENT,NOPLASTIC,LIGHT,FED,0.153,Final,22
08/31/2021,51,S30,SYM,67,3,O44,Tray,control,Tray,AMBIENT,NOPLASTIC,LIGHT,FED,0.136,Final,22
08/31/2021,51,S30,SYM,68,4,O50,Tray,control,Tray,AMBIENT,NOPLASTIC,LIGHT,FED,0.161,Final,22
08/31/2021,51,S30,SYM,72,7,O75,Tray,control,Tray,AMBIENT,NOPLASTIC,LIGHT,FED,0.200,Final,22
08/31/2021,51,S30,SYM,86,5,B4037,Tray,control,Tray,AMBIENT,NOPLASTIC,LIGHT,FED,0.276,Final,22